[CGC] Shutdown reminder: use 'kill -TERM' or 'curl /shutdown' for graceful exit. kill -9 will LEAK GPU memory (Metal buffers not freed).
0.00.109.524 I cmn  common_param: common_params_print_info: verbosity = 3 (adjust with the `-lv N` CLI arg)
0.00.110.264 W srv  llama_server: -----------------
0.00.110.266 W srv  llama_server: CORS is set to allow all origins ('*') and no API key is set
0.00.110.266 W srv  llama_server: this can be a security risk (cross-origin attacks)
0.00.110.266 W srv  llama_server: more info: https://github.com/ggml-org/llama.cpp/pull/25655
0.00.110.266 W srv  llama_server: -----------------
0.00.112.004 I srv    load_model: loading model '/Users/alexchuang/Documents/flashkv-devserver/models/gguf/Qwen3.6-35B-A3B-UD-IQ3_XXS.gguf'
0.00.906.893 W model has unused tensor blk.40.attn_norm.weight (size = 8192 bytes) -- ignoring
0.00.906.900 W model has unused tensor blk.40.post_attention_norm.weight (size = 8192 bytes) -- ignoring
0.00.906.908 W model has unused tensor blk.40.attn_q.weight (size = 8912896 bytes) -- ignoring
0.00.906.911 W model has unused tensor blk.40.attn_k.weight (size = 557056 bytes) -- ignoring
0.00.906.914 W model has unused tensor blk.40.attn_v.weight (size = 557056 bytes) -- ignoring
0.00.906.923 W model has unused tensor blk.40.attn_output.weight (size = 4456448 bytes) -- ignoring
0.00.906.927 W model has unused tensor blk.40.attn_q_norm.weight (size = 1024 bytes) -- ignoring
0.00.906.930 W model has unused tensor blk.40.attn_k_norm.weight (size = 1024 bytes) -- ignoring
0.00.906.934 W model has unused tensor blk.40.ffn_gate_inp.weight (size = 1048576 bytes) -- ignoring
0.00.906.937 W model has unused tensor blk.40.ffn_down_exps.weight (size = 64430080 bytes) -- ignoring
0.00.906.943 W model has unused tensor blk.40.ffn_gate_exps.weight (size = 49201152 bytes) -- ignoring
0.00.906.947 W model has unused tensor blk.40.ffn_up_exps.weight (size = 49201152 bytes) -- ignoring
0.00.906.951 W model has unused tensor blk.40.ffn_gate_inp_shexp.weight (size = 4096 bytes) -- ignoring
0.00.906.954 W model has unused tensor blk.40.ffn_gate_shexp.weight (size = 557056 bytes) -- ignoring
0.00.906.958 W model has unused tensor blk.40.ffn_up_shexp.weight (size = 557056 bytes) -- ignoring
0.00.906.961 W model has unused tensor blk.40.ffn_down_shexp.weight (size = 557056 bytes) -- ignoring
0.00.906.966 W model has unused tensor blk.40.nextn.eh_proj.weight (size = 8912896 bytes) -- ignoring
0.00.906.970 W model has unused tensor blk.40.nextn.enorm.weight (size = 8192 bytes) -- ignoring
0.00.906.973 W model has unused tensor blk.40.nextn.hnorm.weight (size = 8192 bytes) -- ignoring
0.00.906.984 W model has unused tensor blk.40.nextn.shared_head_norm.weight (size = 8192 bytes) -- ignoring
llama_model: expert_index built: 30720 entries
CGC Soft Pool init: L0=0 L1=0 (n_slots=143, partition disabled)
llama_expert_cache: L4 metal pool: 143 slots/layer, regions adopted from expert tensors
0.09.327.608 W ggml_metal_init: CGC deadlock watchdog ON (threshold 10000 ms, 60s sampling grace)
0.09.329.587 W ggml_metal_set_n_cb: n_cb = 8, using n_cb > 2 is not recommended and can degrade the performance in some cases
CGC-HOOK: ctx=0x14c827800 il=0 ntok=2 ids=[64 161 125 112 216 89 100 39]
CGC-WARM verify n_past=1 warm=2048 fast=0
CGC-PRE: il=0 st[64]=64 st[161]=-1 st[125]=125 st[112]=112 st[216]=-1 st[89]=89 st[100]=100 st[39]=39
CGC-POST: il=0 st[64]=64 st[161]=0 st[125]=125 st[112]=112 st[216]=6 st[89]=89 st[100]=100 st[39]=39
CGC-HOOK: ctx=0x14c827800 il=1 ntok=2 ids=[193 105 229 249 220 106 181 84]
CGC-WARM verify n_past=1 warm=2048 fast=0
CGC-PRE: il=1 st[193]=-1 st[105]=105 st[229]=-1 st[249]=-1 st[220]=-1 st[106]=106 st[181]=-1 st[84]=84
CGC-SLOT-TABLE-CLAMP: site=pool verify il=1 clamped=113/256  <-- TABLE/LEAF EQUIVALENCE BROKEN: gather reads slot 0 (another expert's weights) while the host leaf writes -1 (loud)
0.09.402.877 W CGC-MMID-ASSERT name=ffn_moe_gate-1 ne02=143 n_ids=16 | id_oob=16 (first=1063628079, total=16) | zero_row=0 (first_id=-1, total=0) | zero_full=0 (first_id=-1, total=0) | src0 ne=[2048,512,143] nb02=335872 ids ne=[8,2] | ids_name='ffn_moe_slots-1' ids_op=37 ids_view_op=41 ids_data=0x13c871f60
0.09.402.887 W CGC-MMID-ASSERT name=ffn_moe_up-1 ne02=143 n_ids=16 | id_oob=16 (first=1063628079, total=32) | zero_row=0 (first_id=-1, total=0) | zero_full=0 (first_id=-1, total=0) | src0 ne=[2048,512,143] nb02=335872 ids ne=[8,2] | ids_name='ffn_moe_slots-1' ids_op=37 ids_view_op=41 ids_data=0x13c871f60
0.09.402.898 W CGC-MMID-ASSERT name=ffn_moe_down-1 ne02=143 n_ids=16 | id_oob=16 (first=1063628079, total=48) | zero_row=0 (first_id=-1, total=0) | zero_full=0 (first_id=-1, total=0) | src0 ne=[512,2048,143] nb02=450560 ids ne=[8,2] | ids_name='ffn_moe_slots-1' ids_op=37 ids_view_op=41 ids_data=0x13c871f60
CGC-HOOK: ctx=0x14c827800 il=2 ntok=2 ids=[168 204 240 161 196 30 85 165]
CGC-PRE: il=2 st[168]=-1 st[204]=-1 st[240]=-1 st[161]=-1 st[196]=-1 st[30]=30 st[85]=85 st[165]=-1
CGC-SLOT-TABLE-CLAMP: site=pool verify il=2 clamped=113/256  <-- TABLE/LEAF EQUIVALENCE BROKEN: gather reads slot 0 (another expert's weights) while the host leaf writes -1 (loud)
0.09.415.642 W CGC-MMID-ASSERT name=ffn_moe_gate-2 ne02=143 n_ids=16 | id_oob=4 (first=235, total=52) | zero_row=0 (first_id=-1, total=0) | zero_full=0 (first_id=-1, total=0) | src0 ne=[2048,512,143] nb02=335872 ids ne=[8,2] | ids_name='ffn_moe_slots-2' ids_op=37 ids_view_op=41 ids_data=0x13c870080
0.09.415.654 W CGC-MMID-ASSERT name=ffn_moe_up-2 ne02=143 n_ids=16 | id_oob=4 (first=235, total=56) | zero_row=0 (first_id=-1, total=0) | zero_full=0 (first_id=-1, total=0) | src0 ne=[2048,512,143] nb02=335872 ids ne=[8,2] | ids_name='ffn_moe_slots-2' ids_op=37 ids_view_op=41 ids_data=0x13c870080
0.09.415.670 W CGC-MMID-ASSERT name=ffn_moe_down-2 ne02=143 n_ids=16 | id_oob=4 (first=235, total=60) | zero_row=0 (first_id=-1, total=0) | zero_full=0 (first_id=-1, total=0) | src0 ne=[512,2048,143] nb02=450560 ids ne=[8,2] | ids_name='ffn_moe_slots-2' ids_op=37 ids_view_op=41 ids_data=0x13c870080
CGC-HOOK: ctx=0x14c827800 il=3 ntok=2 ids=[201 22 65 189 112 23 251 20]
CGC-SLOT-TABLE-CLAMP: site=pool verify il=3 clamped=113/256  <-- TABLE/LEAF EQUIVALENCE BROKEN: gather reads slot 0 (another expert's weights) while the host leaf writes -1 (loud)
0.09.425.046 W CGC-MMID-ASSERT name=ffn_moe_gate-3 ne02=143 n_ids=16 | id_oob=9 (first=192, total=69) | zero_row=0 (first_id=-1, total=0) | zero_full=0 (first_id=-1, total=0) | src0 ne=[2048,512,143] nb02=335872 ids ne=[8,2] | ids_name='ffn_moe_slots-3' ids_op=37 ids_view_op=41 ids_data=0x13c870180
0.09.425.058 W CGC-MMID-ASSERT name=ffn_moe_up-3 ne02=143 n_ids=16 | id_oob=9 (first=192, total=78) | zero_row=0 (first_id=-1, total=0) | zero_full=0 (first_id=-1, total=0) | src0 ne=[2048,512,143] nb02=335872 ids ne=[8,2] | ids_name='ffn_moe_slots-3' ids_op=37 ids_view_op=41 ids_data=0x13c870180
CGC-HOOK: ctx=0x14c827800 il=4 ntok=2 ids=[152 36 147 216 186 89 158 179]
CGC-SLOT-TABLE-CLAMP: site=pool verify il=4 clamped=113/256  <-- TABLE/LEAF EQUIVALENCE BROKEN: gather reads slot 0 (another expert's weights) while the host leaf writes -1 (loud)
CGC-HOOK: ctx=0x14c827800 il=5 ntok=2 ids=[183 78 70 56 76 18 136 50]
CGC-SLOT-TABLE-CLAMP: site=pool verify il=5 clamped=113/256  <-- TABLE/LEAF EQUIVALENCE BROKEN: gather reads slot 0 (another expert's weights) while the host leaf writes -1 (loud)
CGC-HOOK: ctx=0x14c827800 il=6 ntok=2 ids=[46 212 237 26 72 55 30 6]
CGC-SLOT-TABLE-CLAMP: site=pool verify il=6 clamped=113/256  <-- TABLE/LEAF EQUIVALENCE BROKEN: gather reads slot 0 (another expert's weights) while the host leaf writes -1 (loud)
CGC-HOOK: ctx=0x14c827800 il=7 ntok=2 ids=[233 104 3 184 80 164 39 142]
CGC-SLOT-TABLE-CLAMP: site=pool verify il=7 clamped=113/256  <-- TABLE/LEAF EQUIVALENCE BROKEN: gather reads slot 0 (another expert's weights) while the host leaf writes -1 (loud)
CGC-HOOK: ctx=0x14c827800 il=8 ntok=2 ids=[53 148 133 233 85 59 145 161]
CGC-SLOT-TABLE-CLAMP: site=pool verify il=8 clamped=113/256  <-- TABLE/LEAF EQUIVALENCE BROKEN: gather reads slot 0 (another expert's weights) while the host leaf writes -1 (loud)
CGC-HOOK: ctx=0x14c827800 il=9 ntok=2 ids=[199 233 99 130 229 211 140 137]
CGC-SLOT-TABLE-CLAMP: site=pool verify il=9 clamped=113/256  <-- TABLE/LEAF EQUIVALENCE BROKEN: gather reads slot 0 (another expert's weights) while the host leaf writes -1 (loud)
CGC-HOOK: ctx=0x14c827800 il=10 ntok=2 ids=[126 134 147 148 172 149 217 156]
CGC-SLOT-TABLE-CLAMP: site=pool verify il=10 clamped=113/256  <-- TABLE/LEAF EQUIVALENCE BROKEN: gather reads slot 0 (another expert's weights) while the host leaf writes -1 (loud)
CGC-HOOK: ctx=0x14c827800 il=11 ntok=2 ids=[33 32 105 44 117 223 230 97]
CGC-SLOT-TABLE-CLAMP: site=pool verify il=11 clamped=113/256  <-- TABLE/LEAF EQUIVALENCE BROKEN: gather reads slot 0 (another expert's weights) while the host leaf writes -1 (loud)
CGC-HOOK: ctx=0x14c827800 il=12 ntok=2 ids=[176 2 250 10 116 161 21 83]
CGC-SLOT-TABLE-CLAMP: site=pool verify il=12 clamped=113/256  <-- TABLE/LEAF EQUIVALENCE BROKEN: gather reads slot 0 (another expert's weights) while the host leaf writes -1 (loud)
CGC-HOOK: ctx=0x14c827800 il=13 ntok=2 ids=[83 14 170 145 248 158 34 120]
CGC-SLOT-TABLE-CLAMP: site=pool verify il=13 clamped=113/256  <-- TABLE/LEAF EQUIVALENCE BROKEN: gather reads slot 0 (another expert's weights) while the host leaf writes -1 (loud)
CGC-HOOK: ctx=0x14c827800 il=14 ntok=2 ids=[132 204 163 73 253 116 202 248]
CGC-SLOT-TABLE-CLAMP: site=pool verify il=14 clamped=113/256  <-- TABLE/LEAF EQUIVALENCE BROKEN: gather reads slot 0 (another expert's weights) while the host leaf writes -1 (loud)
CGC-HOOK: ctx=0x14c827800 il=15 ntok=2 ids=[134 235 14 206 145 227 1 195]
CGC-SLOT-TABLE-CLAMP: site=pool verify il=15 clamped=113/256  <-- TABLE/LEAF EQUIVALENCE BROKEN: gather reads slot 0 (another expert's weights) while the host leaf writes -1 (loud)
CGC-HOOK: ctx=0x14c827800 il=16 ntok=2 ids=[104 160 171 191 1 172 209 254]
CGC-SLOT-TABLE-CLAMP: site=pool verify il=16 clamped=113/256  <-- TABLE/LEAF EQUIVALENCE BROKEN: gather reads slot 0 (another expert's weights) while the host leaf writes -1 (loud)
CGC-HOOK: ctx=0x14c827800 il=17 ntok=2 ids=[209 192 1 233 196 140 69 44]
CGC-HOOK: ctx=0x14c827800 il=18 ntok=2 ids=[54 152 175 77 144 141 241 200]
CGC-HOOK: ctx=0x14c827800 il=19 ntok=2 ids=[164 115 95 219 122 133 180 212]
CGC-HOOK: ctx=0x14c827800 il=20 ntok=2 ids=[53 233 148 240 133 195 85 161]
CGC-HOOK: ctx=0x14c827800 il=21 ntok=2 ids=[199 130 233 229 211 140 99 68]
CGC-HOOK: ctx=0x14c827800 il=22 ntok=2 ids=[126 147 134 149 148 217 172 156]
CGC-HOOK: ctx=0x14c827800 il=23 ntok=2 ids=[33 223 105 32 117 60 119 44]
CGC-HOOK: ctx=0x14c827800 il=24 ntok=2 ids=[176 250 2 10 116 161 21 244]
CGC-HOOK: ctx=0x14c827800 il=25 ntok=2 ids=[83 14 170 145 248 252 120 96]
CGC-HOOK: ctx=0x14c827800 il=26 ntok=2 ids=[132 204 163 21 253 202 116 165]
CGC-HOOK: ctx=0x14c827800 il=27 ntok=2 ids=[134 14 235 145 195 206 1 227]
CGC-HOOK: ctx=0x14c827800 il=28 ntok=2 ids=[104 171 209 1 191 160 183 155]
CGC-HOOK: ctx=0x14c827800 il=29 ntok=2 ids=[209 192 1 219 233 58 69 196]
CGC-HOOK: ctx=0x14c827800 il=30 ntok=2 ids=[175 152 54 144 91 77 225 92]
CGC-HOOK: ctx=0x14c827800 il=31 ntok=2 ids=[115 164 95 133 122 59 143 180]
CGC-HOOK: ctx=0x14c827800 il=32 ntok=2 ids=[31 255 236 204 104 241 67 47]
CGC-HOOK: ctx=0x14c827800 il=33 ntok=2 ids=[146 110 87 106 51 204 82 66]
CGC-HOOK: ctx=0x14c827800 il=34 ntok=2 ids=[218 246 123 254 244 10 37 66]
CGC-HOOK: ctx=0x14c827800 il=35 ntok=2 ids=[179 171 36 122 53 93 142 254]
CGC-HOOK: ctx=0x14c827800 il=36 ntok=2 ids=[154 188 10 78 153 87 50 135]
CGC-HOOK: ctx=0x14c827800 il=37 ntok=2 ids=[199 129 103 52 238 1 163 171]
CGC-HOOK: ctx=0x14c827800 il=38 ntok=2 ids=[231 198 60 179 69 249 175 45]
CGC-HOOK: ctx=0x14c827800 il=39 ntok=2 ids=[32 187 112 140 184 150 174 25]
CGC-DECPROF: step=1 segs=41 layers=40 total=506.88 ms | wait=208.74 (41%) cb=275.20 (54%) submit=22.94 (5%) ntok=2
CGC-DECPROF top1: L38 wait=5.47 cb=12.62 submit=0.30 ms n=1
CGC-DECPROF top2: L34 wait=5.89 cb=11.04 submit=0.38 ms n=1
CGC-DECPROF top3: L27 wait=7.50 cb=8.85 submit=0.21 ms n=1
CGC-DECPROF top4: L26 wait=5.42 cb=10.64 submit=0.22 ms n=1
CGC-DECPROF top5: L13 wait=5.48 cb=10.06 submit=0.17 ms n=1
CGC-DECPROF top6: L30 wait=5.42 cb=9.88 submit=0.26 ms n=1
CGC-DECPROF top7: L28 wait=5.41 cb=9.03 submit=0.24 ms n=1
CGC-DECPROF top8: L22 wait=5.53 cb=8.85 submit=0.27 ms n=1
CGC-HOOK: ctx=0x14c827800 il=0 ntok=2 ids=[112 249 238 74 216 196 104 105]
CGC-WARM verify n_past=1 warm=2048 fast=0
CGC-PRE: il=0 st[112]=112 st[249]=-1 st[238]=-1 st[74]=74 st[216]=6 st[196]=-1 st[104]=104 st[105]=105
CGC-POST: il=0 st[112]=112 st[249]=11 st[238]=10 st[74]=74 st[216]=6 st[196]=9 st[104]=104 st[105]=105
CGC-HOOK: ctx=0x14c827800 il=1 ntok=2 ids=[214 112 156 250 19 217 65 99]
CGC-WARM verify n_past=1 warm=2048 fast=0
CGC-PRE: il=1 st[214]=-1 st[112]=112 st[156]=-1 st[250]=-1 st[19]=19 st[217]=-1 st[65]=65 st[99]=99
CGC-HOOK: ctx=0x14c827800 il=2 ntok=2 ids=[11 187 217 179 41 95 197 85]
CGC-PRE: il=2 st[11]=-1 st[187]=-1 st[217]=-1 st[179]=-1 st[41]=41 st[95]=95 st[197]=-1 st[85]=85
CGC-HOOK: ctx=0x14c827800 il=3 ntok=2 ids=[163 69 196 126 110 113 78 38]
CGC-HOOK: ctx=0x14c827800 il=4 ntok=2 ids=[27 88 206 235 127 233 188 33]
CGC-HOOK: ctx=0x14c827800 il=5 ntok=2 ids=[64 15 110 60 138 44 13 57]
CGC-HOOK: ctx=0x14c827800 il=6 ntok=2 ids=[138 110 46 40 24 91 173 254]
CGC-HOOK: ctx=0x14c827800 il=7 ntok=2 ids=[221 112 191 200 142 39 241 114]
CGC-HOOK: ctx=0x14c827800 il=8 ntok=2 ids=[123 175 217 17 223 127 92 138]
CGC-HOOK: ctx=0x14c827800 il=9 ntok=2 ids=[72 246 210 95 45 122 136 71]
CGC-HOOK: ctx=0x14c827800 il=10 ntok=2 ids=[175 120 14 100 249 183 179 203]
CGC-HOOK: ctx=0x14c827800 il=11 ntok=2 ids=[180 41 246 96 152 149 143 46]
CGC-HOOK: ctx=0x14c827800 il=12 ntok=2 ids=[4 124 68 24 77 52 216 83]
CGC-HOOK: ctx=0x14c827800 il=13 ntok=2 ids=[231 119 132 221 167 177 114 64]
CGC-HOOK: ctx=0x14c827800 il=14 ntok=2 ids=[217 57 244 211 123 136 191 181]
CGC-HOOK: ctx=0x14c827800 il=15 ntok=2 ids=[225 247 218 191 117 82 48 132]
CGC-HOOK: ctx=0x14c827800 il=16 ntok=2 ids=[89 245 166 88 203 16 107 141]
CGC-HOOK: ctx=0x14c827800 il=17 ntok=2 ids=[96 106 26 171 150 125 25 86]
CGC-HOOK: ctx=0x14c827800 il=18 ntok=2 ids=[100 201 174 32 75 172 94 44]
CGC-HOOK: ctx=0x14c827800 il=19 ntok=2 ids=[41 204 44 221 142 238 207 173]
CGC-HOOK: ctx=0x14c827800 il=20 ntok=2 ids=[17 127 175 217 18 223 11 8]
CGC-HOOK: ctx=0x14c827800 il=21 ntok=2 ids=[72 246 184 210 232 113 127 58]
CGC-HOOK: ctx=0x14c827800 il=22 ntok=2 ids=[120 175 100 50 231 192 82 90]
CGC-HOOK: ctx=0x14c827800 il=23 ntok=2 ids=[180 41 87 152 213 132 96 92]
CGC-HOOK: ctx=0x14c827800 il=24 ntok=2 ids=[53 216 124 4 167 24 58 62]
CGC-HOOK: ctx=0x14c827800 il=25 ntok=2 ids=[167 52 236 132 221 231 119 78]
CGC-HOOK: ctx=0x14c827800 il=26 ntok=2 ids=[217 81 57 136 181 244 211 191]
CGC-HOOK: ctx=0x14c827800 il=27 ntok=2 ids=[247 191 225 218 83 82 48 108]
CGC-HOOK: ctx=0x14c827800 il=28 ntok=2 ids=[158 107 166 93 88 218 18 89]
CGC-HOOK: ctx=0x14c827800 il=29 ntok=2 ids=[106 96 171 25 125 86 112 42]
CGC-HOOK: ctx=0x14c827800 il=30 ntok=2 ids=[31 174 75 32 94 160 141 217]
CGC-HOOK: ctx=0x14c827800 il=31 ntok=2 ids=[121 36 35 19 15 167 173 241]
CGC-HOOK: ctx=0x14c827800 il=32 ntok=2 ids=[252 95 53 112 2 149 8 184]
CGC-HOOK: ctx=0x14c827800 il=33 ntok=2 ids=[127 92 164 39 32 231 229 251]
CGC-HOOK: ctx=0x14c827800 il=34 ntok=2 ids=[63 85 186 26 42 92 133 219]
CGC-HOOK: ctx=0x14c827800 il=35 ntok=2 ids=[72 119 43 84 42 112 203 135]
CGC-HOOK: ctx=0x14c827800 il=36 ntok=2 ids=[45 73 212 201 221 75 56 126]
CGC-HOOK: ctx=0x14c827800 il=37 ntok=2 ids=[72 219 23 138 36 182 156 245]
CGC-HOOK: ctx=0x14c827800 il=38 ntok=2 ids=[209 249 151 120 200 28 193 0]
CGC-HOOK: ctx=0x14c827800 il=39 ntok=2 ids=[2 108 162 40 38 222 217 221]
CGC-DECPROF: step=2 segs=41 layers=40 total=418.45 ms | wait=144.02 (34%) cb=262.11 (63%) submit=12.33 (3%) ntok=2
CGC-DECPROF top1: L25 wait=9.02 cb=12.97 submit=0.29 ms n=1
CGC-DECPROF top2: L38 wait=5.86 cb=11.76 submit=0.29 ms n=1
CGC-DECPROF top3: L33 wait=5.46 cb=10.21 submit=0.29 ms n=1
CGC-DECPROF top4: L37 wait=5.45 cb=10.21 submit=0.29 ms n=1
CGC-DECPROF top5: L26 wait=5.49 cb=9.92 submit=0.26 ms n=1
CGC-DECPROF top6: L32 wait=5.50 cb=8.62 submit=0.26 ms n=1
CGC-DECPROF top7: L30 wait=5.56 cb=7.54 submit=0.30 ms n=1
CGC-DECPROF top8: L36 wait=5.47 cb=7.14 submit=0.31 ms n=1
0.10.323.489 I srv    load_model: initializing, n_slots = 1, n_ctx_slot = 4096, kv_unified = 'false'
0.10.339.347 I srv          init: chat template supports preserving reasoning, consider enabling it via --reasoning-preserve
0.10.339.360 I srv  llama_server: model loaded
0.10.339.366 I srv  llama_server: listening on http://0.0.0.0:8080
0.10.339.366 W srv  llama_server: NOTICE: server default port will be changed to :9931 in a future release
0.10.339.366 W srv  llama_server:         ref: https://github.com/ggml-org/llama.cpp/pull/26508
0.13.668.358 I slot get_availabl: id  0 | task -1 | selected slot by LRU, t_last = -1
0.13.735.899 I slot launch_slot_: id  0 | task 0 | processing task, is_child = 0
CGC-WARM verify n_past=7 warm=2048 fast=0
CGC-PRE: il=0 st[38]=38 st[132]=132 st[129]=129 st[213]=-1 st[21]=21 st[253]=-1 st[244]=-1 st[16]=16
CGC-POST: il=0 st[38]=38 st[132]=132 st[129]=129 st[213]=33 st[21]=21 st[253]=49 st[244]=46 st[16]=16
CGC-WARM verify n_past=7 warm=2048 fast=0
CGC-PRE: il=1 st[214]=14 st[148]=-1 st[161]=-1 st[151]=-1 st[110]=110 st[39]=39 st[212]=3 st[139]=139
CGC-PRE: il=2 st[85]=85 st[138]=138 st[144]=-1 st[197]=18 st[202]=19 st[222]=-1 st[240]=10 st[104]=104
CGC-DECPROF: step=3 segs=41 layers=40 total=1216.42 ms | wait=381.00 (31%) cb=820.37 (67%) submit=15.05 (1%) ntok=8
CGC-DECPROF top1: L34 wait=15.81 cb=30.53 submit=0.26 ms n=1
CGC-DECPROF top2: L36 wait=14.42 cb=30.56 submit=0.27 ms n=1
CGC-DECPROF top3: L25 wait=20.25 cb=24.69 submit=0.25 ms n=1
CGC-DECPROF top4: L33 wait=10.04 cb=33.17 submit=0.32 ms n=1
CGC-DECPROF top5: L32 wait=10.65 cb=32.03 submit=0.26 ms n=1
CGC-DECPROF top6: L37 wait=6.81 cb=33.53 submit=0.32 ms n=1
CGC-DECPROF top7: L35 wait=12.90 cb=26.19 submit=0.29 ms n=1
CGC-DECPROF top8: L24 wait=20.01 cb=18.61 submit=0.24 ms n=1
CGC-WARM verify n_past=15 warm=2048 fast=0
CGC-PRE: il=0 st[129]=129 st[5]=-1 st[190]=28 st[10]=-1 st[3]=-1 st[67]=67 st[244]=46 st[98]=98
CGC-POST: il=0 st[129]=129 st[5]=60 st[190]=28 st[10]=61 st[3]=55 st[67]=67 st[244]=46 st[98]=98
CGC-WARM verify n_past=15 warm=2048 fast=0
CGC-PRE: il=1 st[192]=-1 st[51]=51 st[0]=-1 st[52]=52 st[220]=5 st[237]=8 st[109]=109 st[174]=-1
CGC-PRE: il=2 st[225]=50 st[161]=1 st[134]=134 st[206]=39 st[75]=75 st[30]=30 st[155]=31 st[174]=-1
CGC-SEG: wait 6920.4 cb 14472.2 submit 330.9 us (160)
CGC-DECPROF: step=4 segs=41 layers=40 total=1343.77 ms | wait=373.50 (28%) cb=957.88 (71%) submit=12.39 (1%) ntok=8
CGC-DECPROF top1: L37 wait=17.65 cb=34.60 submit=0.39 ms n=1
CGC-DECPROF top2: L24 wait=10.66 cb=38.35 submit=0.38 ms n=1
CGC-DECPROF top3: L25 wait=9.90 cb=35.77 submit=0.26 ms n=1
CGC-DECPROF top4: L38 wait=6.21 cb=38.47 submit=0.43 ms n=1
CGC-DECPROF top5: L26 wait=16.10 cb=27.75 submit=0.28 ms n=1
CGC-DECPROF top6: L34 wait=9.36 cb=33.55 submit=0.48 ms n=1
CGC-DECPROF top7: L27 wait=10.30 cb=31.09 submit=0.31 ms n=1
CGC-DECPROF top8: L18 wait=19.43 cb=21.30 submit=0.24 ms n=1
CGC-GPUTIME: step=4 segs=40 bufs=352 skipped=8 wait=373.50 gpu_busy_sum=408.29 (109%) gpu_union=361.02 (97%) gap=957.18 (256%) ms
CGC-WARM verify n_past=23 warm=2048 fast=0
CGC-PRE: il=0 st[226]=-1 st[247]=47 st[96]=96 st[80]=80 st[11]=-1 st[93]=93 st[171]=2 st[198]=70
CGC-POST: il=0 st[226]=127 st[247]=47 st[96]=96 st[80]=80 st[11]=86 st[93]=93 st[171]=2 st[198]=70
CGC-WARM verify n_past=23 warm=2048 fast=0
CGC-PRE: il=1 st[254]=92 st[151]=30 st[195]=-1 st[39]=39 st[2]=-1 st[169]=-1 st[193]=2 st[252]=-1
CGC-PRE: il=2 st[71]=-1 st[247]=-1 st[83]=83 st[237]=-1 st[149]=-1 st[201]=-1 st[182]=-1 st[63]=-1
CGC-DECPROF: step=5 segs=41 layers=40 total=1118.95 ms | wait=388.74 (35%) cb=714.39 (64%) submit=15.82 (1%) ntok=8
CGC-DECPROF top1: L36 wait=20.74 cb=19.34 submit=0.37 ms n=1
CGC-DECPROF top2: L34 wait=12.80 cb=25.94 submit=0.50 ms n=1
CGC-DECPROF top3: L32 wait=18.83 cb=18.65 submit=0.29 ms n=1
CGC-DECPROF top4: L38 wait=7.04 cb=29.95 submit=0.31 ms n=1
CGC-DECPROF top5: L33 wait=13.10 cb=22.22 submit=0.36 ms n=1
CGC-DECPROF top6: L31 wait=14.69 cb=20.15 submit=0.52 ms n=1
CGC-DECPROF top7: L35 wait=9.40 cb=24.33 submit=0.42 ms n=1
CGC-DECPROF top8: L22 wait=11.71 cb=21.15 submit=1.85 ms n=1
0.17.430.547 I slot print_timing: id  0 | task 0 | prompt processing, n_tokens =     24, progress = 0.12, t =   3.69 s / 6.50 tokens per second
CGC-WARM verify n_past=31 warm=2048 fast=0
CGC-PRE: il=0 st[129]=129 st[190]=28 st[10]=61 st[3]=55 st[5]=60 st[72]=72 st[100]=100 st[67]=67
CGC-POST: il=0 st[129]=129 st[190]=28 st[10]=61 st[3]=55 st[5]=60 st[72]=72 st[100]=100 st[67]=67
CGC-WARM verify n_past=31 warm=2048 fast=0
CGC-PRE: il=1 st[52]=52 st[56]=56 st[220]=5 st[107]=107 st[237]=8 st[109]=109 st[130]=130 st[51]=51
CGC-PRE: il=2 st[27]=27 st[12]=61 st[67]=67 st[245]=-1 st[61]=-1 st[163]=-1 st[165]=2 st[29]=29
CGC-DECPROF: step=6 segs=41 layers=40 total=812.75 ms | wait=369.04 (45%) cb=432.10 (53%) submit=11.61 (1%) ntok=8
CGC-DECPROF top1: L28 wait=17.00 cb=13.69 submit=0.28 ms n=1
CGC-DECPROF top2: L36 wait=8.56 cb=20.36 submit=0.30 ms n=1
CGC-DECPROF top3: L25 wait=10.66 cb=17.44 submit=0.33 ms n=1
CGC-DECPROF top4: L24 wait=13.64 cb=13.49 submit=0.24 ms n=1
CGC-DECPROF top5: L26 wait=15.51 cb=11.04 submit=0.32 ms n=1
CGC-DECPROF top6: L9 wait=14.98 cb=10.85 submit=0.28 ms n=1
CGC-DECPROF top7: L10 wait=15.77 cb=9.63 submit=0.28 ms n=1
CGC-DECPROF top8: L38 wait=10.30 cb=13.98 submit=0.26 ms n=1
0.18.249.197 I slot print_timing: id  0 | task 0 | prompt processing, n_tokens =     32, progress = 0.15, t =   4.51 s / 7.09 tokens per second
CGC-WARM verify n_past=39 warm=2048 fast=0
CGC-PRE: il=0 st[97]=97 st[166]=-1 st[142]=142 st[113]=-1 st[205]=-1 st[210]=-1 st[10]=61 st[123]=-1
CGC-POST: il=0 st[97]=97 st[166]=30 st[142]=142 st[113]=74 st[205]=38 st[210]=114 st[10]=61 st[123]=88
CGC-WARM verify n_past=39 warm=2048 fast=0
CGC-PRE: il=1 st[34]=-1 st[26]=-1 st[62]=-1 st[59]=-1 st[158]=-1 st[11]=-1 st[157]=117 st[205]=81
CGC-PRE: il=2 st[39]=-1 st[235]=-1 st[149]=130 st[135]=-1 st[0]=-1 st[52]=52 st[158]=82 st[1]=107
CGC-DECPROF: step=7 segs=41 layers=40 total=1249.75 ms | wait=420.79 (34%) cb=817.31 (65%) submit=11.65 (1%) ntok=8
CGC-DECPROF top1: L31 wait=12.34 cb=34.76 submit=0.23 ms n=1
CGC-DECPROF top2: L33 wait=15.68 cb=29.73 submit=0.28 ms n=1
CGC-DECPROF top3: L22 wait=17.92 cb=26.33 submit=0.37 ms n=1
CGC-DECPROF top4: L32 wait=17.80 cb=25.76 submit=0.25 ms n=1
CGC-DECPROF top5: L38 wait=10.94 cb=29.02 submit=0.39 ms n=1
CGC-DECPROF top6: L30 wait=9.45 cb=29.88 submit=0.27 ms n=1
CGC-DECPROF top7: L21 wait=17.85 cb=21.10 submit=0.31 ms n=1
CGC-DECPROF top8: L34 wait=7.38 cb=31.30 submit=0.30 ms n=1
0.19.504.805 I slot print_timing: id  0 | task 0 | prompt processing, n_tokens =     40, progress = 0.19, t =   5.77 s / 6.93 tokens per second
CGC-WARM verify n_past=47 warm=2048 fast=0
CGC-PRE: il=0 st[166]=30 st[97]=97 st[142]=142 st[113]=74 st[205]=38 st[123]=88 st[210]=114 st[150]=10
CGC-POST: il=0 st[166]=30 st[97]=97 st[142]=142 st[113]=74 st[205]=38 st[123]=88 st[210]=114 st[150]=10
CGC-WARM verify n_past=47 warm=2048 fast=0
CGC-PRE: il=1 st[34]=15 st[26]=10 st[11]=103 st[59]=47 st[62]=57 st[107]=107 st[187]=40 st[132]=139
CGC-PRE: il=2 st[39]=79 st[90]=92 st[146]=111 st[189]=89 st[210]=40 st[162]=-1 st[158]=82 st[64]=20
CGC-SEG: wait 8317.9 cb 14552.2 submit 322.8 us (320)
CGC-DECPROF: step=8 segs=41 layers=40 total=764.63 ms | wait=375.90 (49%) cb=377.34 (49%) submit=11.38 (1%) ntok=8
CGC-DECPROF top1: L24 wait=15.20 cb=14.45 submit=0.27 ms n=1
CGC-DECPROF top2: L22 wait=16.65 cb=12.09 submit=0.21 ms n=1
CGC-DECPROF top3: L23 wait=15.57 cb=11.83 submit=0.30 ms n=1
CGC-DECPROF top4: L2 wait=15.36 cb=10.77 submit=0.35 ms n=1
CGC-DECPROF top5: L36 wait=12.75 cb=12.55 submit=0.23 ms n=1
CGC-DECPROF top6: L20 wait=12.88 cb=11.72 submit=0.24 ms n=1
CGC-DECPROF top7: L19 wait=11.95 cb=11.91 submit=0.30 ms n=1
CGC-DECPROF top8: L28 wait=6.51 cb=16.71 submit=0.28 ms n=1
CGC-GPUTIME: step=8 segs=40 bufs=358 skipped=2 wait=375.90 gpu_busy_sum=419.90 (112%) gpu_union=365.15 (97%) gap=393.75 (105%) ms
0.20.275.996 I slot print_timing: id  0 | task 0 | prompt processing, n_tokens =     48, progress = 0.23, t =   6.54 s / 7.34 tokens per second
CGC-WARM verify n_past=55 warm=2048 fast=0
CGC-WARM verify n_past=55 warm=2048 fast=0
CGC-DECPROF: step=9 segs=41 layers=40 total=950.02 ms | wait=413.90 (44%) cb=524.87 (55%) submit=11.25 (1%) ntok=8
CGC-DECPROF top1: L2 wait=17.84 cb=18.45 submit=0.38 ms n=1
CGC-DECPROF top2: L34 wait=16.02 cb=18.62 submit=0.28 ms n=1
CGC-DECPROF top3: L35 wait=18.08 cb=15.93 submit=0.34 ms n=1
CGC-DECPROF top4: L36 wait=18.14 cb=15.48 submit=0.27 ms n=1
CGC-DECPROF top5: L22 wait=17.29 cb=16.18 submit=0.25 ms n=1
CGC-DECPROF top6: L33 wait=13.54 cb=17.78 submit=0.28 ms n=1
CGC-DECPROF top7: L21 wait=16.58 cb=14.54 submit=0.23 ms n=1
CGC-DECPROF top8: L1 wait=17.80 cb=12.42 submit=0.25 ms n=1
0.21.235.344 I slot print_timing: id  0 | task 0 | prompt processing, n_tokens =     56, progress = 0.27, t =   7.50 s / 7.47 tokens per second
CGC-WARM verify n_past=63 warm=2048 fast=0
CGC-WARM verify n_past=63 warm=2048 fast=0
CGC-DECPROF: step=10 segs=41 layers=40 total=755.78 ms | wait=348.13 (46%) cb=396.24 (52%) submit=11.41 (2%) ntok=8
CGC-DECPROF top1: L33 wait=11.58 cb=18.10 submit=0.36 ms n=1
CGC-DECPROF top2: L34 wait=16.91 cb=11.88 submit=0.28 ms n=1
CGC-DECPROF top3: L37 wait=7.24 cb=18.59 submit=0.33 ms n=1
CGC-DECPROF top4: L35 wait=15.00 cb=10.55 submit=0.29 ms n=1
CGC-DECPROF top5: L16 wait=16.02 cb=9.49 submit=0.26 ms n=1
CGC-DECPROF top6: L28 wait=9.56 cb=15.20 submit=0.32 ms n=1
CGC-DECPROF top7: L39 wait=5.00 cb=19.04 submit=0.29 ms n=1
CGC-DECPROF top8: L25 wait=7.48 cb=15.73 submit=0.25 ms n=1
0.21.994.907 I slot print_timing: id  0 | task 0 | prompt processing, n_tokens =     64, progress = 0.31, t =   8.26 s / 7.75 tokens per second
CGC-WARM verify n_past=71 warm=2048 fast=0
CGC-WARM verify n_past=71 warm=2048 fast=0
CGC-DECPROF: step=11 segs=41 layers=40 total=716.61 ms | wait=366.81 (51%) cb=338.09 (47%) submit=11.71 (2%) ntok=8
CGC-DECPROF top1: L32 wait=18.43 cb=11.73 submit=0.27 ms n=1
CGC-DECPROF top2: L33 wait=14.03 cb=15.76 submit=0.29 ms n=1
CGC-DECPROF top3: L31 wait=15.95 cb=8.70 submit=0.27 ms n=1
CGC-DECPROF top4: L2 wait=7.97 cb=16.29 submit=0.25 ms n=1
CGC-DECPROF top5: L30 wait=13.54 cb=9.67 submit=0.30 ms n=1
CGC-DECPROF top6: L6 wait=11.87 cb=11.03 submit=0.30 ms n=1
CGC-DECPROF top7: L10 wait=17.72 cb=4.24 submit=0.31 ms n=1
CGC-DECPROF top8: L5 wait=13.33 cb=7.54 submit=0.29 ms n=1
0.22.717.302 I slot print_timing: id  0 | task 0 | prompt processing, n_tokens =     72, progress = 0.35, t =   8.98 s / 8.02 tokens per second
CGC-WARM verify n_past=79 warm=2048 fast=0
CGC-WARM verify n_past=79 warm=2048 fast=0
CGC-SEG: wait 8635.1 cb 12997.2 submit 307.2 us (480)
CGC-DECPROF: step=12 segs=41 layers=40 total=686.78 ms | wait=354.29 (52%) cb=322.77 (47%) submit=9.72 (1%) ntok=8
CGC-DECPROF top1: L13 wait=19.49 cb=9.78 submit=0.23 ms n=1
CGC-DECPROF top2: L0 wait=3.69 cb=21.57 submit=0.30 ms n=1
CGC-DECPROF top3: L2 wait=7.11 cb=16.21 submit=0.24 ms n=1
CGC-DECPROF top4: L36 wait=16.20 cb=7.08 submit=0.21 ms n=1
CGC-DECPROF top5: L35 wait=13.34 cb=8.72 submit=0.19 ms n=1
CGC-DECPROF top6: L12 wait=13.97 cb=7.66 submit=0.19 ms n=1
CGC-DECPROF top7: L32 wait=10.75 cb=10.12 submit=0.24 ms n=1
CGC-DECPROF top8: L10 wait=12.62 cb=7.85 submit=0.28 ms n=1
CGC-GPUTIME: step=12 segs=40 bufs=357 skipped=3 wait=354.29 gpu_busy_sum=403.44 (114%) gpu_union=346.17 (98%) gap=338.46 (96%) ms
0.23.408.038 I slot print_timing: id  0 | task 0 | prompt processing, n_tokens =     80, progress = 0.38, t =   9.67 s / 8.27 tokens per second
CGC-DECPROF: step=13 segs=41 layers=40 total=612.10 ms | wait=359.89 (59%) cb=243.91 (40%) submit=8.29 (1%) ntok=8
CGC-DECPROF top1: L22 wait=17.94 cb=12.27 submit=0.21 ms n=1
CGC-DECPROF top2: L21 wait=16.79 cb=8.70 submit=0.19 ms n=1
CGC-DECPROF top3: L19 wait=14.20 cb=6.06 submit=0.23 ms n=1
CGC-DECPROF top4: L33 wait=8.07 cb=11.48 submit=0.16 ms n=1
CGC-DECPROF top5: L20 wait=14.95 cb=4.53 submit=0.21 ms n=1
CGC-DECPROF top6: L34 wait=7.13 cb=11.24 submit=0.20 ms n=1
CGC-DECPROF top7: L17 wait=13.22 cb=5.14 submit=0.24 ms n=1
CGC-DECPROF top8: L1 wait=6.38 cb=11.83 submit=0.30 ms n=1
0.24.023.531 I slot print_timing: id  0 | task 0 | prompt processing, n_tokens =     88, progress = 0.42, t =  10.29 s / 8.55 tokens per second
CGC-DECPROF: step=14 segs=41 layers=40 total=735.56 ms | wait=387.85 (53%) cb=340.25 (46%) submit=7.46 (1%) ntok=8
CGC-DECPROF top1: L4 wait=16.45 cb=16.40 submit=0.20 ms n=1
CGC-DECPROF top2: L32 wait=13.70 cb=13.97 submit=0.13 ms n=1
CGC-DECPROF top3: L31 wait=15.97 cb=9.82 submit=0.17 ms n=1
CGC-DECPROF top4: L5 wait=16.58 cb=8.82 submit=0.19 ms n=1
CGC-DECPROF top5: L30 wait=15.66 cb=9.56 submit=0.15 ms n=1
CGC-DECPROF top6: L2 wait=10.55 cb=14.53 submit=0.20 ms n=1
CGC-DECPROF top7: L29 wait=14.86 cb=9.07 submit=0.16 ms n=1
CGC-DECPROF top8: L9 wait=15.90 cb=6.97 submit=0.17 ms n=1
0.24.763.899 I slot print_timing: id  0 | task 0 | prompt processing, n_tokens =     96, progress = 0.46, t =  11.03 s / 8.71 tokens per second
CGC-DECPROF: step=15 segs=41 layers=40 total=643.89 ms | wait=377.85 (59%) cb=255.59 (40%) submit=10.45 (2%) ntok=8
CGC-DECPROF top1: L12 wait=14.10 cb=11.32 submit=0.21 ms n=1
CGC-DECPROF top2: L10 wait=12.13 cb=12.35 submit=0.29 ms n=1
CGC-DECPROF top3: L15 wait=16.18 cb=7.83 submit=0.21 ms n=1
CGC-DECPROF top4: L13 wait=14.57 cb=7.30 submit=0.24 ms n=1
CGC-DECPROF top5: L34 wait=11.38 cb=10.31 submit=0.28 ms n=1
CGC-DECPROF top6: L14 wait=18.11 cb=2.46 submit=0.23 ms n=1
CGC-DECPROF top7: L11 wait=8.00 cb=10.92 submit=0.23 ms n=1
CGC-DECPROF top8: L21 wait=6.16 cb=12.31 submit=0.27 ms n=1
0.25.413.252 I slot print_timing: id  0 | task 0 | prompt processing, n_tokens =    104, progress = 0.50, t =  11.68 s / 8.91 tokens per second
CGC-SEG: wait 8880.6 cb 11517.2 submit 288.2 us (640)
CGC-DECPROF: step=16 segs=41 layers=40 total=716.39 ms | wait=413.10 (58%) cb=292.58 (41%) submit=10.71 (1%) ntok=8
CGC-DECPROF top1: L4 wait=19.38 cb=19.05 submit=0.24 ms n=1
CGC-DECPROF top2: L2 wait=16.12 cb=16.06 submit=0.24 ms n=1
CGC-DECPROF top3: L3 wait=14.04 cb=17.53 submit=0.43 ms n=1
CGC-DECPROF top4: L1 wait=18.31 cb=10.91 submit=0.30 ms n=1
CGC-DECPROF top5: L29 wait=15.88 cb=8.86 submit=0.41 ms n=1
CGC-DECPROF top6: L32 wait=19.38 cb=4.78 submit=0.32 ms n=1
CGC-DECPROF top7: L30 wait=19.18 cb=3.41 submit=0.34 ms n=1
CGC-DECPROF top8: L25 wait=12.94 cb=9.03 submit=0.22 ms n=1
CGC-GPUTIME: step=16 segs=40 bufs=350 skipped=10 wait=413.10 gpu_busy_sum=467.90 (113%) gpu_union=401.99 (97%) gap=305.66 (74%) ms
0.26.139.518 I slot print_timing: id  0 | task 0 | prompt processing, n_tokens =    112, progress = 0.54, t =  12.40 s / 9.03 tokens per second
CGC-DECPROF: step=17 segs=41 layers=40 total=615.01 ms | wait=372.06 (60%) cb=231.62 (38%) submit=11.34 (2%) ntok=8
CGC-DECPROF top1: L18 wait=19.36 cb=4.35 submit=0.28 ms n=1
CGC-DECPROF top2: L17 wait=18.27 cb=4.43 submit=0.33 ms n=1
CGC-DECPROF top3: L2 wait=7.58 cb=12.68 submit=0.25 ms n=1
CGC-DECPROF top4: L13 wait=12.40 cb=7.47 submit=0.23 ms n=1
CGC-DECPROF top5: L20 wait=15.00 cb=4.33 submit=0.32 ms n=1
CGC-DECPROF top6: L15 wait=13.98 cb=4.94 submit=0.32 ms n=1
CGC-DECPROF top7: L4 wait=8.57 cb=10.07 submit=0.33 ms n=1
CGC-DECPROF top8: L16 wait=15.82 cb=2.62 submit=0.39 ms n=1
0.26.758.009 I slot print_timing: id  0 | task 0 | prompt processing, n_tokens =    120, progress = 0.58, t =  13.02 s / 9.22 tokens per second
CGC-DECPROF: step=18 segs=41 layers=40 total=667.50 ms | wait=385.94 (58%) cb=268.89 (40%) submit=12.67 (2%) ntok=8
CGC-DECPROF top1: L36 wait=15.36 cb=11.16 submit=0.38 ms n=1
CGC-DECPROF top2: L2 wait=9.94 cb=15.69 submit=0.32 ms n=1
CGC-DECPROF top3: L34 wait=15.54 cb=9.68 submit=0.35 ms n=1
CGC-DECPROF top4: L31 wait=8.81 cb=14.06 submit=0.40 ms n=1
CGC-DECPROF top5: L33 wait=13.32 cb=9.05 submit=0.35 ms n=1
CGC-DECPROF top6: L4 wait=14.82 cb=6.91 submit=0.33 ms n=1
CGC-DECPROF top7: L37 wait=13.20 cb=7.97 submit=0.40 ms n=1
CGC-DECPROF top8: L1 wait=10.36 cb=10.80 submit=0.33 ms n=1
0.27.429.426 I slot print_timing: id  0 | task 0 | prompt processing, n_tokens =    128, progress = 0.62, t =  13.69 s / 9.35 tokens per second
CGC-DECPROF: step=19 segs=41 layers=40 total=712.81 ms | wait=362.45 (51%) cb=335.21 (47%) submit=15.15 (2%) ntok=8
CGC-DECPROF top1: L38 wait=18.53 cb=9.45 submit=0.37 ms n=1
CGC-DECPROF top2: L15 wait=13.69 cb=14.06 submit=0.35 ms n=1
CGC-DECPROF top3: L36 wait=14.34 cb=8.27 submit=0.37 ms n=1
CGC-DECPROF top4: L11 wait=9.68 cb=12.91 submit=0.34 ms n=1
CGC-DECPROF top5: L2 wait=6.06 cb=16.49 submit=0.40 ms n=1
CGC-DECPROF top6: L14 wait=15.78 cb=5.79 submit=0.54 ms n=1
CGC-DECPROF top7: L4 wait=8.39 cb=12.78 submit=0.38 ms n=1
CGC-DECPROF top8: L37 wait=17.19 cb=3.95 submit=0.41 ms n=1
0.28.147.293 I slot print_timing: id  0 | task 0 | prompt processing, n_tokens =    136, progress = 0.65, t =  14.41 s / 9.44 tokens per second
CGC-SEG: wait 8928.6 cb 10582.8 submit 295.7 us (800)
CGC-DECPROF: step=20 segs=41 layers=40 total=611.20 ms | wait=338.89 (55%) cb=259.55 (42%) submit=12.76 (2%) ntok=8
CGC-DECPROF top1: L21 wait=17.22 cb=9.44 submit=0.30 ms n=1
CGC-DECPROF top2: L22 wait=16.97 cb=8.22 submit=0.29 ms n=1
CGC-DECPROF top3: L20 wait=15.67 cb=4.95 submit=0.30 ms n=1
CGC-DECPROF top4: L16 wait=12.41 cb=7.08 submit=0.32 ms n=1
CGC-DECPROF top5: L2 wait=7.36 cb=11.45 submit=0.35 ms n=1
CGC-DECPROF top6: L17 wait=11.91 cb=6.33 submit=0.33 ms n=1
CGC-DECPROF top7: L4 wait=8.35 cb=9.41 submit=0.29 ms n=1
CGC-DECPROF top8: L33 wait=7.10 cb=10.24 submit=0.30 ms n=1
CGC-GPUTIME: step=20 segs=40 bufs=349 skipped=11 wait=338.89 gpu_busy_sum=359.68 (106%) gpu_union=327.97 (97%) gap=282.67 (83%) ms
0.28.763.326 I slot print_timing: id  0 | task 0 | prompt processing, n_tokens =    144, progress = 0.69, t =  15.03 s / 9.58 tokens per second
CGC-DECPROF: step=21 segs=41 layers=40 total=627.78 ms | wait=405.23 (65%) cb=210.57 (34%) submit=11.98 (2%) ntok=8
CGC-DECPROF top1: L12 wait=17.57 cb=6.56 submit=0.28 ms n=1
CGC-DECPROF top2: L36 wait=14.99 cb=5.71 submit=0.27 ms n=1
CGC-DECPROF top3: L10 wait=14.89 cb=5.65 submit=0.28 ms n=1
CGC-DECPROF top4: L11 wait=13.58 cb=6.31 submit=0.30 ms n=1
CGC-DECPROF top5: L9 wait=17.76 cb=1.62 submit=0.28 ms n=1
CGC-DECPROF top6: L6 wait=15.09 cb=4.21 submit=0.28 ms n=1
CGC-DECPROF top7: L38 wait=15.31 cb=3.25 submit=0.22 ms n=1
CGC-DECPROF top8: L7 wait=13.69 cb=4.75 submit=0.26 ms n=1
0.29.396.941 I slot print_timing: id  0 | task 0 | prompt processing, n_tokens =    152, progress = 0.73, t =  15.66 s / 9.71 tokens per second
CGC-DECPROF: step=22 segs=41 layers=40 total=586.39 ms | wait=345.35 (59%) cb=230.64 (39%) submit=10.40 (2%) ntok=8
CGC-DECPROF top1: L1 wait=17.35 cb=10.75 submit=0.29 ms n=1
CGC-DECPROF top2: L2 wait=13.09 cb=11.12 submit=0.26 ms n=1
CGC-DECPROF top3: L32 wait=17.91 cb=3.15 submit=0.27 ms n=1
CGC-DECPROF top4: L30 wait=14.88 cb=5.46 submit=0.23 ms n=1
CGC-DECPROF top5: L29 wait=13.92 cb=6.12 submit=0.29 ms n=1
CGC-DECPROF top6: L26 wait=9.54 cb=9.21 submit=0.24 ms n=1
CGC-DECPROF top7: L31 wait=14.19 cb=4.10 submit=0.25 ms n=1
CGC-DECPROF top8: L24 wait=8.98 cb=9.29 submit=0.33 ms n=1
0.29.993.534 I slot print_timing: id  0 | task 0 | prompt processing, n_tokens =    160, progress = 0.77, t =  16.26 s / 9.84 tokens per second
CGC-DECPROF: step=23 segs=41 layers=40 total=948.57 ms | wait=382.74 (40%) cb=556.56 (59%) submit=9.27 (1%) ntok=8
CGC-DECPROF top1: L25 wait=13.08 cb=28.50 submit=0.25 ms n=1
CGC-DECPROF top2: L14 wait=17.99 cb=19.24 submit=0.20 ms n=1
CGC-DECPROF top3: L28 wait=18.73 cb=15.18 submit=0.23 ms n=1
CGC-DECPROF top4: L30 wait=14.23 cb=19.61 submit=0.23 ms n=1
CGC-DECPROF top5: L26 wait=11.66 cb=22.04 submit=0.20 ms n=1
CGC-DECPROF top6: L27 wait=16.79 cb=16.52 submit=0.22 ms n=1
CGC-DECPROF top7: L24 wait=10.47 cb=22.34 submit=0.27 ms n=1
CGC-DECPROF top8: L31 wait=5.30 cb=25.76 submit=0.22 ms n=1
0.30.946.740 I slot print_timing: id  0 | task 0 | prompt processing, n_tokens =    168, progress = 0.81, t =  17.21 s / 9.76 tokens per second
CGC-SEG: wait 9016.8 cb 10073.3 submit 291.4 us (960)
CGC-DECPROF: step=24 segs=41 layers=40 total=597.32 ms | wait=379.89 (64%) cb=206.29 (35%) submit=11.14 (2%) ntok=8
CGC-DECPROF top1: L2 wait=19.05 cb=9.67 submit=0.35 ms n=1
CGC-DECPROF top2: L1 wait=17.13 cb=7.11 submit=0.27 ms n=1
CGC-DECPROF top3: L35 wait=15.73 cb=6.28 submit=0.26 ms n=1
CGC-DECPROF top4: L33 wait=17.87 cb=3.73 submit=0.23 ms n=1
CGC-DECPROF top5: L31 wait=13.74 cb=7.56 submit=0.32 ms n=1
CGC-DECPROF top6: L26 wait=9.29 cb=9.86 submit=0.29 ms n=1
CGC-DECPROF top7: L34 wait=16.07 cb=2.69 submit=0.25 ms n=1
CGC-DECPROF top8: L28 wait=12.94 cb=5.79 submit=0.23 ms n=1
CGC-GPUTIME: step=24 segs=40 bufs=356 skipped=4 wait=379.89 gpu_busy_sum=439.06 (116%) gpu_union=370.87 (98%) gap=226.64 (60%) ms
0.31.551.519 I slot print_timing: id  0 | task 0 | prompt processing, n_tokens =    176, progress = 0.85, t =  17.82 s / 9.88 tokens per second
CGC-DECPROF: step=25 segs=41 layers=40 total=379.57 ms | wait=262.06 (69%) cb=94.97 (25%) submit=22.55 (6%) ntok=6
CGC-DECPROF top1: L38 wait=10.99 cb=3.36 submit=0.69 ms n=1
CGC-DECPROF top2: L39 wait=5.57 cb=7.70 submit=0.87 ms n=1
CGC-DECPROF top3: L20 wait=8.24 cb=3.53 submit=0.23 ms n=1
CGC-DECPROF top4: L32 wait=9.12 cb=2.46 submit=0.30 ms n=1
CGC-DECPROF top5: L27 wait=6.14 cb=5.13 submit=0.24 ms n=1
CGC-DECPROF top6: L37 wait=9.16 cb=2.04 submit=0.90 ms n=1
CGC-DECPROF top7: L24 wait=6.97 cb=3.96 submit=0.24 ms n=1
CGC-DECPROF top8: L28 wait=9.47 cb=1.14 submit=0.26 ms n=1
0.31.935.807 I slot print_timing: id  0 | task 0 | prompt processing, n_tokens =    182, progress = 0.88, t =  18.20 s / 10.00 tokens per second
CGC-DECPROF: step=26 segs=41 layers=40 total=1004.36 ms | wait=368.36 (37%) cb=622.64 (62%) submit=13.36 (1%) ntok=8
CGC-DECPROF top1: L31 wait=16.09 cb=28.33 submit=0.34 ms n=1
CGC-DECPROF top2: L32 wait=18.24 cb=23.86 submit=0.40 ms n=1
CGC-DECPROF top3: L38 wait=7.70 cb=29.43 submit=0.31 ms n=1
CGC-DECPROF top4: L34 wait=7.92 cb=26.56 submit=0.34 ms n=1
CGC-DECPROF top5: L29 wait=12.75 cb=21.20 submit=0.52 ms n=1
CGC-DECPROF top6: L30 wait=12.00 cb=21.70 submit=0.38 ms n=1
CGC-DECPROF top7: L2 wait=15.86 cb=15.83 submit=0.35 ms n=1
CGC-DECPROF top8: L28 wait=9.05 cb=22.21 submit=0.40 ms n=1
0.32.962.590 I slot print_timing: id  0 | task 0 | prompt processing, n_tokens =    190, progress = 0.91, t =  19.23 s / 9.88 tokens per second
CGC-DECPROF: step=27 segs=41 layers=40 total=1014.61 ms | wait=415.96 (41%) cb=584.37 (58%) submit=14.29 (1%) ntok=8
CGC-DECPROF top1: L38 wait=17.43 cb=54.03 submit=0.33 ms n=1
CGC-DECPROF top2: L37 wait=16.48 cb=40.65 submit=0.31 ms n=1
CGC-DECPROF top3: L36 wait=17.91 cb=27.98 submit=0.28 ms n=1
CGC-DECPROF top4: L35 wait=13.27 cb=32.45 submit=0.26 ms n=1
CGC-DECPROF top5: L34 wait=12.43 cb=27.36 submit=0.30 ms n=1
CGC-DECPROF top6: L39 wait=5.37 cb=28.32 submit=0.58 ms n=1
CGC-DECPROF top7: L33 wait=8.82 cb=23.45 submit=0.29 ms n=1
CGC-DECPROF top8: L27 wait=15.12 cb=16.92 submit=0.33 ms n=1
0.33.985.642 I slot print_timing: id  0 | task 0 | prompt processing, n_tokens =    198, progress = 0.95, t =  20.25 s / 9.78 tokens per second
0.34.206.618 W CGC-MMID-ASSERT name=ffn_moe_down-25 ne02=143 n_ids=16 | id_oob=16 (first=1041573070, total=189996) | zero_row=0 (first_id=-1, total=4) | zero_full=0 (first_id=-1, total=0) | src0 ne=[512,2048,143] nb02=450560 ids ne=[8,2] | ids_name='ffn_moe_slots-25' ids_op=37 ids_view_op=41 ids_data=0x13c871780
CGC-SEG: wait 8820.3 cb 9945.9 submit 294.9 us (1120)
CGC-DECPROF: step=28 segs=41 layers=40 total=353.93 ms | wait=176.26 (50%) cb=167.06 (47%) submit=10.60 (3%) ntok=2
CGC-DECPROF top1: L38 wait=7.20 cb=5.83 submit=0.37 ms n=1
CGC-DECPROF top2: L24 wait=7.01 cb=5.56 submit=0.22 ms n=1
CGC-DECPROF top3: L35 wait=5.74 cb=6.36 submit=0.30 ms n=1
CGC-DECPROF top4: L18 wait=3.09 cb=8.98 submit=0.24 ms n=1
CGC-DECPROF top5: L25 wait=7.14 cb=4.67 submit=0.20 ms n=1
CGC-DECPROF top6: L30 wait=5.20 cb=6.60 submit=0.30 ms n=1
CGC-DECPROF top7: L32 wait=7.17 cb=4.31 submit=0.27 ms n=1
CGC-DECPROF top8: L34 wait=5.41 cb=5.98 submit=0.29 ms n=1
CGC-GPUTIME: step=28 segs=40 bufs=352 skipped=8 wait=176.26 gpu_busy_sum=174.66 (99%) gpu_union=165.73 (94%) gap=186.56 (106%) ms
0.34.345.091 I slot print_timing: id  0 | task 0 | prompt processing, n_tokens =    200, progress = 0.96, t =  20.61 s / 9.70 tokens per second
CGC-DECPROF: step=29 segs=41 layers=40 total=598.09 ms | wait=296.06 (50%) cb=292.29 (49%) submit=9.73 (2%) ntok=4
CGC-DECPROF top1: L34 wait=4.58 cb=15.27 submit=0.22 ms n=1
CGC-DECPROF top2: L22 wait=8.91 cb=10.81 submit=0.26 ms n=1
CGC-DECPROF top3: L16 wait=10.43 cb=9.14 submit=0.25 ms n=1
CGC-DECPROF top4: L21 wait=9.72 cb=9.30 submit=0.24 ms n=1
CGC-DECPROF top5: L18 wait=8.95 cb=9.26 submit=0.23 ms n=1
CGC-DECPROF top6: L0 wait=7.14 cb=10.20 submit=0.25 ms n=1
CGC-DECPROF top7: L23 wait=7.01 cb=10.20 submit=0.26 ms n=1
CGC-DECPROF top8: L33 wait=4.51 cb=12.12 submit=0.25 ms n=1
0.34.960.830 I slot print_timing: id  0 | task 0 | prompt processing, n_tokens =    204, progress = 0.98, t =  21.22 s / 9.61 tokens per second
CGC-DECPROF: step=30 segs=41 layers=40 total=721.81 ms | wait=384.07 (53%) cb=328.70 (46%) submit=9.04 (1%) ntok=4
CGC-DECPROF top1: L38 wait=10.78 cb=16.53 submit=0.18 ms n=1
CGC-DECPROF top2: L29 wait=10.74 cb=14.85 submit=0.20 ms n=1
CGC-DECPROF top3: L25 wait=10.93 cb=12.72 submit=0.21 ms n=1
CGC-DECPROF top4: L34 wait=10.79 cb=11.55 submit=0.17 ms n=1
CGC-DECPROF top5: L26 wait=9.14 cb=12.69 submit=0.21 ms n=1
CGC-DECPROF top6: L24 wait=10.70 cb=10.61 submit=0.22 ms n=1
CGC-DECPROF top7: L22 wait=8.98 cb=11.62 submit=0.36 ms n=1
CGC-DECPROF top8: L32 wait=9.82 cb=10.32 submit=0.24 ms n=1
CGC-S1: OUT phase=dec graph=0 il=0 ne=[2048 8 1] fnv1a64=b5ab44355bb5707d vals=[0.00508066 -0.015435 -0.0122347 0.0050632 0.00906066 -0.00178845 -0.0211432 0.00186218]
CGC-S1: OUTSET phase=dec graph=0 il=0 nrows=8 set=47b8e354684baf6c rows=[a7c2fe551dec87e7 7fce2961475560b4 ea892ef93cf35355 a975ae2121b5633d 4a989035fa4a75da 5495db87e9c01109 9c4745e7ff17fd48 4db65a08a0631d5a]
CGC-S1: OUT phase=dec graph=0 il=1 ne=[2048 8 1] fnv1a64=55c4376e9c76788c vals=[-0.0180132 -0.00290691 0.00484356 7.10307e-05 0.00767023 0.00819049 0.00806619 0.00491923]
CGC-S1: OUTSET phase=dec graph=0 il=1 nrows=8 set=1ad69939bd990053 rows=[c751c01003ff6ed3 1e8d1de61550fadf e8996132bed61397 4dbb156b9f574f7a 3e3d4e3221ebcfb3 c7c6835242496dd4 97a04f2b4fd5c86c 6419bc996514f851]
CGC-S1: OUT phase=dec graph=0 il=2 ne=[2048 8 1] fnv1a64=405b9c2d5a03a545 vals=[0.000979089 -0.00197788 0.00826905 -0.000903154 -0.00293557 -0.00548594 -0.0162186 -0.00669566]
CGC-S1: OUTSET phase=dec graph=0 il=2 nrows=8 set=ec5c98d0425ac774 rows=[9307cd7ff939c5e1 908173eca941c2e2 a4a41cc344a97f10 87e19eca951cdad7 efd2742eb7787d9a dd4d82ce43294a25 96545a16dd44ab0e a3f16dab3fc072b7]
CGC-S1: OUT phase=dec graph=0 il=3 ne=[2048 8 1] fnv1a64=547e719edebcec1f vals=[0.0215835 -0.0155097 -0.0060523 0.00293377 -0.0128205 -0.00342368 -0.0102496 -0.00935634]
CGC-S1: OUTSET phase=dec graph=0 il=3 nrows=8 set=f33bd88258fbaab3 rows=[767a1f2761f7bebc 18f7259d8530a323 40c5104c78b1aa40 81408272b470806d 36542970c3af3ab5 f73efc92fcef9334 2c46899b28d343cd 9f9beda36ac4c4b6]
CGC-S1: OUT phase=dec graph=0 il=4 ne=[2048 8 1] fnv1a64=86c8b05ebe8b3494 vals=[-0.00556235 -0.0121061 0.0103922 0.00301724 -0.00252674 -0.0327145 -0.0262696 -0.0033678]
CGC-S1: OUTSET phase=dec graph=0 il=4 nrows=8 set=36ea1b95f9c8dd52 rows=[2bf8db3da6999e93 09c909c5f072ac0f ca869ba88b3e3be1 7acd601db676e089 102205aafec7c576 cb8c1e6ddd285fe7 a006f20d1c660dd2 8e72df8e54a8098c]
CGC-S1: OUT phase=dec graph=0 il=5 ne=[2048 8 1] fnv1a64=c86016580bf0b5a4 vals=[0.00805535 -0.0352329 -0.0298532 0.0273414 0.0211351 0.0130036 0.00216173 0.00201903]
CGC-S1: OUTSET phase=dec graph=0 il=5 nrows=8 set=03f445597db19a7a rows=[df61f92fad4454a9 a812d7ec002d7bce 0ba2a31c73106388 7b59963071df7e3d f9e7ebfe628ffecf 6594a4fb1decffea 0385ab5799063769 8a51695d0102dc65]
CGC-S1: OUT phase=dec graph=0 il=6 ne=[2048 8 1] fnv1a64=bb286e95525c5383 vals=[-0.0127437 -0.0175908 0.0265331 0.0146637 -0.0261994 -0.000808165 -0.00671714 -0.017774]
CGC-S1: OUTSET phase=dec graph=0 il=6 nrows=8 set=850c6a83ec19c9af rows=[c5044bbf763a6285 9044f959fe6ad35d a0861dcc2a80d5ce 1ff4c3eefc3a98d2 c9efdd701df95e8f 847869cc2e6eb4a4 c0dccb20a1670de4 e6589deea1689663]
CGC-S1: OUT phase=dec graph=0 il=7 ne=[2048 8 1] fnv1a64=2edfb608c732a36e vals=[0.0416128 0.0365355 0.00445893 0.000171904 0.0361873 0.0251572 -0.0275434 -0.000940518]
CGC-S1: OUTSET phase=dec graph=0 il=7 nrows=8 set=ee5c53326b5e5bde rows=[2183050fbfe62ca2 88b6a9cfc5dc4af1 d2493ae670250837 93d89931f88078d3 d28fc3dcc5b13ddb c480a931eef9594d 199efe94e9f8f272 bae689931c1014b2]
CGC-S1: OUT phase=dec graph=0 il=8 ne=[2048 8 1] fnv1a64=5a6ceca228a9dd85 vals=[0.00711808 0.0313591 0.00821178 -0.0172699 -0.000997797 -0.00458923 -0.020512 0.00398369]
CGC-S1: OUTSET phase=dec graph=0 il=8 nrows=8 set=3d4e54eb996e79a8 rows=[cbd3a8376f43da45 6ea49f29d44b1909 98e357bc20dee1bd 59d3836e1f75dfbc 6f0b52d4240c4ee6 88a835595ace779b 2306dff1edb65741 a1e82d58382f2e0f]
CGC-S1: OUT phase=dec graph=0 il=9 ne=[2048 8 1] fnv1a64=07f6c097a3d1dfbe vals=[-0.0113093 0.00474532 0.0225211 0.00699669 -0.00396026 -0.0326268 0.00570828 0.00568689]
CGC-S1: OUTSET phase=dec graph=0 il=9 nrows=8 set=dabea215b0310624 rows=[6d2166341ad16cf7 decdfc030aaf57fa f52104d0525e15f4 3dc40a9248611451 d9c33ef6de9c6453 4b5f3975295d278f 5d9a55175b6adc8d 9cc81f31b13961a8]
CGC-S1: OUT phase=dec graph=0 il=10 ne=[2048 8 1] fnv1a64=e3b46259335a13a4 vals=[0.0613952 -0.0474092 -0.0583044 0.0215739 0.0301953 -0.0634052 0.101592 0.0272792]
CGC-S1: OUTSET phase=dec graph=0 il=10 nrows=8 set=6c33be0808d5abb5 rows=[00b47ca4ddd0a4c1 6f2e691a24651a4f db34d9e8ac4a8024 c994c5fa93ba7c48 610ead885a8445ae 01b508f450477f07 a6c9ce3c3b62c8da 99c8b69799e1f19e]
CGC-S1: OUT phase=dec graph=0 il=11 ne=[2048 8 1] fnv1a64=a8df6e9aa7fa3c3c vals=[0.00758378 0.0381696 -0.0171074 -0.0128973 -0.00386008 0.0184695 -0.00172433 0.0426857]
CGC-S1: OUTSET phase=dec graph=0 il=11 nrows=8 set=f2fbffcabe05d0a7 rows=[fa0a60a0daea0ca3 bd1b9a90aef3b953 32f29373a1f9f354 d588651214e6b0c8 41267aa0fc12d3f2 127eb75bc5f7b0d3 39edc72b1b322579 15d8abb74b32fe8b]
CGC-S1: OUT phase=dec graph=0 il=12 ne=[2048 8 1] fnv1a64=51262a3179f1e387 vals=[-0.030498 0.0643637 -0.048977 0.0928028 0.016259 0.0358229 0.00558585 -0.0602654]
CGC-S1: OUTSET phase=dec graph=0 il=12 nrows=8 set=0f2a50b9c5960ebe rows=[152745c596b1d848 ea948e2afa929e05 e6f6efb0dc3d6977 2061bf17450a0ea2 d9303b99730f12bc c8b013fea1a11ad5 23bce6535a9f5a47 655ca8bf6596bf52]
CGC-S1: OUT phase=dec graph=0 il=13 ne=[2048 8 1] fnv1a64=3429f788a9714c71 vals=[-0.020501 0.0176673 0.0243511 -0.0233002 0.000850211 -0.0184667 -0.0200578 0.0248689]
CGC-S1: OUTSET phase=dec graph=0 il=13 nrows=8 set=4ea630a6c33bf7fd rows=[a2e42f1335d6e11b 90c39298092a02ed f9f1250e979b52b1 59895c3b50387924 0619acf5f51ecc09 77623489c608d70b 24b6ce095131f55a f47c0469a380cd7d]
CGC-S1: OUT phase=dec graph=0 il=14 ne=[2048 8 1] fnv1a64=a749c3c24229d688 vals=[0.059767 0.0178493 -0.00953268 0.0458985 -0.0342656 0.004681 0.0274781 0.0183737]
CGC-S1: OUTSET phase=dec graph=0 il=14 nrows=8 set=723e8f9eadea94c6 rows=[713e6e91543aa920 de2b0a8e7fe02be2 c366bbc2476167bc 5fee721565095bb4 220b55741c3a72e8 3adffd334dc5c97e 7a89349e104a360e ab4f18eeb8ad341d]
CGC-S1: OUT phase=dec graph=0 il=15 ne=[2048 8 1] fnv1a64=255fe1fa1d5a465d vals=[-0.00502826 -0.0171347 0.0300359 -0.0640698 -0.0147881 0.00658829 0.0133282 -0.0129661]
CGC-S1: OUTSET phase=dec graph=0 il=15 nrows=8 set=03b1854d4bf3946d rows=[8ef580917cc31384 81897b5b93a90ab1 2d92fd03451ee474 fd5e8423bcc3fd8c 31cbac949798dd71 05aa750dd66b921e 370561ef3c5af66a 8cb912df3dbd4026]
CGC-S1: OUT phase=dec graph=0 il=16 ne=[2048 8 1] fnv1a64=b76602e9de60dff6 vals=[-0.0301808 4.24534e-05 -0.00932527 0.0259372 0.0382355 0.0105189 -0.0397669 -0.0558759]
CGC-S1: OUTSET phase=dec graph=0 il=16 nrows=8 set=dafadce9489ddc72 rows=[8f4c2dd820e97aa1 bf610f308ca755f2 8b9ff16a24721ef0 b07b78d2cec834e5 ddeaf0e880847043 1a7881a417e42179 35d9da4f450b712d c6ca8ba82d2216dc]
CGC-S1: OUT phase=dec graph=0 il=17 ne=[2048 8 1] fnv1a64=f692853f561f6da2 vals=[-0.000366982 -0.0430234 -0.05449 0.016001 -0.00950718 0.0138744 0.036858 0.0496196]
CGC-S1: OUTSET phase=dec graph=0 il=17 nrows=8 set=580f48e75efddaed rows=[a3218e29d7ed1d74 c9f6bda206f89e87 19bf708d00131f9b 16b9023bc956071e b61a7e1f6ba49cca dad78114b1fd0db0 7cbed1ef7f144276 ad1d84b86cadb12b]
CGC-S1: OUT phase=dec graph=0 il=18 ne=[2048 8 1] fnv1a64=1cf0e27bedb2b7f4 vals=[-0.0151222 -0.000887024 -0.00939524 0.0121689 0.0112875 -0.0182865 0.0174946 0.00148722]
CGC-S1: OUTSET phase=dec graph=0 il=18 nrows=8 set=8d34ae831279f922 rows=[60399402ffd04019 bcbdffd19bc8751f adabea277b9f1567 18f81171d99ee1aa ac6d2dcfd0d12201 ff0d88458c42f54f 0b686cbc16a9eeca df26ae348e415dc0]
CGC-S1: OUT phase=dec graph=0 il=19 ne=[2048 8 1] fnv1a64=7a0b298ae6a191cf vals=[-0.0667471 0.0552101 -0.0347625 -0.0135749 0.019866 -0.00249292 -0.0438368 0.0405988]
CGC-S1: OUTSET phase=dec graph=0 il=19 nrows=8 set=55a6874ea9b5c59b rows=[67368db8a33d7d66 b44325e41fba4cf5 f77a29144188cafd 001f057f567eafe7 9072d75b17f2aec5 7ec6c7fe947a1c00 f13b3d8cd774a46e 57c12752bb5825a2]
CGC-S1: OUT phase=dec graph=0 il=20 ne=[2048 8 1] fnv1a64=bd69008d77f9df80 vals=[-0.0312377 0.0526515 -0.0533152 0.00973624 -0.0222298 0.0140276 -0.0183274 0.0146651]
CGC-S1: OUTSET phase=dec graph=0 il=20 nrows=8 set=32286a62f80883c0 rows=[980dcde8fda3b273 498086347b95e672 beea98e49c9e4bab 8e906ffead34f984 6ac80215f69ef2e3 8812ac6323e2b83a 59973f1405c3a6a6 8640bf8d10491c6e]
CGC-S1: OUT phase=dec graph=0 il=21 ne=[2048 8 1] fnv1a64=f96c1d21a81ed6df vals=[0.0293959 -0.0278763 -0.0647909 -0.0219482 0.0597983 -0.00742937 0.0171 -0.00595096]
CGC-S1: OUTSET phase=dec graph=0 il=21 nrows=8 set=2ca5b60d6f12ef0f rows=[c87b267b6d3acb2e b35e8d630ccd6e3b 7d5f3db49dd31038 e5b513880e3298a1 e83d57525253a0e2 5468dc9deb3dc3ab 62c6c620fb82d7ca e6a6153c7a840c67]
CGC-S1: OUT phase=dec graph=0 il=22 ne=[2048 8 1] fnv1a64=7cec8a72c5bd1861 vals=[0.00714932 0.0123227 0.0411257 -0.030739 -0.0478712 0.00300858 0.102858 0.00990991]
CGC-S1: OUTSET phase=dec graph=0 il=22 nrows=8 set=baa05afc95064d19 rows=[e3f0ac8687c6a2e2 6447a57bb433018f b6c03dbbebff44e7 adaf2c7918733ae3 a368298855ab08b5 c0866cde603b2a07 b57254995a5de15a bed53600b71747bf]
CGC-S1: OUT phase=dec graph=0 il=23 ne=[2048 8 1] fnv1a64=5e7582e95bd27123 vals=[-0.0254842 -0.0274442 -0.0327362 -0.0404435 0.0557474 0.0115605 -0.0740374 0.0331197]
CGC-S1: OUTSET phase=dec graph=0 il=23 nrows=8 set=9a9156039be1ead9 rows=[331b16bb4e4ee8fe 9d2f5f894821e780 746dc2bb898e8661 f9cd54baa5bf9ed1 94702878a12d9eee 6ea51a688ccba051 5376ceb907972d6d f83a54cde7f82754]
CGC-S1: OUT phase=dec graph=0 il=24 ne=[2048 8 1] fnv1a64=82955ecfca4c6ee2 vals=[-0.0507943 0.00980822 0.0700686 0.0152421 -0.00810805 0.0563646 0.0408741 -0.0506641]
CGC-S1: OUTSET phase=dec graph=0 il=24 nrows=8 set=a82e2dc7b9744827 rows=[7c53c60e32d5bf0b 4ed1855ad6cf6513 fc7f2c418d9d2c60 a935337848f71268 4685794b1330f1e8 f12ba78aa2128b5c 021989afbcafeb9b af35aee43f5df202]
CGC-S1: OUT phase=dec graph=0 il=25 ne=[2048 8 1] fnv1a64=7e111de395a07fb1 vals=[0.0609637 -0.00455055 0.0986088 -0.0520339 -0.0704724 0.0267522 0.061479 0.0282603]
CGC-S1: OUTSET phase=dec graph=0 il=25 nrows=8 set=021af90c74c06556 rows=[4dad4e400f59ccc6 06f9157e188ff2de d4cbcafe1b7af88b 0681e5bfc5e2efbf 48d5f62061719210 c4b129d13f9b0e47 b3918afef95e8139 29e1e0838731e8c0]
CGC-S1: OUT phase=dec graph=0 il=26 ne=[2048 8 1] fnv1a64=288615bd64279037 vals=[0.0230321 -0.0335421 0.00260866 -0.0155625 -0.00528646 0.0195254 0.0535168 -0.0151683]
CGC-S1: OUTSET phase=dec graph=0 il=26 nrows=8 set=27e0d8c6ff2e4531 rows=[958833eddf7da617 e25d37b6ab144818 16541f366d420075 d2fef0abd36500f3 73a353a36512c5f2 7d9b8928a7ffddca e971eae5300e77d9 c29167d7ade144ec]
CGC-S1: OUT phase=dec graph=0 il=27 ne=[2048 8 1] fnv1a64=56358141283c7e3d vals=[0.044535 -0.0418722 -0.00753824 0.012893 -0.0589065 -0.0315849 0.0366867 0.030417]
CGC-S1: OUTSET phase=dec graph=0 il=27 nrows=8 set=397018deaa83e7fb rows=[d1f93edaf9897c73 c6a41dcb5cdbb4af 678b3f661750c4f5 c7bb35d31804bf7d 796ff39398272a60 e215b334c41756f9 42b53abacd38f10b a30bfa1cff0e6c04]
CGC-S1: OUT phase=dec graph=0 il=28 ne=[2048 8 1] fnv1a64=224100a1c87b7334 vals=[-0.0424606 -0.0251744 -0.101253 0.00836742 -0.0573074 -0.0604695 0.0972183 0.044723]
CGC-S1: OUTSET phase=dec graph=0 il=28 nrows=8 set=145dfda8ac402c59 rows=[7ad7ea07097fe8a0 8778de0a2b72d250 3262480a11e8ac00 c344de233a1ceb84 c11074a84bd60399 b13830bb620fd8ae b3161f96d059ea27 d211fd9d322d72d3]
CGC-S1: OUT phase=dec graph=0 il=29 ne=[2048 8 1] fnv1a64=0230a523e0c0395c vals=[0.0160001 -0.03903 -0.0558127 -0.00720429 0.032217 0.0129393 -0.0153101 -0.00790578]
CGC-S1: OUTSET phase=dec graph=0 il=29 nrows=8 set=268b6cb867414aaa rows=[1fb5dc0c120f8989 277235a665aef306 7460f68e200d5433 27e6dda30c867096 a8e8a730e6caecd0 490abd8eaf8d6f5e 910f083a09e9f420 f1446e2d963735ff]
CGC-S1: OUT phase=dec graph=0 il=30 ne=[2048 8 1] fnv1a64=1f62d6d9b68523c2 vals=[-0.0696722 -0.0477347 -0.00348569 -0.014166 -0.045144 -0.00816478 0.045413 -0.0108683]
CGC-S1: OUTSET phase=dec graph=0 il=30 nrows=8 set=6a5305b03042ad94 rows=[f88481286376cc1a 14b645c2f507820f 26a29880d8aab92b e67912ac55164ef7 82b7d03998c33ed3 965afdf9500a4baa 9fe8b831c9a1d414 2bb0618677bec3c1]
CGC-S1: OUT phase=dec graph=0 il=31 ne=[2048 8 1] fnv1a64=0a0e8dc987ca5726 vals=[0.164736 -0.0930994 0.170782 -0.109723 0.0204351 -0.0449812 -0.0759746 -0.0938708]
CGC-S1: OUTSET phase=dec graph=0 il=31 nrows=8 set=1268bace2e196b6b rows=[553b76a2f44c122e a3e46b778a0ec8eb ce3cbe049d152bd0 565c197b2746b792 02acebfc1d4b59f7 6f01206d71015864 3bc65d217cd18340 99a9e90260575379]
CGC-S1: OUT phase=dec graph=0 il=32 ne=[2048 8 1] fnv1a64=9082ecd28eb60589 vals=[0.0283054 0.0245219 0.00789641 -0.00688671 0.0094738 0.0295859 0.0282889 -0.120312]
CGC-S1: OUTSET phase=dec graph=0 il=32 nrows=8 set=e376f8e87b5ae9d8 rows=[84acbc0f48d89639 0447a87545995411 578891198045c1fd f4cebd0088b03b42 fa6cd35dd49823a2 081da44525699945 b5cdafbb8549f5a6 d3cd1a1ed29b6d34]
CGC-S1: OUT phase=dec graph=0 il=33 ne=[2048 8 1] fnv1a64=fbd182393000a81d vals=[0.130964 -0.0523512 0.0204117 0.0165882 0.0443407 -0.0218854 -0.0431618 -0.0838571]
CGC-S1: OUTSET phase=dec graph=0 il=33 nrows=8 set=83c12fb3099058d0 rows=[7d830d94dc5857c8 424391192c8d36f2 e3b14a0f9bba84c2 46a48afc4821cc9d d67f42f6f234c4db 95e32ee930e1134d a7dd0e0356223cba fbd2a381a3e2b383]
CGC-S1: OUT phase=dec graph=0 il=34 ne=[2048 8 1] fnv1a64=9cba34ac1cbf7bb0 vals=[-0.0757275 -0.481182 0.0392217 0.0635311 -0.551312 -0.378879 0.209142 -0.172907]
CGC-S1: OUTSET phase=dec graph=0 il=34 nrows=8 set=cd928659fefe9cb5 rows=[dc5cecc6e3b15ed9 758a0ac8b04e9d93 f256215249fe6c57 a2c07321b2309050 4948b822955d911b 331e265bfea4868d a2738eb933a38c52 8530a37a96393aa6]
CGC-S1: OUT phase=dec graph=0 il=35 ne=[2048 8 1] fnv1a64=d27f658c2923e46c vals=[0.0535604 -0.213063 -0.0407998 0.14303 -0.0590968 0.0862595 -0.096753 -0.22188]
CGC-S1: OUTSET phase=dec graph=0 il=35 nrows=8 set=b3da3635b26286b3 rows=[b067574e9f4afff2 c990765a99389aea bc0796718d6bcabe 46c590b862b7490d f7615d426f0ec7ef 8e777b9cf53f2b42 5f0f5a149251be4f c189fca051702e4a]
CGC-S1: OUT phase=dec graph=0 il=36 ne=[2048 8 1] fnv1a64=0b78aa8f4def3b79 vals=[-0.0275077 -0.107572 -0.00865317 -0.140485 -0.00190143 -0.144435 -0.0581481 -0.185189]
CGC-S1: OUTSET phase=dec graph=0 il=36 nrows=8 set=7fa6b65571cdd821 rows=[143abe4e970d011a 9803eeb6eb4a3e6b ec64a68b3568f786 4d6419ac62a37714 492dbb72a8a40088 963624159c35319c 8fccfc8d2de75bc6 65799871f9962313]
CGC-S1: OUT phase=dec graph=0 il=37 ne=[2048 8 1] fnv1a64=8925b4ca9eab7e17 vals=[-0.257562 0.0692801 0.102036 0.187016 -0.349467 0.160695 -0.0921406 -0.246204]
CGC-S1: OUTSET phase=dec graph=0 il=37 nrows=8 set=31add4555ae2a1f4 rows=[078a6fd96c9fe6a7 bcdd40e932fb3855 21f97c9fa27be96a 8a65879a2f7e8689 3e3db5d88e10a398 d402880179693514 c5d24c2f7a05c374 a4f19e05b82661cd]
CGC-S1: OUT phase=dec graph=0 il=38 ne=[2048 8 1] fnv1a64=096b8fa5d7bf58d7 vals=[0.273861 -0.112426 -0.051034 0.29392 -0.0721611 0.155339 -0.0217729 0.13716]
CGC-S1: OUTSET phase=dec graph=0 il=38 nrows=8 set=1d782a496e61ccc1 rows=[8ba5a272a78d116e 7aa194b163d91c0e a44f1b0419a7ef55 0f0b47353a220497 9fa4941c923b4bc1 def3bc89412e39b7 f1850de465c5a57b 8c41a5b1b03862ab]
CGC-S1: OUT phase=dec graph=0 il=39 ne=[2048 8 1] fnv1a64=a6d44e38e0d75fbd vals=[-0.538626 0.354971 -0.192204 0.0406633 -0.155176 -0.372507 -1.14622 0.591177]
CGC-S1: OUTSET phase=dec graph=0 il=39 nrows=8 set=8257bc359e452236 rows=[b9e9102eca5ed720 47a5494b0f0f8c55 f472dfda5e0c02c8 000b8fef5cc39ab7 211cb57bf0fbe962 09f98ca90bf7a01d 062dcc02dd1c421e f9634ab38f3d7621]
0.35.894.814 W CGC-MMID-ASSERT name=ffn_moe_down-8 ne02=143 n_ids=8 | id_oob=8 (first=1063210020, total=198996) | zero_row=0 (first_id=-1, total=4) | zero_full=0 (first_id=-1, total=0) | src0 ne=[512,2048,143] nb02=450560 ids ne=[8,1] | ids_name='ffn_moe_slots-8' ids_op=37 ids_view_op=41 ids_data=0x13c870680
CGC-SEG: wait 8366.8 cb 9253.8 submit 280.9 us (1280)
CGC-DECPROF: step=32 segs=41 layers=40 total=127.03 ms | wait=81.97 (65%) cb=40.71 (32%) submit=4.35 (3%) ntok=1
CGC-DECPROF top1: L33 wait=2.37 cb=4.72 submit=0.08 ms n=1
CGC-DECPROF top2: L38 wait=2.34 cb=4.17 submit=0.09 ms n=1
CGC-DECPROF top3: L29 wait=3.30 cb=2.33 submit=0.07 ms n=1
CGC-DECPROF top4: L22 wait=3.34 cb=1.97 submit=0.08 ms n=1
CGC-DECPROF top5: L1 wait=1.88 cb=3.18 submit=0.14 ms n=1
CGC-DECPROF top6: L4 wait=3.45 cb=1.59 submit=0.14 ms n=1
CGC-DECPROF top7: L3 wait=1.34 cb=3.17 submit=0.14 ms n=1
CGC-DECPROF top8: L37 wait=4.05 cb=0.01 submit=0.09 ms n=1
CGC-GPUTIME: step=32 segs=40 bufs=360 skipped=0 wait=81.97 gpu_busy_sum=77.47 (95%) gpu_union=71.71 (87%) gap=54.57 (67%) ms
CGC-S1: OUT phase=dec graph=1 il=0 ne=[2048 8 1] fnv1a64=18cb5c08306f9e47 vals=[0.000621664 -0.00941474 0.0274883 0.00871869 -0.0634874 0.0253792 -0.0267548 -0.0791549]
CGC-S1: OUTSET phase=dec graph=1 il=0 nrows=8 set=733f86e1636f0949 rows=[e7a8584a825fbd5a f85578c520e45b82 89a9d3a7d89f0c9d ec4da1fe5db0fc8e c0efc2d96de1aec5 9baa2287c8a3a118 2961beb022e9c6b9 43dc160449c19c63]
CGC-S1: OUT phase=dec graph=1 il=1 ne=[2048 8 1] fnv1a64=ea091fa97d39530a vals=[0.00591297 0.00098207 -0.00382944 0.0094112 0.00812087 -0.00470359 -0.0138005 -0.0194786]
CGC-S1: OUTSET phase=dec graph=1 il=1 nrows=8 set=8337e608f2e8744c rows=[188c8aee91b8c776 698d2c0e5c450768 b89cea782b996213 1087b517cc800ff8 4327ef1d0d74f55c 3678bcd46508c5b7 07840340c2cdbdc6 39f9ec03511858d9]
CGC-S1: OUT phase=dec graph=1 il=2 ne=[2048 8 1] fnv1a64=a823f72c01277a62 vals=[0.00978174 -0.0068995 0.00074836 -0.000793613 -0.0132917 0.0206319 -0.00387236 0.00629667]
CGC-S1: OUTSET phase=dec graph=1 il=2 nrows=8 set=2856bcccd7e64d5a rows=[c3763a55c1bdc455 21c198383f276bba 8593dc6cf205c317 ad6d5142f7788f87 a17631215457b9a3 76a6ffa7cd6676aa 4a76c914d27ed74a a65dcbb2b5175a41]
CGC-S1: OUT phase=dec graph=1 il=3 ne=[2048 8 1] fnv1a64=4629ea436a390bce vals=[-0.0060272 0.00167105 0.00295648 0.00219189 0.00714286 0.0100693 0.0329278 0.0180485]
CGC-S1: OUTSET phase=dec graph=1 il=3 nrows=8 set=518940260837fc46 rows=[3986954ee2c78d69 b6a51845150c1806 bd6c82603f7b8799 1a0f32549ee9cbd9 2ac84754aac37337 27b2e625f3ae71a2 d3c9fa93a3ea0efb 236f477cdf8ac92c]
CGC-S1: OUT phase=dec graph=1 il=4 ne=[2048 8 1] fnv1a64=9bef5fcd269b3a27 vals=[0.00550176 0.00891364 0.0145004 -0.00794956 0.0339147 -0.0275453 -0.0179385 -0.00831188]
CGC-S1: OUTSET phase=dec graph=1 il=4 nrows=8 set=758fe47808cd0415 rows=[0cbcd3344ab009c6 6abb5d1544455781 331a653ba9d3552f 873fb54b889391e3 bf6c02fc91e3baca f831c98420cf9198 7153701a9e72a1d0 b79c53ccdbdf9191]
CGC-S1: OUT phase=dec graph=1 il=5 ne=[2048 8 1] fnv1a64=32440b0a0e88f08d vals=[-0.0416716 0.00416345 0.00729372 0.000494354 0.0010112 0.00497815 -0.00356705 -0.00761026]
CGC-S1: OUTSET phase=dec graph=1 il=5 nrows=8 set=8e6c8276e1c364d5 rows=[ab6461d4fb1ed7fc c13c49ea5c8fd4e1 7273e213d54d97fe 89db4a5bfa5eb7c2 0d6046eaf4c8f8b3 484851a1ac0fc68b 2789d4062d3fbbd4 e8c68dd9a7e42c83]
CGC-S1: OUT phase=dec graph=1 il=6 ne=[2048 8 1] fnv1a64=671bc5eb6ce9efc7 vals=[-0.0142466 -0.0204395 0.00652794 -0.0106203 0.0129705 -0.00409328 -0.000766477 0.0381777]
CGC-S1: OUTSET phase=dec graph=1 il=6 nrows=8 set=9f008bbf6534e2b1 rows=[24b955b3b61ed326 149763ef433e0542 cd04724e0d51f605 3b081a2d42882de1 33062e466bf07a27 7cc32123e240d759 4b21dd5beb46bc3e 9dcf47db5b4d8e50]
CGC-S1: OUT phase=dec graph=1 il=7 ne=[2048 8 1] fnv1a64=26b62ad229112cae vals=[-0.0207878 0.034123 -0.0131541 -0.00317673 0.0324571 0.0388199 -0.0157143 -0.0211351]
CGC-S1: OUTSET phase=dec graph=1 il=7 nrows=8 set=3981e564076be477 rows=[6696a780b83c1900 504535bf7d4db987 2b7565ff4b003130 3c5eaff4bd52bd74 4e6ff08649493ea7 70f4d98902c77fa4 9625c8bed3ad5ac9 327e2590b97961f0]
CGC-S1: OUT phase=dec graph=1 il=8 ne=[2048 8 1] fnv1a64=eb988833b78749c0 vals=[-0.0418354 -0.00665013 -0.0164992 0.0161286 0.0949888 0.02414 -0.0388532 -0.0133167]
CGC-S1: OUTSET phase=dec graph=1 il=8 nrows=8 set=507554d0a16b85de rows=[da9fdcc207c24f34 51473e7a0291d971 3b4281a9c2baf7c5 55f1dbec136dd0e1 d9fdce12243c7a6f 8aedb7f68485e751 3b59eaca4ca2a3fe 451632d96a19fa1e]
CGC-S1: OUT phase=dec graph=1 il=9 ne=[2048 8 1] fnv1a64=c6ed3471c73d6442 vals=[-0.0204564 -0.0283881 -0.0562494 0.0366629 0.00658329 0.0123064 0.0136936 -0.0209447]
CGC-S1: OUTSET phase=dec graph=1 il=9 nrows=8 set=131cb69892f4b719 rows=[21ec7d7b2f54bf8c 3343ce4f7e8701b5 d55b4b717c682fcb 5d08615b95d206af 6abcbd806a6fdc2d 00463a9e469fc5b2 6665ca8747b8cd00 3d153b90e508785f]
CGC-S1: OUT phase=dec graph=1 il=10 ne=[2048 8 1] fnv1a64=f7291f3997ca9e52 vals=[-0.00630036 -0.0280847 -0.0108063 0.0675903 0.0106514 -0.0213203 0.0230998 -0.0270575]
CGC-S1: OUTSET phase=dec graph=1 il=10 nrows=8 set=36c97e54209b4538 rows=[b59bfb3b6c08602b 48d84b185e7579dd 5ac82b83c319dae0 813d030d3c62c3e2 c0809a98a6ab5cc7 9396c9085afa1d3f f808a80e20b4b2f9 f6d79d0ac2043cf4]
CGC-S1: OUT phase=dec graph=1 il=11 ne=[2048 8 1] fnv1a64=94b8d8ce8a46f72c vals=[-0.000873938 0.0438875 0.0271061 0.00402211 -0.00947159 0.118952 -0.00809291 0.0103626]
CGC-S1: OUTSET phase=dec graph=1 il=11 nrows=8 set=bf4e9210c7e62503 rows=[f5d79bf3703b6980 ce33b1f5b105f298 4f29a316e9151581 89323014a52de2d8 8f610d182c07a41b fc703fc5ca8de0fc 432639a74053ed7e 31a4d5d6b7d59deb]
CGC-S1: OUT phase=dec graph=1 il=12 ne=[2048 8 1] fnv1a64=eb0356616c36fcb0 vals=[-0.0757986 0.0179315 -0.0243632 -0.04012 0.00749759 0.0226634 -0.00110993 -0.0654821]
CGC-S1: OUTSET phase=dec graph=1 il=12 nrows=8 set=fe96256df8c3d606 rows=[ccfdd214c4c7f799 80927e14233f0194 75264e39905490f6 71aca8709b4eb067 409071bd4c9f3746 53aacb8b1ffafed5 c58f709027a31f3c 387505f619c339e0]
CGC-S1: OUT phase=dec graph=1 il=13 ne=[2048 8 1] fnv1a64=62f9c3d3d4046a39 vals=[-0.0378628 0.0372442 -0.00822226 -0.0181132 -0.0209642 0.0183778 0.0447317 -0.0263944]
CGC-S1: OUTSET phase=dec graph=1 il=13 nrows=8 set=68a58218177fe23b rows=[793472e18df3bf0f ab9765585aea7796 1d4599852f3b37b4 8dd34bf5d176f11a 2fc71d7253ce6c6c bd39afa0f555e7a5 95b7bed19d75f477 e05a98136f5b84f7]
CGC-S1: OUT phase=dec graph=1 il=14 ne=[2048 8 1] fnv1a64=c2b0728cc0bc26a7 vals=[-0.0132834 0.0773364 0.0213414 0.0114532 0.0161844 -0.00105892 0.0185406 0.0138582]
CGC-S1: OUTSET phase=dec graph=1 il=14 nrows=8 set=c5dcdedb7e15ce24 rows=[a3e9b505bf89a4b0 2cfbbff10fd4b376 31cbe83a38746a57 8eb5dadfc3e4e138 d477a5a975aa486a e1fc6be988dbb07c 0331a6577d002ff6 810ea2b4b6a4ac4d]
CGC-S1: OUT phase=dec graph=1 il=15 ne=[2048 8 1] fnv1a64=bc7422ff7c7a2683 vals=[-0.0434533 0.0155888 0.00653348 -0.0147601 0.0161683 0.0274975 -0.000821331 0.0324885]
CGC-S1: OUTSET phase=dec graph=1 il=15 nrows=8 set=3b1e8515c70edbd0 rows=[e24708cc06db8b03 4a5022a346d4a4ab cf3849b893e2dd19 00d7c1b429d43eec e12f36d8830af1c7 385ced3e27e25ce3 1257c791872db9cf 18ff021ced507872]
CGC-S1: OUT phase=dec graph=1 il=16 ne=[2048 8 1] fnv1a64=036602de74906bc6 vals=[-0.00742499 0.159413 -0.0503028 0.00770939 0.0284889 -0.0128228 0.0786289 0.0565567]
CGC-S1: OUTSET phase=dec graph=1 il=16 nrows=8 set=5a33d0d42f575a3b rows=[2487c49457dec49e 44191781dc10e2d2 762ff37ca8806df9 7d8294dba056da6a 58efd2af6b8c1886 ac882aff0681f10f a5a25e0a5da04ed0 b5ff486a7557755b]
CGC-S1: OUT phase=dec graph=1 il=17 ne=[2048 8 1] fnv1a64=eb6536095dbbf922 vals=[-0.18885 -0.00735837 -0.125775 0.00269151 0.0488323 0.0297114 -0.0656548 0.0520832]
CGC-S1: OUTSET phase=dec graph=1 il=17 nrows=8 set=cd6f5ab7a65baffd rows=[9095b1cfa1f3175b fc5439062f9e8f29 8a3846386a41b2a3 f1bfe9fd0a7022a8 5b00769dd794c158 1c505eb44b954285 10e4ecf32144c6cc b09102fca643ed11]
CGC-S1: OUT phase=dec graph=1 il=18 ne=[2048 8 1] fnv1a64=685aa7001d129f38 vals=[0.101737 0.00340174 0.0758586 0.038241 -0.0136196 0.034404 -0.00479342 -0.00571516]
CGC-S1: OUTSET phase=dec graph=1 il=18 nrows=8 set=a0bd7e303978c391 rows=[d767a0cfb1faa539 590558049e8697f3 33aa600219a3189b 3903eb57b423172b 323504cfcee35c6e 4bb1ed039f23bb0b 15e68bbb8fd72f7a d827e647c267b316]
CGC-S1: OUT phase=dec graph=1 il=19 ne=[2048 8 1] fnv1a64=9299ffa267e791e1 vals=[0.0163342 -0.0470679 0.00653182 -0.0266657 -0.0330643 0.0131954 -0.0303273 0.0631783]
CGC-S1: OUTSET phase=dec graph=1 il=19 nrows=8 set=c67511704463ae87 rows=[080b9ea44e270772 7fb6b68fe48d5e5e 61f76a4e7f7f57f4 e16025229f43bfc6 a68c700057a148ad 03afb5aa69320094 7dd058f83c483544 4845f4d04a88e1a9]
CGC-S1: OUT phase=dec graph=1 il=20 ne=[2048 8 1] fnv1a64=19dcde99e827fc6b vals=[-0.0393085 0.0800654 -0.0487829 0.0128098 0.0334267 0.00749699 0.108197 0.0430089]
CGC-S1: OUTSET phase=dec graph=1 il=20 nrows=8 set=c2659977710c8881 rows=[014a6af42f56349d e7cd84964bf521e3 1f6ae04e977d49dd da46000878499ead 1f053a70859ebb17 d0764515fc5bb53c 3db21be70061c3a5 3f8d9ce8fe24d3a4]
CGC-S1: OUT phase=dec graph=1 il=21 ne=[2048 8 1] fnv1a64=63601c7038b2f1fc vals=[0.0232417 0.0122474 -0.0781478 -0.0218007 0.00630676 0.0276861 -0.01052 -0.00193285]
CGC-S1: OUTSET phase=dec graph=1 il=21 nrows=8 set=ab678853a31490d3 rows=[4aab87ca6f04fb06 9f48f7817ec065fd 2e60a54d20047f03 77727674e37fe779 924d8ef27e0431ac a6496362f30c7de2 a0a3345181ad39e3 6751e47465831b27]
CGC-S1: OUT phase=dec graph=1 il=22 ne=[2048 8 1] fnv1a64=233e01b187c5651c vals=[0.0211624 0.00674959 0.0234977 -0.0231036 0.0481171 0.00376809 0.0513193 -0.00494034]
CGC-S1: OUTSET phase=dec graph=1 il=22 nrows=8 set=c9a79b88b496ebce rows=[c3a0606066f98354 2116bc8142de5703 1588ba0c11086cc9 cfc6946d76007f3d 301defc8bf72c550 ec905eb634f70022 f3f01affcdc2722b cd3a0ad89d6f8cbd]
CGC-S1: OUT phase=dec graph=1 il=23 ne=[2048 8 1] fnv1a64=af5ac99db2afaf8a vals=[-0.00623075 0.110927 0.134209 -0.0749153 0.00548175 0.096752 0.116762 -0.00146975]
CGC-S1: OUTSET phase=dec graph=1 il=23 nrows=8 set=18cd481bb73085cc rows=[651ef4bc7894d338 16ae841dc66cea8b 1e3e16726aa30453 70887494bb70b749 1cb9d037a02cfc6d 55eb59349f080484 3359c57cdc53a183 77e1957b5c2dac82]
CGC-S1: OUT phase=dec graph=1 il=24 ne=[2048 8 1] fnv1a64=2e9014774738bcf1 vals=[-0.0742198 0.00492599 -0.0351989 0.0588887 0.029664 -0.0165071 0.0114144 -0.0256451]
CGC-S1: OUTSET phase=dec graph=1 il=24 nrows=8 set=13cbaddc6b9b57b7 rows=[9a711a0764396d8a 5a12400b24eac198 f8a5caf3e1ce5373 a685a4fbe19ddb6a 79958caf55384124 0cb30f1ba6b745e7 634405c03a0fe85f 4b275290d132d14d]
CGC-S1: OUT phase=dec graph=1 il=25 ne=[2048 8 1] fnv1a64=67859cdc801caf7e vals=[-0.0847204 -0.0648313 0.0612601 0.0783263 0.035615 0.0224992 -0.0257905 0.0583011]
CGC-S1: OUTSET phase=dec graph=1 il=25 nrows=8 set=1ba748505c7abb47 rows=[cf86f6f0fc7def8b b15a47b42b8b47b5 c046a50ca3e4726c a6c5810767c4b3ae eaceb13d4c201d96 5fa6292ce62bb312 940951a3568b23ad fc96b1f431d25684]
CGC-S1: OUT phase=dec graph=1 il=26 ne=[2048 8 1] fnv1a64=608ffd131198a358 vals=[-0.059888 -0.0167093 0.0123981 -0.016024 0.0326215 0.0107153 -0.0793158 -0.114973]
CGC-S1: OUTSET phase=dec graph=1 il=26 nrows=8 set=9a03a3b6a55aa791 rows=[b3ddc0e6efdaea28 786e9949e3d2ea8d c5278252d5007b08 4418ecd550b7c4b3 ff952b5dc6a8aeb9 c0202ea2a6e2aa56 078d6ad602ee8093 5fef134cd6f0a891]
CGC-S1: OUT phase=dec graph=1 il=27 ne=[2048 8 1] fnv1a64=178bcbce3b9fd250 vals=[0.0331386 0.0112186 0.0379454 0.00431459 0.0613813 0.0462724 0.0482263 0.0594712]
CGC-S1: OUTSET phase=dec graph=1 il=27 nrows=8 set=d823181e54ab035e rows=[aae3dd741fa4b886 dd7ca0cb16ed0795 4d682309cfcc868a 96861512fa20a01a 2b1bd7dada62f0f3 8e791ce0dc4b2298 45163124f4355414 ee28f51409b00623]
CGC-S1: OUT phase=dec graph=1 il=28 ne=[2048 8 1] fnv1a64=b8f08ab415ddccd9 vals=[-0.0811481 0.0538761 -0.110616 0.0399041 -0.0272033 -0.00312552 0.141447 0.0315176]
CGC-S1: OUTSET phase=dec graph=1 il=28 nrows=8 set=5077b4300d45925e rows=[26ca0fa59d38df73 822183c70a38fc05 35ebd4cf3f7cc673 f3c0a2c556490f60 c7c608f4fdad284a 4d58f575aaae3f13 0c696b6e29dc306a 8719686af23fb378]
CGC-S1: OUT phase=dec graph=1 il=29 ne=[2048 8 1] fnv1a64=4f7542bbbbe88db7 vals=[0.128961 0.0304225 0.0342602 0.0492571 0.0860028 0.0338556 -0.102018 0.0429888]
CGC-S1: OUTSET phase=dec graph=1 il=29 nrows=8 set=7dd8e07e2375fd40 rows=[25225e9b481a4917 040b6bbfd4decb0c 6f27de157fe1229b eaf36079fa155855 ed63d0a18c3c0a0d fc129f9f8819d474 1782c4bfa6d05016 b29a8aeaf7452c42]
CGC-S1: OUT phase=dec graph=1 il=30 ne=[2048 8 1] fnv1a64=e87f622ccd92b63c vals=[0.037279 -0.0823723 -0.0205262 -0.112008 0.0314968 -0.0994225 0.0153531 0.088419]
CGC-S1: OUTSET phase=dec graph=1 il=30 nrows=8 set=c049c878c5e5fe5e rows=[78e1e98bf19a7afe c9b365a09ed13011 adec5caf9af4adb9 3586c608bf3e4e74 acb6365d86706ee5 3caeae8b1fa2dc76 a092c2664a1c7aa1 bce9b2852fbdc69f]
CGC-S1: OUT phase=dec graph=1 il=31 ne=[2048 8 1] fnv1a64=4019d87b26511a38 vals=[0.100473 0.0414027 -0.0571827 0.0688338 -0.0987414 0.0884792 0.0188794 -0.0288202]
CGC-S1: OUTSET phase=dec graph=1 il=31 nrows=8 set=e329b2e8ce5eb18d rows=[1d18eb0eb364964d cf29472c0d6cc17c 66734e26deb0f09f 4bd60026e4d4ef10 bb0f00498896d920 e2110027cd593968 3afee81591089232 8ddd3046ff524823]
CGC-S1: OUT phase=dec graph=1 il=32 ne=[2048 8 1] fnv1a64=25a31b6ca3c3eece vals=[-0.0835292 0.0379545 -0.111943 0.0571627 0.0554698 0.0309767 0.134728 -0.09823]
CGC-S1: OUTSET phase=dec graph=1 il=32 nrows=8 set=c3d01430eb90050b rows=[411d108cda4432c7 6221120cf76418c7 3d36c624d8141d52 cf7e746e6bae2f07 c5082769ebcbda92 4f527bea71007409 3913ab9751cc46ba cba82bb0aa9bf2f1]
CGC-S1: OUT phase=dec graph=1 il=33 ne=[2048 8 1] fnv1a64=2af03f46a630ed0f vals=[-0.146235 -0.0129318 0.00516973 0.213079 0.0456183 -0.191173 -0.132419 0.00504097]
CGC-S1: OUTSET phase=dec graph=1 il=33 nrows=8 set=ff2925620f858ba9 rows=[753d17299955ed84 5cf82dffc6d2b083 85e2daf35f6ce0ee 130ab767729d2227 a705f0e6eda5cb94 a813cab1cfd36059 5afdb4122018fb99 6348a219dbc97f3e]
CGC-S1: OUT phase=dec graph=1 il=34 ne=[2048 8 1] fnv1a64=9a61d3506f4201d0 vals=[-0.106667 0.0157726 -0.0614183 0.0752647 -0.0454593 -0.0250555 0.0596531 -0.0731577]
CGC-S1: OUTSET phase=dec graph=1 il=34 nrows=8 set=e82a869bbe9620a0 rows=[a9bfe3a83378881d 63a9ee2802142d87 e312f2b9c38e1279 84dacbf88e2a3a38 b8f1ba67bf877139 4ed94824372d96fb 5cba373dcf313346 e9dd4ffdfe69537c]
CGC-S1: OUT phase=dec graph=1 il=35 ne=[2048 8 1] fnv1a64=a1590cade39701ec vals=[0.00564182 0.0508782 -0.107409 -0.048133 -0.0592987 -0.0262758 -0.06011 0.076693]
CGC-S1: OUTSET phase=dec graph=1 il=35 nrows=8 set=c9656911763e5d6c rows=[2fd4ce6168a5edcb e30fefb6dcbb341e 49a3e67fdc7d0f78 73cc77d1aab99cf3 ac2d09fd3f4f2fef a1fbd6c0b59df403 719952c4b613f864 1087b02eafd6ce7d]
CGC-S1: OUT phase=dec graph=1 il=36 ne=[2048 8 1] fnv1a64=9a737f734a727707 vals=[-0.0336127 0.0557587 0.0118222 -0.161429 -0.0295434 -0.0483853 0.0153888 -0.133724]
CGC-S1: OUTSET phase=dec graph=1 il=36 nrows=8 set=6fe5ab66d90ed1d5 rows=[822a1976f1d18f5c 698e6c87ce5fa6be 3f0837e605203658 29717c9b2d99c17c 3fb9e68c344e92c0 a9c1a833837caeb5 3ef27787caf82582 3a9f684f0845ceed]
CGC-S1: OUT phase=dec graph=1 il=37 ne=[2048 8 1] fnv1a64=adbca2227b593d02 vals=[0.247453 0.101271 -0.0174739 -0.00151143 -0.171761 0.140976 -0.0878709 -0.144966]
CGC-S1: OUTSET phase=dec graph=1 il=37 nrows=8 set=5224ce592c9a8398 rows=[a88e337dfffba585 c487d031a2938a5f 7def93761d038190 9b6c62ce75cfdd53 8d2f392177b84374 2c93d3b85d9f5bf6 d7b17222813054af 9de9af3f895ce5f1]
CGC-S1: OUT phase=dec graph=1 il=38 ne=[2048 8 1] fnv1a64=a9728ea6e66ad173 vals=[-0.0174655 -0.0128692 0.189678 0.176754 0.189045 0.0745805 0.177044 0.0483193]
CGC-S1: OUTSET phase=dec graph=1 il=38 nrows=8 set=a3c96e849d6d495a rows=[954cec929a0aca4f 6a56171720e775ce cb78a487ed257a3a 177b151d6aa50a7b 571537a78aa5b0fa 87f1473e37a578dd 6816a518f56940c2 1606058fc8b5cd3d]
CGC-S1: OUT phase=dec graph=1 il=39 ne=[2048 8 1] fnv1a64=6a77656278a14bf2 vals=[-0.551803 -0.0231307 -0.323744 0.116198 -0.0849491 -0.474565 -0.623663 0.559195]
CGC-S1: OUTSET phase=dec graph=1 il=39 nrows=8 set=25d6f8a8fc2142e6 rows=[2eb5b401bbfc0e22 570bd1036399a869 b378c434560b3302 d2ac3b37cc1f1d58 f51381b82da69c78 74e359f461d18dc3 df7a2f67e98041de ce069ba812974835]
CGC-S1: OUT phase=dec graph=2 il=0 ne=[2048 8 1] fnv1a64=636953715fbf6db0 vals=[-0.00705446 0.0141698 0.0167376 0.00889576 0.000270093 0.040311 -0.0381765 -0.00296959]
CGC-S1: OUTSET phase=dec graph=2 il=0 nrows=8 set=5530edd1b2e644b1 rows=[1a00ec5f78b72e49 d3956d407e5db638 7db074253bc3564f f3bcde2d6f18ab1f 75a9ef39e23aea7d 45a0e0bbb73b164e 8ea55e8d92565968 4f59aef6e6d7cf09]
CGC-S1: OUT phase=dec graph=2 il=1 ne=[2048 8 1] fnv1a64=0a9889739a1a2022 vals=[0.00577504 0.00252039 -0.0123337 0.0221547 0.0192623 0.00495364 -0.00861682 -0.000664306]
CGC-S1: OUTSET phase=dec graph=2 il=1 nrows=8 set=4621e1c8291a03eb rows=[eb3d2ab23834e37a 017196c35fa326bc d2a6bc2bf4736e26 d63722ba17c430fc 55c6bcf19e9f0f86 f59b32daccf5f4b7 99bf3bd91e4ad20c 06fae1339b6d8ecc]
CGC-S1: OUT phase=dec graph=2 il=2 ne=[2048 8 1] fnv1a64=e5f7be76663f32cb vals=[-0.00911466 -0.00748001 -0.00642468 0.0113252 0.0119889 0.0140543 0.0146301 0.00341343]
CGC-S1: OUTSET phase=dec graph=2 il=2 nrows=8 set=ce4911bcaef6e021 rows=[0db0e3f281249286 6341f303dffbd885 5df4a5d95e1db051 03430ba1bcc4647f eef532adc9a33fcb f8ecd0e8d9544b78 d6cf68715d3da50a ce49cf01e5807760]
CGC-S1: OUT phase=dec graph=2 il=3 ne=[2048 8 1] fnv1a64=54e609366f2d055b vals=[0.0144354 0.00337277 0.00949917 0.00415389 -0.00979914 -0.0109885 0.00981683 0.0102753]
CGC-S1: OUTSET phase=dec graph=2 il=3 nrows=8 set=64a6eb35ef18cf54 rows=[c83f78570ab36176 433c006b6d574adc 4512ed788144352c ac8774927a641bd1 2f6394b27907e5b9 cd3e8b22ad973c48 a62a468fc52a8927 8eca58ef8b95f459]
CGC-S1: OUT phase=dec graph=2 il=4 ne=[2048 8 1] fnv1a64=bd39cdecc69c8b1e vals=[0.00686118 -0.00782214 -0.0394407 -0.00494507 0.0210808 0.0121543 0.0116452 -0.0068323]
CGC-S1: OUTSET phase=dec graph=2 il=4 nrows=8 set=807b0c7f8547803f rows=[fa0d35fc0c32dc8d 583bf37dccab44bd 5754d60345370b92 65b64520417009c5 6920ad9f1bd9f9ba d9feebc22607e598 be4a42ef9b0e2b6d a32456c5a41538fd]
CGC-S1: OUT phase=dec graph=2 il=5 ne=[2048 8 1] fnv1a64=af2da6c26c51bab2 vals=[-0.00972537 0.0046178 -0.0249384 -0.00402605 0.0300056 0.0314394 0.0124956 0.00738638]
CGC-S1: OUTSET phase=dec graph=2 il=5 nrows=8 set=87160ecdefd39587 rows=[bef677aaf71be883 059e48b5f9ac39b8 2f853638b362ef5c 0063f06dc10e9a60 f02819489e99b6f2 317cc83b7f409b6d 03bfc72f4723d368 6d1f03239b711641]
CGC-S1: OUT phase=dec graph=2 il=6 ne=[2048 8 1] fnv1a64=56a6fd5fba4c126f vals=[-0.0224738 -0.0187157 0.0331807 -0.01373 -0.0215281 0.0240887 0.0541129 -0.0112047]
CGC-S1: OUTSET phase=dec graph=2 il=6 nrows=8 set=856f88f3c2f54595 rows=[587850668463aba6 24faf79e95ec2676 391e6ec9cb535fff 831f7524fd144672 fd349429f80b3f8a 80c2eaa5b60f3cd3 90bd670140544509 1346bdfd8aca8039]
CGC-S1: OUT phase=dec graph=2 il=7 ne=[2048 8 1] fnv1a64=1c00a0a2d011fd1f vals=[0.0399004 0.0369091 0.0474423 0.0307923 0.0187376 0.01859 0.00155063 -0.0315146]
CGC-S1: OUTSET phase=dec graph=2 il=7 nrows=8 set=9fca6730cad238b7 rows=[6638a70b9701743c a275adf441a765cd b855a84d60a536b1 ba0ecb60fb56bb10 3a5144cfd015ac85 5dad76014a6a6525 62f4b926a49e5600 7f5f72049fbda920]
CGC-S1: OUT phase=dec graph=2 il=8 ne=[2048 8 1] fnv1a64=b20840e757c0184c vals=[0.00493157 0.0145895 0.0287992 -0.0339826 0.00132532 -0.0348598 -0.00642654 -0.00558416]
CGC-S1: OUTSET phase=dec graph=2 il=8 nrows=8 set=d8047ae469a41c7f rows=[47c6894983efa3e5 b19bb6c6d856e030 78df00faad29e1fe 6b7a3f3fce25cd2a 912f0e0cc6bd389f f09298f4c2122479 6f10c744e793b699 49f81a939c978021]
CGC-S1: OUT phase=dec graph=2 il=9 ne=[2048 8 1] fnv1a64=1d5bf2db809e0bf9 vals=[0.011452 -0.0103046 -0.0174934 0.0314943 -0.0234969 0.012006 0.0243528 0.0144063]
CGC-S1: OUTSET phase=dec graph=2 il=9 nrows=8 set=91f6035207964319 rows=[56dc586f02904497 ea5dbf689818aeb1 7b0a254f068c21da 5d91ceb4ffcb6a7d ba5636b1a030b374 53f9555d95e55851 ce392d30caee2446 a2289e5a7ed3d0d8]
CGC-S1: OUT phase=dec graph=2 il=10 ne=[2048 8 1] fnv1a64=14320d0775a12401 vals=[-0.0927613 0.0902164 -0.0214223 -0.0219348 0.0403053 -0.00975611 0.0479142 -0.0138418]
CGC-S1: OUTSET phase=dec graph=2 il=10 nrows=8 set=8110d15942291174 rows=[022766186c24ebc9 60b5fc27c133af8d c4eabd62d0453751 f75f4d26dcc03b42 2e66ef4be2b77731 7e3dffadaed43b69 66a3d2a6a53f21fd cf66ff7ce849c68c]
CGC-S1: OUT phase=dec graph=2 il=11 ne=[2048 8 1] fnv1a64=a36affccfaf3fc7a vals=[-0.0264714 -0.0159356 0.020714 -0.000336627 0.0781589 -0.00193886 0.00291791 0.0334213]
CGC-S1: OUTSET phase=dec graph=2 il=11 nrows=8 set=9afdb31a84c68ffa rows=[67cc684792bc9796 f9921344be7f9cac 2d9eb8a8f011ce2a b97a9eae4494c2aa da93e846a9696368 ebfb59f07d666a81 67813b9ad5233679 9417641527411c4b]
CGC-S1: OUT phase=dec graph=2 il=12 ne=[2048 8 1] fnv1a64=9cc02d3649870c65 vals=[-4.43014e-05 0.0297313 -0.0332506 0.00852049 0.0280523 -0.0113098 0.0228196 0.0164267]
CGC-S1: OUTSET phase=dec graph=2 il=12 nrows=8 set=9e19aa1d58488e15 rows=[0ccd278792bf57a7 8fe17a02a1e79210 393c291471e6680f 74385a00b858564c 0276e9ea73e4fe5c 1f6b7c9d7c5d4069 58dd914e2fa480db 4709a7c585f65c68]
CGC-S1: OUT phase=dec graph=2 il=13 ne=[2048 8 1] fnv1a64=b78798e917fce558 vals=[0.00813928 0.0660594 0.0280827 0.0575396 0.0161337 -0.0122318 0.0372816 -0.0351108]
CGC-S1: OUTSET phase=dec graph=2 il=13 nrows=8 set=692b454dd81be3b8 rows=[1fc75b8ce32cc708 96048bb073e33b0f fa27c44e91463a95 d924a39ff3aed5f0 8484798c89dd607c 867d150c4a1eeef3 74348c5762acc27c 0fc4f374f8365042]
CGC-S1: OUT phase=dec graph=2 il=14 ne=[2048 8 1] fnv1a64=6d3b2fb5f149065e vals=[-0.0244542 0.0313609 0.0157228 -0.00353776 -0.00241428 0.0176686 -0.0019454 -0.0482243]
CGC-S1: OUTSET phase=dec graph=2 il=14 nrows=8 set=62a54c97a1838f03 rows=[25f8651f9145074c 203bb05c6bc8fdfa 6ebd97581dae22ac ac395277e6037546 7c330f513db3da57 9e18c2ce4d793692 328b3e25d5e7a4e7 d2da3d3f74c05ebb]
CGC-S1: OUT phase=dec graph=2 il=15 ne=[2048 8 1] fnv1a64=53e0b86f55abb0c9 vals=[0.0316005 0.00885981 0.153163 -0.0138714 0.0641062 -0.0163015 -0.0157562 -0.0455647]
CGC-S1: OUTSET phase=dec graph=2 il=15 nrows=8 set=f1f83c5317910852 rows=[f5f85db6807ff405 6154c1bd302283bf 8ad481bab9435a41 e7458fee9f14834b 12168a49eee7b4ef a06003417698e1d9 7001b6b72dab2c6c 59301febf8a5f3bc]
CGC-S1: OUT phase=dec graph=2 il=16 ne=[2048 8 1] fnv1a64=061cd13a2b8f5d77 vals=[0.0357322 -0.0640698 0.0670681 0.0164689 0.0204911 0.0287397 0.165731 0.0483235]
CGC-S1: OUTSET phase=dec graph=2 il=16 nrows=8 set=3492ce4adeae389b rows=[fd39c0d1aaf9e372 2ae141d6f57e3a4b 4216b77805a7471b 498088afcd7869d0 983b222576c0fb86 f5124bf77d655ccf 76b5e9479e40c9eb e9ab6e09a64d846c]
CGC-S1: OUT phase=dec graph=2 il=17 ne=[2048 8 1] fnv1a64=864694f94f7d2ef9 vals=[-0.0253909 0.0526141 -0.0104933 0.0568613 0.0443268 -0.00830376 0.0592866 0.0253842]
CGC-S1: OUTSET phase=dec graph=2 il=17 nrows=8 set=3f1a7d808cfc3539 rows=[4d0d33c908997656 441ddf7068fc0c18 cdb449ff45f8965e 8961bf403e956647 69d64efcdc5f21ad 2a92d01b1b029598 239be428dc77e9a6 a7d362fc3a53ce6a]
CGC-S1: OUT phase=dec graph=2 il=18 ne=[2048 8 1] fnv1a64=1d47574024c46034 vals=[-0.0509058 -0.058818 -0.0740623 -0.0749609 -0.00288937 0.0337772 -0.00846324 0.0314208]
CGC-S1: OUTSET phase=dec graph=2 il=18 nrows=8 set=c9b01df0129a91cb rows=[80de7fdacd6de7ed 7e5ee89292bea5fe 30084b9765bd073d a936a055e4fd6adc 0ef95e4b6bdac29b 5077a3e541ae40e5 493b33288680f165 2b2e5ca20c56dcde]
CGC-S1: OUT phase=dec graph=2 il=19 ne=[2048 8 1] fnv1a64=5dd47baf3bbb4cbb vals=[-0.0867368 0.0621302 0.0240901 -0.0182805 0.0266887 0.0512479 0.0388429 -0.0107264]
CGC-S1: OUTSET phase=dec graph=2 il=19 nrows=8 set=ffe862e753e7345b rows=[028e69002147c7d3 22a6b8d535becf87 eea66c50f8028df4 221d80683608c48a 571710824084d756 029946f293fb7f28 dea37a49377bad18 500034760fc41eec]
CGC-S1: OUT phase=dec graph=2 il=20 ne=[2048 8 1] fnv1a64=2378e97e43de282c vals=[0.00723743 0.00312158 -0.0206705 -0.0408058 0.0253977 0.0154175 0.0275284 -0.0282312]
CGC-S1: OUTSET phase=dec graph=2 il=20 nrows=8 set=c5069d5fbd197e42 rows=[11dd8f2fe36ae297 c1bdfb2995e31cda 17c203470ad746ce e6111f979d4bb2c9 a24d9bd9b6b4c05a eba6202abb436ab0 78eae0dfd29ea409 6a5c44da815dc53a]
CGC-S1: OUT phase=dec graph=2 il=21 ne=[2048 8 1] fnv1a64=2528d77037e432f6 vals=[0.0567807 -0.0555048 -0.120687 -0.0165542 -0.0233488 0.0320335 -0.0479893 0.0020201]
CGC-S1: OUTSET phase=dec graph=2 il=21 nrows=8 set=75136a1cc5e65bc5 rows=[4347954ee89f8626 3e572f3e9cb99c49 932e0d565206781e f735c69d4a6fd4e8 472aa20af0ebf6c5 667ef2000ad2f8f7 2f6a6ba7af268c14 a9e0026c87ecbcf6]
CGC-S1: OUT phase=dec graph=2 il=22 ne=[2048 8 1] fnv1a64=f802516c603e6ba3 vals=[-0.0371042 0.00282122 -0.0171946 0.000393054 0.00757827 0.0789497 -0.0349846 -0.00641033]
CGC-S1: OUTSET phase=dec graph=2 il=22 nrows=8 set=6263c8df96736a59 rows=[4d65685f6033b157 7694da9502f694c5 25e528c00c41bdda ef84f4b0aeafebdb 966e08dcba8a249b b204448d049d5264 f2ba32a471774422 be12a6370d16e796]
CGC-S1: OUT phase=dec graph=2 il=23 ne=[2048 8 1] fnv1a64=a098efb584badd72 vals=[0.0539173 -0.0431822 -0.0187539 0.00742704 0.024598 0.00492555 -0.00513151 0.0119814]
CGC-S1: OUTSET phase=dec graph=2 il=23 nrows=8 set=85aa0e95d98484aa rows=[7509da511b0b67bc 6843cb71dc8ef1a0 d0459c8a83e62ea2 d6ca84acb42a32a6 fe1209ad041cf841 4e83f61c1654e82a abfa6bda4be57a7d 3f945aea9eca6ab7]
CGC-S1: OUT phase=dec graph=2 il=24 ne=[2048 8 1] fnv1a64=4246670ca7e59e3b vals=[0.00952564 -0.0627571 0.0302248 -0.000429684 -0.012804 0.0485424 -0.00386949 -0.0181943]
CGC-S1: OUTSET phase=dec graph=2 il=24 nrows=8 set=230f7a08dcb255f2 rows=[6c65bcc14a0ebd3a fa44585745608330 b0a21224b6b1602a cfa707eb6726dfba c02082397fc4c1f1 831cf04a28364ac0 4ca08a175e54d36e 4ed1e331665904d9]
CGC-S1: OUT phase=dec graph=2 il=25 ne=[2048 8 1] fnv1a64=4b2a098e365fbf6c vals=[0.0433512 -0.0403292 0.0954312 0.00102143 -0.0588817 -0.0345463 0.0365234 -0.00265477]
CGC-S1: OUTSET phase=dec graph=2 il=25 nrows=8 set=55a403b5e8ceba3b rows=[198a5db9ab7bb87d c847ad60de91be90 c19feba1cae6bf62 e2c66b4f610d0f05 16573e88bee8959d 3d72ad8aba0c4016 dadc3fe9182cef34 9b2319f71cf8c23a]
CGC-S1: OUT phase=dec graph=2 il=26 ne=[2048 8 1] fnv1a64=6030edbbf69a124e vals=[0.0296079 -0.103625 0.00670329 -0.00595735 -0.00635292 -0.0816036 0.0144551 0.0103456]
CGC-S1: OUTSET phase=dec graph=2 il=26 nrows=8 set=bb24f64bfb30a803 rows=[6ce9e16aeae576cd 569b23b6d3508842 7f9d9083bdb11d02 9695794d77b45bcb 5ef66645cf25cb04 e73cac7aaa13215f b810b4b3969a4964 8037b82f91394f84]
CGC-S1: OUT phase=dec graph=2 il=27 ne=[2048 8 1] fnv1a64=d04ba82b796883d8 vals=[0.0604547 -0.0231659 -0.0467655 -0.00766478 -0.0170092 0.0254925 0.0108169 -0.0838213]
CGC-S1: OUTSET phase=dec graph=2 il=27 nrows=8 set=87c6165f5638ad4b rows=[ccb42dcc2848fa0e 931c0e1b5f91918f 931efe7baf4345a4 4841737fea40a2ae eeface7fee9838ca fdbea80602494a46 192b567950edf6b6 066c0865c270d362]
CGC-S1: OUT phase=dec graph=2 il=28 ne=[2048 8 1] fnv1a64=3d2d115586f77120 vals=[-0.0242685 0.0199119 -0.0238555 0.0343708 0.0213831 0.118304 0.0435816 -0.0883583]
CGC-S1: OUTSET phase=dec graph=2 il=28 nrows=8 set=91b5359a97ba4f7d rows=[5a3d3f741e11c4b2 94b949c3033de962 d040b5475b5ba651 4eca3935005b0a73 8085155f760f6246 55110cc0964d88b0 3142947373d8fd3a f172c25d13c5248d]
CGC-S1: OUT phase=dec graph=2 il=29 ne=[2048 8 1] fnv1a64=39259ce3962d12a4 vals=[0.0704901 -0.0794832 0.0363926 0.0220095 0.0189337 -0.00771016 -0.0478993 -0.00449347]
CGC-S1: OUTSET phase=dec graph=2 il=29 nrows=8 set=f779e2ab65c77ee5 rows=[84b6e9d742d77e59 afcf28d634ed6f18 40c82a9a9f9f3d59 563004af4609af29 4ba450bc858b8333 fa99932040a324a2 666378c9d7c0d609 34430787285a4dbe]
CGC-S1: OUT phase=dec graph=2 il=30 ne=[2048 8 1] fnv1a64=83e8e8de65ca6bcf vals=[-0.0240821 -0.106135 -0.00212368 -0.0471341 0.0786714 -0.0902477 -0.0166925 -0.0912375]
CGC-S1: OUTSET phase=dec graph=2 il=30 nrows=8 set=72478943153f06db rows=[d8ca53078f6e60e6 732e463465d73dab e75a8c0670d56416 ac6b7ded828b2a2b 6e104291ebfaf852 f823ebfc95b55d93 7131e0de1ce918a1 d505760a05725c0c]
CGC-S1: OUT phase=dec graph=2 il=31 ne=[2048 8 1] fnv1a64=2595c37c6637b411 vals=[-0.0995899 0.184739 -0.0133061 0.0168248 -0.135525 -0.0184328 0.0873547 -0.0242301]
CGC-S1: OUTSET phase=dec graph=2 il=31 nrows=8 set=044973fbe0d3122c rows=[77f489c92265e593 9ca6fbaf334bebb8 97db6d5f61d94cef 1211715189030350 cbbe32da8ac2c568 97f225222dad2183 738b8d40725b74e1 cb18be25b96e376c]
CGC-S1: OUT phase=dec graph=2 il=32 ne=[2048 8 1] fnv1a64=60321e806267179d vals=[-0.0347507 -0.0170218 -0.00430615 -0.0391242 0.0200266 0.0405439 0.0346801 0.0895592]
CGC-S1: OUTSET phase=dec graph=2 il=32 nrows=8 set=90a5ad8e6a3f385c rows=[c301e1e9e4109a24 c246d0415366fd43 cdda967b9bbcf1d6 306a9541feab2a73 b988321b95e90254 27b98f46a3e3a845 731c3a4902dd35f9 75db883fd788960c]
CGC-S1: OUT phase=dec graph=2 il=33 ne=[2048 8 1] fnv1a64=4fd3742e38ce354e vals=[0.0358222 0.113786 0.0168742 0.126214 0.033206 -0.0984156 -0.0773362 -0.126674]
CGC-S1: OUTSET phase=dec graph=2 il=33 nrows=8 set=8b43ba3f04ac4e6f rows=[aebf8c4cc4bd1401 7e44ca433c6ca3f5 3094a71435ab2357 fd9b26ee00787a6f a09311804874e293 04eeabb99635c2ba 0765625d300a04f2 790d95dee31fc896]
CGC-S1: OUT phase=dec graph=2 il=34 ne=[2048 8 1] fnv1a64=062ee6212fb1a846 vals=[0.0897197 0.26043 0.0376162 0.239419 -0.0397002 0.0138948 -0.224223 0.00617013]
CGC-S1: OUTSET phase=dec graph=2 il=34 nrows=8 set=6c5e8ce9c90ad564 rows=[82a1b0af696eb957 e6dffc3a1d75401d 867be886609e70c9 2f75a042718642d0 e6020531b092901b 7bbc3a2240c000b1 9e3ac936007c1c99 fb543e13bce6c11d]
CGC-S1: OUT phase=dec graph=2 il=35 ne=[2048 8 1] fnv1a64=b92d99c3fa694d9b vals=[-0.0127669 -0.0874409 -0.0263606 -0.0412285 0.00440848 0.0137794 0.113885 -0.111974]
CGC-S1: OUTSET phase=dec graph=2 il=35 nrows=8 set=e440916f4f51fa2a rows=[16cfb703b4d34e77 5205c3d000a0bb27 11f7dfa2fbbd70db 2e4de44f8bfbb581 8e6a0489b3518b5a 1bb6ac58c958d372 250dc74547b9da32 34ceb797031995c0]
CGC-S1: OUT phase=dec graph=2 il=36 ne=[2048 8 1] fnv1a64=4f0fe1168843d981 vals=[0.125407 -0.0881628 0.0942727 0.118054 -0.0434272 0.0223239 0.176553 0.0406608]
CGC-S1: OUTSET phase=dec graph=2 il=36 nrows=8 set=5b503ec9b87c4e4c rows=[0a5a7eefdf1f7198 9d979a60ddae80c1 d45a4a3c2eba6de6 031eda1dc07e991e 3dd31f08a1de59a2 35490c1617d14ae0 f4104a2d73b688da c9816ce0d037c89b]
CGC-S1: OUT phase=dec graph=2 il=37 ne=[2048 8 1] fnv1a64=6afdf9642579c641 vals=[0.107344 -0.0920584 0.0763252 -0.199553 0.33655 -0.0564671 0.392411 0.0480321]
CGC-S1: OUTSET phase=dec graph=2 il=37 nrows=8 set=0de1d9a98374a469 rows=[4b08c25e289356a8 c345a2e3f29541cd 0238fa7a1b64ea6a c719f464c82aac1c 360ceee05169323e 084d4f4144669137 f7a0e9016810e900 8c2adafd71d6ba3c]
CGC-S1: OUT phase=dec graph=2 il=38 ne=[2048 8 1] fnv1a64=ab30ad5d3866a6f0 vals=[0.179478 -0.00338277 -0.0345053 0.121575 -0.257045 -0.0668788 -0.105248 0.0117616]
CGC-S1: OUTSET phase=dec graph=2 il=38 nrows=8 set=32fa760b34408af0 rows=[449a3a4c22d82b25 33a22bf812e507f5 2ceefc97ba5baa8e 0ee1bc7af8c70dc9 d63d1f77d3f4ef18 89ac22defe436443 b406ccb7173cb251 ef6f8e49d2a5a1b2]
CGC-S1: OUT phase=dec graph=2 il=39 ne=[2048 8 1] fnv1a64=4e300134283b891e vals=[-0.411175 -0.161631 -0.242311 0.19411 -0.0806566 -0.288434 -0.600631 0.402699]
CGC-S1: OUTSET phase=dec graph=2 il=39 nrows=8 set=10587a7b4fdeaac7 rows=[d17f194027f320a8 b232f894f77fd951 63e94fb6cb6bd9e9 7a53a9de32fc842a f50c6f6d292bdecd 094d24219846559a d38f4d2e5ec2e826 825c38a1932acf6e]
CGC-S1: OUT phase=dec graph=3 il=0 ne=[2048 8 1] fnv1a64=b1079a89b021f5b4 vals=[-0.00852031 -0.00471277 0.00845451 -0.00335677 0.014761 0.0144482 0.0121813 0.00892975]
CGC-S1: OUTSET phase=dec graph=3 il=0 nrows=8 set=d6ca383dc21c3c04 rows=[85bd3bbb73f3eec9 cb8fc6ed6c9afe85 3306002275010e3d 1fd5900353b9add8 680e4bb346727539 5d71a77ff007f815 fe8ee7d8e046d124 14fd9be1e847fe96]
CGC-S1: OUT phase=dec graph=3 il=1 ne=[2048 8 1] fnv1a64=ad9e5dce20907391 vals=[0.0262764 0.0198945 0.0309514 -0.0442942 -0.0288745 0.00605386 0.012462 -0.0172197]
CGC-S1: OUTSET phase=dec graph=3 il=1 nrows=8 set=a0ae794a4b090f28 rows=[671553f389793bcf 8cc51dfa448a8e01 77f7ad3be03ff1cd 1734ceacd277f03b 266d4f889f6843c0 b5c5a9439b000e5b 2014f326706b4d2d e9ed3fb4fcce2b70]
CGC-S1: OUT phase=dec graph=3 il=2 ne=[2048 8 1] fnv1a64=045deafea1a3f83b vals=[-0.01917 -0.0203395 -0.00166442 0.00165512 0.0254352 0.00359766 0.0295091 -0.0448579]
CGC-S1: OUTSET phase=dec graph=3 il=2 nrows=8 set=804770537a3bca4a rows=[643ece8ef091e1c9 9075462ed7d33132 80c8ab3a6b729ed0 f4c8ae135b974043 13ee273b0918cc82 d60250b0d84467ba e05f7c8a7aa4ef89 78df2cbf0bcfb9bd]
CGC-S1: OUT phase=dec graph=3 il=3 ne=[2048 8 1] fnv1a64=3b9c69bb62d9292f vals=[-0.0173149 0.0168224 -0.00928483 0.0403293 0.000936694 -0.040138 -0.0118534 -0.034358]
CGC-S1: OUTSET phase=dec graph=3 il=3 nrows=8 set=cb4022d751f0e4b1 rows=[d1237c4d25806ddd 84b19241a6b984f3 b029fc8a7119a16b e84e9c1bb1209050 b52ad7106456b703 172bfee439aafcb9 8fe1d6091c3d38b4 0acaf87f277d6f7b]
CGC-S1: OUT phase=dec graph=3 il=4 ne=[2048 8 1] fnv1a64=c65eb822624403fa vals=[0.0343973 -0.00229494 -0.00224574 0.00731703 -0.00181164 -0.0432218 -0.00668865 0.0062483]
CGC-S1: OUTSET phase=dec graph=3 il=4 nrows=8 set=3517fc55a66a3f96 rows=[01b84885676ef198 ed6c9142d108a37f 39c523de7ad3485e b2363df65a463a38 1f0aa2c57f765f2f eb8a883549b37f42 f2760b31d6897564 967ceb05509b9751]
CGC-S1: OUT phase=dec graph=3 il=5 ne=[2048 8 1] fnv1a64=7ec8469fdfb5323a vals=[0.0210688 -0.0423333 0.00123989 -0.00612136 -0.0486772 -0.0399225 -0.00342095 -0.0198005]
CGC-S1: OUTSET phase=dec graph=3 il=5 nrows=8 set=f9e637c003730e2b rows=[c0f75827ea22423e a2e8dc6c96f31aaa 3f9cca2fb828f75f d6f0765252b0d8e4 a365e8d08d811c09 c85712c361577b57 a9714bc6b0a33ac7 23e54c7a73c9f0eb]
CGC-S1: OUT phase=dec graph=3 il=6 ne=[2048 8 1] fnv1a64=a9b3f66218a87d52 vals=[0.0337938 0.00538966 -0.00739984 0.0204231 -0.00734129 0.0139687 0.0203276 -0.0207843]
CGC-S1: OUTSET phase=dec graph=3 il=6 nrows=8 set=746bf4a29fb5d092 rows=[27c7cd00d4e55a0f 8b397f44ae984fde b63b39542783aeeb 0e77a6f8c1066b90 8f3f6ffbcf3a485b 14f123184c7f5e20 b86ccec5d742964e 1c65acfe8cb3fbe6]
CGC-S1: OUT phase=dec graph=3 il=7 ne=[2048 8 1] fnv1a64=49299f1a69eca904 vals=[0.0290104 0.0288404 0.0301699 -0.0111443 0.0658481 0.031962 -0.025323 0.0067741]
CGC-S1: OUTSET phase=dec graph=3 il=7 nrows=8 set=aee953219001fcb8 rows=[ee52dfa1f9315103 eb0f19fb245d538a 0acee0a6bc113e00 0c1f5a12135c3756 940ff365b7d25e3b 1f04a60c8de87fc0 e910f76615da2c97 5826c38049a3d898]
CGC-S1: OUT phase=dec graph=3 il=8 ne=[2048 8 1] fnv1a64=26871b2b7723647b vals=[0.0816864 -0.0165165 -0.0812752 0.0230492 0.00203012 -0.0359824 -0.056271 0.0174242]
CGC-S1: OUTSET phase=dec graph=3 il=8 nrows=8 set=07c5862e8d501551 rows=[583ebeca6fb66536 968b73ee3cf08a1d 46e65b91d00cc77b 7f223e7055c15f0c ef8997575e99c240 fdc5636eda058af5 227f8e3b63807eee 149614240c61f807]
CGC-S1: OUT phase=dec graph=3 il=9 ne=[2048 8 1] fnv1a64=dde626eb44db5725 vals=[-0.00520811 0.0207592 0.0111831 -0.0970694 -0.0339697 -0.0713691 -0.0187335 0.0700891]
CGC-S1: OUTSET phase=dec graph=3 il=9 nrows=8 set=96782a5bfc7fb93e rows=[7e7032b121a5eca1 e1c44c16ca478062 e5e451d830e3a203 99f5e545a563c59b 45ce025ba3948cdf 03b0bfa1e2080654 dcd5adc3da926947 1ce2223be477d0b1]
CGC-S1: OUT phase=dec graph=3 il=10 ne=[2048 8 1] fnv1a64=6c0b01f00d95518c vals=[0.0701964 -0.0375109 -0.0155111 0.00239575 -0.0484555 0.000920068 0.0177375 0.0334008]
CGC-S1: OUTSET phase=dec graph=3 il=10 nrows=8 set=02f4a56010635674 rows=[8979ad250c27a5d7 8ea4e376a3d05a45 b30cffaca6c3fd36 915a2f5aaf8b89e2 2f300cad5e768216 d6eb8fa641d0a1d1 1238eb4faecf1f29 5f028aaa01d6ab7b]
CGC-S1: OUT phase=dec graph=3 il=11 ne=[2048 8 1] fnv1a64=9ce20c7165579a21 vals=[-0.0663709 0.0463365 0.0461751 0.0676352 -0.0827472 -0.0587334 0.0681373 0.129822]
CGC-S1: OUTSET phase=dec graph=3 il=11 nrows=8 set=7d23845d84d5fc90 rows=[4edaaa2babec9503 71c9a4dfdc54b3fb 92e5f40b3b6a165a 833fc60777ded2e4 7ef661c2d41a2798 3527bb2b9fcf8249 8c6761355f501b7a dff263601e553f63]
CGC-S1: OUT phase=dec graph=3 il=12 ne=[2048 8 1] fnv1a64=0b8341c29d82e948 vals=[-0.0127824 0.028849 -0.0454635 0.00995608 0.00597704 0.0310954 0.0278248 0.00513215]
CGC-S1: OUTSET phase=dec graph=3 il=12 nrows=8 set=17e03feaac4edc24 rows=[3b5bc92d9a84921e 2764890313c47300 86e8ee8a19bf773e 21d09c75f8937ebf 9d864c71e3981660 61dd85a024df8983 09f2480db6d335b1 106e2b95916d9faa]
CGC-S1: OUT phase=dec graph=3 il=13 ne=[2048 8 1] fnv1a64=796068ff7dca965a vals=[-0.0107779 -0.0138683 -0.0121492 -0.0139671 0.0438516 -0.02678 -0.0442105 -0.0434298]
CGC-S1: OUTSET phase=dec graph=3 il=13 nrows=8 set=2be555fccae8c9c6 rows=[0f5537aa4af2e0be 954f5d867c0defc0 56b0374ce107c467 e5a5b279bfb2e98f e6d68fbd410f41ef 487fbaf3fa2eb481 f16e4991873b9c5d ab653da821373d60]
CGC-S1: OUT phase=dec graph=3 il=14 ne=[2048 8 1] fnv1a64=b9a4195773c7fa18 vals=[0.0845817 0.0407901 -0.0143926 0.0395614 0.0416246 -0.0455978 0.00373828 -0.0612054]
CGC-S1: OUTSET phase=dec graph=3 il=14 nrows=8 set=adfe130ed7982860 rows=[6344ae5eaca3ce4b b248580c801072f3 15e8fd147627d78a ff66690948614e8c 14ac2b2a5d356844 e100ccc210e10e63 4b97601dfcbcf8da 27a86a03a089bd38]
CGC-S1: OUT phase=dec graph=3 il=15 ne=[2048 8 1] fnv1a64=5a3044c371bd3d7c vals=[-0.0118818 0.0422073 -0.0135015 0.00413409 0.0128092 -0.00415725 0.00942276 -0.0161655]
CGC-S1: OUTSET phase=dec graph=3 il=15 nrows=8 set=54aae7e1e4b5e11f rows=[1eea5044cd99ea73 8e109e0ad40e11f9 58b77824a4cd0ae8 f731cbce35ecf9f6 ae653b85788d635f f1206a10a8c209f3 d28ef40d7596acd3 4d974a8277201f78]
CGC-S1: OUT phase=dec graph=3 il=16 ne=[2048 8 1] fnv1a64=a7870afacf0bdd12 vals=[-0.0192794 -0.0237239 0.0299224 0.0461092 0.0196827 0.0576083 -0.0142579 0.00178487]
CGC-S1: OUTSET phase=dec graph=3 il=16 nrows=8 set=c624ef5d3c8e2a09 rows=[5b27579dc5b24070 827f778380397a13 f36b8ec5597f70aa d0cc8112fb7c79a4 2e52e1dc4be830f3 5c9d55fd24510f82 f13844a5fda4b2b4 c9119e9caaf3f3a1]
CGC-S1: OUT phase=dec graph=3 il=17 ne=[2048 8 1] fnv1a64=ff60ef8b9b568900 vals=[0.0392638 0.00380431 0.0293551 0.00369697 0.00378473 0.0416666 0.0198445 0.00739505]
CGC-S1: OUTSET phase=dec graph=3 il=17 nrows=8 set=c23245941aafe4b3 rows=[9e1b7d2a2ee10004 5374d28a7e3f40ee 5d2fbff4ffd3c7f3 af79bd703798484b 27e123ff53dc2d73 099ca496c3b3ca66 f794358c76a30f1d 785e6dd28f5100ad]
CGC-S1: OUT phase=dec graph=3 il=18 ne=[2048 8 1] fnv1a64=f4b44d79040e022c vals=[-0.0523304 -0.122128 0.00897553 -0.112391 0.0108858 0.0567434 -0.0198144 0.00664453]
CGC-S1: OUTSET phase=dec graph=3 il=18 nrows=8 set=86a272f90dafe938 rows=[df2c4e18b2310530 8a56abb66aa68660 2361d6e1b3ee3fac 7cc0828fba448d70 0c7916c0e8c7eb94 7f50469efe38a7f3 85db75ff8e5cddcd ba6bdcff1a859c65]
CGC-S1: OUT phase=dec graph=3 il=19 ne=[2048 8 1] fnv1a64=9baf706cefd60a31 vals=[-0.0600205 0.0669616 -0.00587551 0.00158347 0.00835194 0.00148972 0.0174092 -0.0156183]
CGC-S1: OUTSET phase=dec graph=3 il=19 nrows=8 set=288e2594d07a9df3 rows=[d2177f51118ead9a cc1b751bc1a58b2a 4402652b9908effe 2574114cfbe8e9f5 87aefc5f109db7c4 70249ace7c586685 f4d867af5de285ef 29f3f8a630078cc3]
CGC-S1: OUT phase=dec graph=3 il=20 ne=[2048 8 1] fnv1a64=2b9732eb85c26b88 vals=[-0.0467952 0.0128683 -0.0128609 0.00817786 -0.0214704 -0.0346918 0.0396337 0.0330088]
CGC-S1: OUTSET phase=dec graph=3 il=20 nrows=8 set=2e6c570c564383be rows=[60de83c430d8303c 4145a8441daf70a7 539bb93efca5f759 7fa430237b1c1208 1733c947a775090b 0187f83f5b30ed87 ae1864a4bda4f456 200a125c75bb443f]
CGC-S1: OUT phase=dec graph=3 il=21 ne=[2048 8 1] fnv1a64=59bf970d1d3dd9e0 vals=[0.0103122 -0.0336386 0.0378747 -0.0313543 -0.0487241 0.0037548 0.0171247 -0.007922]
CGC-S1: OUTSET phase=dec graph=3 il=21 nrows=8 set=c5d09ab7ad1595b6 rows=[bbb880931107fe28 66787b12cc99e0d1 c136d485a0d230c6 6d21cfe5cdcc0f36 a49300a331642b2b a5b8a11bb10c244c d771831f9c1ec9f3 ca0a794ff9aec43a]
CGC-S1: OUT phase=dec graph=3 il=22 ne=[2048 8 1] fnv1a64=640f69ad3281389b vals=[0.00357129 -0.0147525 -0.0147239 -0.0447033 0.128238 0.00972197 0.0147503 -0.0363909]
CGC-S1: OUTSET phase=dec graph=3 il=22 nrows=8 set=8061308479559831 rows=[c1b5b3dbec6b8a66 d58cfd608a7f0c6e 4361caad3c4effbd 667bff67522f6848 c5f9be193ffbbb4d c4a1924d64a6498d 4216c8853cf236ba 09aa19f669b4054b]
CGC-S1: OUT phase=dec graph=3 il=23 ne=[2048 8 1] fnv1a64=e408d2242cccb886 vals=[-0.0376894 -0.00415093 -0.0722081 0.040136 0.035127 -0.00569446 0.0335803 -0.00668897]
CGC-S1: OUTSET phase=dec graph=3 il=23 nrows=8 set=2922247a9165e60e rows=[8c2d6762a6c6fb2b ec016964b3548311 add085b937e71344 d817f42edd4635eb fd5c3906a243cd2f 012cf5e4253a125a f77741cf01561d5c 9796535985be7bb5]
CGC-S1: OUT phase=dec graph=3 il=24 ne=[2048 8 1] fnv1a64=eed2365a51c15b78 vals=[-0.0919574 -0.00422823 0.0240878 0.0125341 -0.0543559 -0.0192638 -0.0508396 0.00825277]
CGC-S1: OUTSET phase=dec graph=3 il=24 nrows=8 set=861d18bb66dca447 rows=[12432ddd86a74176 251a877ddeeeac0f fc592356729d4ade c32c6574faed6adc 71258b155aadc380 1a1ecef1c633efec 482672432ca4c63a 4e7f6e21a72ddd36]
CGC-S1: OUT phase=dec graph=3 il=25 ne=[2048 8 1] fnv1a64=d0080207f6d85f94 vals=[0.176368 -0.0412389 0.0309772 0.0526867 -0.0493142 0.024773 0.0630483 0.0871071]
CGC-S1: OUTSET phase=dec graph=3 il=25 nrows=8 set=e9cf92c03f5af81e rows=[c2e0b0d48eb36640 fe138ca605a47307 64c3b8cb12f9ae38 11c0273802b772e0 b175cb80a2d497af 4dcdae61e97e060c 91d27459e7ad1b3e c3357f7471bd7645]
CGC-S1: OUT phase=dec graph=3 il=26 ne=[2048 8 1] fnv1a64=d4e35fe5ddee9dbc vals=[0.0174803 0.0542627 -0.0208334 0.0531758 -0.0142439 0.0362182 -0.0128415 0.029795]
CGC-S1: OUTSET phase=dec graph=3 il=26 nrows=8 set=009c9584c74b878b rows=[ac4096ecb8754eb8 6ea3e9e0fadc5007 ed5d24075b990b59 6a57db1d248e8c8e 4b72fd6d7445d66c f64f853ccb2306c6 c17cdba2ecd8a032 113220fdaa7dfea7]
CGC-S1: OUT phase=dec graph=3 il=27 ne=[2048 8 1] fnv1a64=2b2182cbfa223328 vals=[-0.0559604 -0.0563195 0.0273639 0.0428766 0.074035 -0.0301119 -0.0263468 -0.00844821]
CGC-S1: OUTSET phase=dec graph=3 il=27 nrows=8 set=2f574ee8288468c4 rows=[e14b14b1962d1a26 f64e601e49b32d4c de3c62c5c7d7038a 7472f8b860835af1 ba0f5fd9dd7ca276 dbc18c6e7ada713f b9d615f73fc01aeb e99a6fad8f9e6704]
CGC-S1: OUT phase=dec graph=3 il=28 ne=[2048 8 1] fnv1a64=4f0b34cf5c03ed17 vals=[-0.0399477 -0.023924 0.0504681 0.0151863 -0.0426453 0.0344699 -0.0409795 0.0465811]
CGC-S1: OUTSET phase=dec graph=3 il=28 nrows=8 set=dcb1024ed9686109 rows=[497f6989afa3292b e37444f169792f32 84a834a03d8bab18 1960f966cbe3e141 58724882c09a239f 0ad567fb8d0f361d f9d6ebc410e1d883 8c739c9cbe7a5e1d]
CGC-S1: OUT phase=dec graph=3 il=29 ne=[2048 8 1] fnv1a64=4bfe7c839a9bac71 vals=[-0.0482163 0.00238873 -0.095782 -0.0348065 -0.0287045 -0.0437006 0.0126243 0.0130809]
CGC-S1: OUTSET phase=dec graph=3 il=29 nrows=8 set=0d43a0a587170234 rows=[c1cfbffe4724cea1 ea6295c3b9a18cab 446cd2d3850aeb3a cd8c136e4437b0bf 95a73aa7f0862b1b 672a2b9b17a2dfa3 f5cdf21213afe8e8 e2228518cfc01229]
CGC-S1: OUT phase=dec graph=3 il=30 ne=[2048 8 1] fnv1a64=9cb0fa21c7a8aab0 vals=[0.0432343 0.00799162 0.0203993 -0.0466181 -0.0678742 -0.0443253 -0.0240729 -0.0144852]
CGC-S1: OUTSET phase=dec graph=3 il=30 nrows=8 set=c9a1cf4b14ffd261 rows=[a8558ea3f86c9e09 c8a78705d8842976 4973583293b7e95e e67446674e3db2a7 bd7a1ab423267543 d379bd1c9c979c8a 225558e5e2df8d69 451b749298ace111]
CGC-S1: OUT phase=dec graph=3 il=31 ne=[2048 8 1] fnv1a64=96ee535ca774315b vals=[-0.0823927 0.0234081 0.0143831 -0.0496244 -0.0376711 0.061331 0.0493383 -0.0106713]
CGC-S1: OUTSET phase=dec graph=3 il=31 nrows=8 set=ce76d105a7cc74da rows=[693338d867fdd1f1 38e9d67de522c17f 2b4314759161b352 ff2d412059e1341c bc86a744eb587182 d68c99d0411919c9 795cdb6e86ef0552 c6add555b9e50959]
CGC-S1: OUT phase=dec graph=3 il=32 ne=[2048 8 1] fnv1a64=ba87ed339f67f662 vals=[-0.0258117 0.0274529 0.0540966 -0.0903695 0.000542697 -0.0119826 0.00258102 0.0177104]
CGC-S1: OUTSET phase=dec graph=3 il=32 nrows=8 set=4b374956df82bbe0 rows=[1186ee5aad251d03 44561204e01dedd0 5e93a7b024545667 8572f81cc0833a9d 2e28d95777b7908a 2056517ad9956f10 fbb699dcf8cfc3ed 873df5f15dd5c8e3]
CGC-S1: OUT phase=dec graph=3 il=33 ne=[2048 8 1] fnv1a64=c49390cc8ff1e2fe vals=[0.239408 0.210822 0.0666595 0.0289129 0.0542081 -0.0738257 -0.164106 0.130887]
CGC-S1: OUTSET phase=dec graph=3 il=33 nrows=8 set=ef73f25cba9dc81d rows=[9e5dd9695237e147 308d96ff53e0adca 277de8ba01ff747c 43f15c1c8fc84154 97cb8b26694003fe fb93aef9b19e6a58 fbbf3de87599acbd 9c1dc71a8c2a5853]
CGC-S1: OUT phase=dec graph=3 il=34 ne=[2048 8 1] fnv1a64=213c4a27299c30a3 vals=[-0.0883509 0.0390615 -0.0471766 0.0884319 -0.133314 -0.129867 -0.0333739 0.0333964]
CGC-S1: OUTSET phase=dec graph=3 il=34 nrows=8 set=fe18d578be15eb06 rows=[b13fd8a555895a2f 351108a6fb3c02be 6bbcf3864cb0dd8b 5badabe2cbbed7d9 a29773fc898235a5 099ae2be6f4940a8 2e2a37fd1dca8e1a b5ba35afd8bb0bb4]
CGC-S1: OUT phase=dec graph=3 il=35 ne=[2048 8 1] fnv1a64=1c243fb5335a0169 vals=[0.35612 0.0209407 -0.265966 0.849116 0.219288 0.0921311 0.0258908 -0.0963705]
CGC-S1: OUTSET phase=dec graph=3 il=35 nrows=8 set=9d98cfb558d53d04 rows=[426885d32055c82f 930b58cf397b2fcc 477ebe5706217351 3c47999d3bfc2300 78532d81d9473ec6 1ac969f9542a305d 2319f15aa815478a be3fad4a8f3a2f8d]
CGC-S1: OUT phase=dec graph=3 il=36 ne=[2048 8 1] fnv1a64=59dbc44aef20fd20 vals=[0.0912141 0.00357141 -0.0953037 0.0740438 0.0608137 -0.127845 -0.0277152 -0.0146533]
CGC-S1: OUTSET phase=dec graph=3 il=36 nrows=8 set=d411afdb9a11f009 rows=[8b193fdd06732c25 655033b118499734 27f0dcd984371604 6493c9fa39cba843 f2136b8649f95351 f7eef14e65290207 7147efe03bb18f30 a41f366740f5ac93]
CGC-S1: OUT phase=dec graph=3 il=37 ne=[2048 8 1] fnv1a64=c5a04cceba9267bf vals=[-0.172792 -0.0141824 -0.0358006 0.317582 -0.0620834 0.250427 0.0764012 0.0102134]
CGC-S1: OUTSET phase=dec graph=3 il=37 nrows=8 set=a997021f1600ba1b rows=[3e4225f903ffd768 ded094bb291ff0e0 4ed9ed5de4432d0b 3533083c3c5c2c2d 938040dc63c6c18c 88814e51ebc6c40e 464f30c3bdc10a09 8136a61033b33a01]
CGC-S1: OUT phase=dec graph=3 il=38 ne=[2048 8 1] fnv1a64=7f82fb8825576c3c vals=[-0.0452636 0.19098 -0.0771521 -0.105833 0.016975 0.0142223 0.147706 0.00658775]
CGC-S1: OUTSET phase=dec graph=3 il=38 nrows=8 set=dc8e1fac30c382dd rows=[f922a074e869fde9 3678a11a87c51c16 50a154613fcf9882 f791f02e9f35eb0e 59cc4aeed26e5d52 61bf11f240ebed3b d97bb90de2c6e1e1 af15f0324be1e228]
CGC-S1: OUT phase=dec graph=3 il=39 ne=[2048 8 1] fnv1a64=49d25e94125113a2 vals=[-0.444853 -0.239007 0.606712 0.109451 0.222349 0.236366 -0.0948845 0.201648]
CGC-S1: OUTSET phase=dec graph=3 il=39 nrows=8 set=666fee13694929b8 rows=[3d6c70800ac0a0bd 84426e575d11455d c8e1934e13debaeb 995215414a8b72c6 77bf9a95ff9a0ab3 2a946ceb5fbc02d6 86031e346a498e83 d7fa761ebf27d12e]
CGC-S1: OUT phase=dec graph=4 il=0 ne=[2048 8 1] fnv1a64=5990276a52b28b40 vals=[-0.00552373 -0.0005536 0.0125198 -0.0169432 -0.00510295 -0.00111451 0.0160202 0.00160784]
CGC-S1: OUTSET phase=dec graph=4 il=0 nrows=8 set=8531f19b4691d450 rows=[876d33108fc23998 a202fd23148ba246 5bdcec6a63713934 456253e578532e32 77c7f42c818ec6ee e1a0714112c8c0e3 1b41a62cdf645d1d abd2d5445b1f3897]
CGC-S1: OUT phase=dec graph=4 il=1 ne=[2048 8 1] fnv1a64=84f61290c2d6e46a vals=[0.0154397 0.00510156 0.00716648 0.0071778 -0.0136719 -0.0604521 0.0045205 -0.0068318]
CGC-S1: OUTSET phase=dec graph=4 il=1 nrows=8 set=9de7808557f1de0c rows=[3f806be73c4811fa 54b046fd7ace9b3a 33e07c0323220dfd 8128001b5357fbab 92f7a3c49e6c1bb0 1c9c74f3002d07f9 8eb7e6329327e0cf 4d60a320b7d28919]
CGC-S1: OUT phase=dec graph=4 il=2 ne=[2048 8 1] fnv1a64=e5309922a23827bd vals=[-0.0255208 0.00628461 -0.00910201 0.00172505 -0.00480669 0.00299738 -0.0234165 0.0141951]
CGC-S1: OUTSET phase=dec graph=4 il=2 nrows=8 set=f60e69071c7e17e9 rows=[2f4689cb34a1e9e7 5ca43ec202b43e27 0907d9bd0c80116a 7047353a8773564c 28b92a768e7fcb25 82f95f62d12c177d b0144b4d93c362be 75dc584358316486]
CGC-S1: OUT phase=dec graph=4 il=3 ne=[2048 8 1] fnv1a64=80c1dab1cbc12267 vals=[-0.027791 0.0249733 0.0081653 -0.018569 0.00225838 -0.0090111 0.011291 0.0117848]
CGC-S1: OUTSET phase=dec graph=4 il=3 nrows=8 set=a3d8010b2e2a2471 rows=[b5c6806ac1288d2e 7ef992809c65404b aca096b91600e101 b7837e469fab423c 30451b2963012aeb c03994b540689066 7f48c219a8354c52 4f5e74d2bfcabd87]
CGC-S1: OUT phase=dec graph=4 il=4 ne=[2048 8 1] fnv1a64=3ef750c6525c36c0 vals=[0.0380947 -0.0225306 -0.0417413 0.00669024 0.0328065 -0.0375186 -0.0150658 0.0321308]
CGC-S1: OUTSET phase=dec graph=4 il=4 nrows=8 set=ed396b95b4b01116 rows=[c52f23dc90df1edd 5e7fae7a02065178 2d6b28a052a07a4b f7a61591bea613c5 feee5f06a07a6503 953b97dfa323ef98 cef4a61baf53fdb7 82b0cc58c333f32c]
CGC-S1: OUT phase=dec graph=4 il=5 ne=[2048 8 1] fnv1a64=c6bb61dfbe74c188 vals=[-0.00266534 -0.0011419 0.0171901 0.000511216 0.0289565 0.0238328 0.00750972 0.0145688]
CGC-S1: OUTSET phase=dec graph=4 il=5 nrows=8 set=076fdb41495aa45b rows=[06baac9619cdf5c5 5bc96ece0e4179ed 45df533d00517bd6 f7b8c41ef47e6f07 a9c9143bd2272886 62adeeb7dd738914 c91dee90bf9c7de0 aaccbd59a73e90f0]
CGC-S1: OUT phase=dec graph=4 il=6 ne=[2048 8 1] fnv1a64=00a9b4968c03614d vals=[0.021786 -0.00680886 -0.0107653 0.0281733 0.00199147 0.0164754 -0.00784608 -0.00137623]
CGC-S1: OUTSET phase=dec graph=4 il=6 nrows=8 set=0285bfb923011625 rows=[3cbcf15de5dc0e00 5661a961165f1542 3b132777bd47d58e 5fae27d163681e3b 1c06857df690e2e3 cd7fe531594af289 6b71b1a19ecae9cb 6fb1c565591b876c]
CGC-S1: OUT phase=dec graph=4 il=7 ne=[2048 8 1] fnv1a64=03e78b4013b744cd vals=[-0.00383756 0.016428 0.0255999 -0.00869958 0.0720484 0.00903943 -0.050281 -0.00936962]
CGC-S1: OUTSET phase=dec graph=4 il=7 nrows=8 set=0fcb44544c35ca83 rows=[d592368d4dff330d 193b4a3fba41f58d fae7dbc4eb858a8d f3251ee0caa3610d ed1e4c56041cb40e a3078b0b5ee5295f 97540352c403f5e4 3c8e16a80cc3840b]
CGC-S1: OUT phase=dec graph=4 il=8 ne=[2048 8 1] fnv1a64=2eda37022b04cad7 vals=[-0.0397364 0.0367433 -0.0171762 0.00781998 -0.0116019 -0.0449112 -0.00368833 0.00255794]
CGC-S1: OUTSET phase=dec graph=4 il=8 nrows=8 set=3fdc4bb16a975042 rows=[8b0c1a14d634c339 85c1bdcd36701bbc 9ad4be0eaaced5da 27fc8f0798c5a63b 0599a47898d80233 976a2768a473c438 ffae6aa5ec2e3992 921cba2b13411039]
CGC-S1: OUT phase=dec graph=4 il=9 ne=[2048 8 1] fnv1a64=cd2d048f10541db8 vals=[-0.0124105 -0.00191399 0.037617 -0.0023751 -0.0240585 -0.0292501 -0.0064608 -0.0248354]
CGC-S1: OUTSET phase=dec graph=4 il=9 nrows=8 set=7725137403aee294 rows=[00b189480824d86c 8131204708ed981d 411967d6d1ecacf1 1757201bf745d807 2fd970cb32e2591c 7391bd3c9c05df59 5ee8f97d3b1b7093 1199c2ed6c57cab2]
CGC-S1: OUT phase=dec graph=4 il=10 ne=[2048 8 1] fnv1a64=f753050d27a91263 vals=[0.0485114 -0.0440486 0.00570875 0.0106363 0.0100849 0.02509 0.0472975 0.0299518]
CGC-S1: OUTSET phase=dec graph=4 il=10 nrows=8 set=b305301f8ade8fea rows=[5c088887d36fe30c 88cb0ca3e9ec6377 9d63e47e620a1b83 f1718bee87f73602 e7c878a388e20fdc be1b770897cd10ec 07535fadcfe41183 1a148d377973e669]
CGC-S1: OUT phase=dec graph=4 il=11 ne=[2048 8 1] fnv1a64=3dbc8de4a8461321 vals=[-0.00182963 -0.0370889 0.00349109 0.0184549 0.0200108 -0.0318186 -0.0381891 -0.00965057]
CGC-S1: OUTSET phase=dec graph=4 il=11 nrows=8 set=671846081d052e70 rows=[d34abe109194c7ef 83d43b68ff780fcc c2117928c3d1e897 4a473de9311efde0 2cf88c5aedda00da 17bec09feed4e3c7 648445ed1059073b f5f3da3358a8f45c]
CGC-S1: OUT phase=dec graph=4 il=12 ne=[2048 8 1] fnv1a64=7bae9c17b4798f8e vals=[-0.00559987 0.10005 -0.0881446 0.0143348 0.0116279 -0.00589894 0.0541163 0.036323]
CGC-S1: OUTSET phase=dec graph=4 il=12 nrows=8 set=1c5760de651efbc1 rows=[9f5c9d2520fa0a54 a1e50041c5444802 5ad73e255d3c1e98 92d5aee9a08184cd 9ddd6b0fbf83b175 2098d33231230c39 f513f35c5651470e 3fc177eb00a21514]
CGC-S1: OUT phase=dec graph=4 il=13 ne=[2048 8 1] fnv1a64=a1af618c9e9ca6f7 vals=[-0.0252385 -0.000653296 0.0213458 -0.0328246 -0.0136593 -0.00887884 0.0351114 -0.0198394]
CGC-S1: OUTSET phase=dec graph=4 il=13 nrows=8 set=35658da289aee6b1 rows=[0a1897c12cc166a6 b884b48dce0c09a3 38f204dbcd7c997e 13c1782773c6873f 86a2563edb1a9136 7314179ee5cc64e9 ef23a438db88fe0e 9ee797bf541f21e1]
CGC-S1: OUT phase=dec graph=4 il=14 ne=[2048 8 1] fnv1a64=a78332bb586f21a2 vals=[-0.0022551 0.00646932 -0.00938908 0.0308032 -0.00453522 -0.044078 0.0249082 -0.0202641]
CGC-S1: OUTSET phase=dec graph=4 il=14 nrows=8 set=9427b0fdea0d12e7 rows=[723dc8f7719a0c35 1e32630d693c4d49 f0a4844889540d47 cdddc9d202cd0bc5 e176790f847d13e7 501a1e8fd4a484cf ead4f733845dd4ec 018b2f4f31bc4de3]
CGC-S1: OUT phase=dec graph=4 il=15 ne=[2048 8 1] fnv1a64=9119574e24f97f1e vals=[0.00968247 -0.00376974 0.0339655 0.0285585 0.054124 -0.0258907 0.0533129 -0.0428337]
CGC-S1: OUTSET phase=dec graph=4 il=15 nrows=8 set=ae8791047f284a0a rows=[2424bbf2e9052d52 9cb032fb7a2affc8 cc465374601b43ac 11c26e4340ae3a5e ea9456c0fdacffee e3e268f609adcc89 8504473b869ea367 0a0432e37fd9cf39]
CGC-S1: OUT phase=dec graph=4 il=16 ne=[2048 8 1] fnv1a64=b8875863cb719065 vals=[-0.0199303 -0.027513 0.0137025 0.0193714 -0.00636197 0.0770468 -0.0104823 -0.0076724]
CGC-S1: OUTSET phase=dec graph=4 il=16 nrows=8 set=a25a18d78a85c97b rows=[77b48b426af65b6f e5f32c725761906c 708ad9b094b4cc6a f6b5cf989d35412c 7f94914233ab17c1 1598009f593d5dfd 4083ec79f63cc97e 5d2708eefe5e96dd]
CGC-S1: OUT phase=dec graph=4 il=17 ne=[2048 8 1] fnv1a64=48c657b0a2be687c vals=[0.0560729 -0.0108579 0.0164245 -0.0333123 -0.0381067 -0.00575795 0.029811 -0.0124866]
CGC-S1: OUTSET phase=dec graph=4 il=17 nrows=8 set=7789b1b5129f604b rows=[e3e35b1f73bb5d09 133167e4c3853cbe 2767322c113276ae b59cd0b6cf09bd1d 311dbeeaeae3a954 5f8b60238c748d00 81674046e81efcbb 8b536c68d8540204]
CGC-S1: OUT phase=dec graph=4 il=18 ne=[2048 8 1] fnv1a64=3e2af901b40129f1 vals=[-0.0421574 -0.0812531 0.00410059 -0.09467 0.00874059 0.0262363 -0.00812646 0.0289724]
CGC-S1: OUTSET phase=dec graph=4 il=18 nrows=8 set=873aa3e7852d0738 rows=[fc418e6c08870ebf f1bcff388b4c5e69 7dc1e879492d5640 528c05dc31dbfa67 89cf59d7faa24c69 be849603d259a564 01200bcd64e31b12 cf24dbe5bc31bcfc]
CGC-S1: OUT phase=dec graph=4 il=19 ne=[2048 8 1] fnv1a64=9bcfe7e9c8046dc0 vals=[-0.0666457 0.0729565 -0.0278748 -0.02118 -0.0315236 0.0377218 0.0269643 0.000929568]
CGC-S1: OUTSET phase=dec graph=4 il=19 nrows=8 set=5470a812b18d5e4a rows=[30687df8a9a13127 e2943810b8268927 f27ec3172fb5ff55 367a9587379ed1a5 1715064ed5b74215 304419ebc407b887 d205508b7e9170b3 12b98b76f11d507a]
CGC-S1: OUT phase=dec graph=4 il=20 ne=[2048 8 1] fnv1a64=8b5dfeb159055aa6 vals=[0.156399 -0.128378 0.112634 0.018779 -0.0163385 0.0918824 0.0482617 0.0338564]
CGC-S1: OUTSET phase=dec graph=4 il=20 nrows=8 set=d12bb37695dac566 rows=[6334b5e9b5038bf8 09d5c68bf66a58ff 1be7613873bd4b8c 6a041c798f5fa2f7 b1e2d58bd68f2f6f 913e0748751d2826 f9b0b46f97c84b1d 8a31afe936e65a25]
CGC-S1: OUT phase=dec graph=4 il=21 ne=[2048 8 1] fnv1a64=cbbf2552bc9a377a vals=[-0.0315783 -0.0621967 -0.0628064 0.0226518 -0.0145646 -0.00284838 0.0248477 0.0595384]
CGC-S1: OUTSET phase=dec graph=4 il=21 nrows=8 set=aefa42bfbd827737 rows=[f44d7780d79665be 3aea13075ba2a79c 3dde11b9093fdb52 eab64e97f949e229 98c93ec3c7ba55fa e937e190e6a1d425 b798924d418af05a 13aae55232b04365]
CGC-S1: OUT phase=dec graph=4 il=22 ne=[2048 8 1] fnv1a64=b3eb13951a1ec09e vals=[-0.0683459 0.00351273 -0.0364597 0.0324608 0.0430357 -0.0331007 -0.00942742 0.0366481]
CGC-S1: OUTSET phase=dec graph=4 il=22 nrows=8 set=c63f855ebd6c66a0 rows=[e586943759cfd0a6 b26289568292f62d 8194a0f2fc29a6cf 9e00efb0d2298bf7 d1ce885b74e74aa8 97aa95f7afa5812a 8e1ae14158fcc9d5 9d345f952529d92d]
CGC-S1: OUT phase=dec graph=4 il=23 ne=[2048 8 1] fnv1a64=6a3ff4574382be98 vals=[0.00541563 0.0146158 -0.0566252 0.0210614 -0.0175942 0.0279141 0.0899324 -0.0428791]
CGC-S1: OUTSET phase=dec graph=4 il=23 nrows=8 set=a7de44dfb49852d2 rows=[da735f97da6bfc2c 082765061b7fdc84 65c5bd0407950f50 c6613c08f63b0476 dc56b02dfe5e6ee9 49b9ededd4a37338 9e51777a83fe69db 3ab48e5e0a7ae17b]
CGC-S1: OUT phase=dec graph=4 il=24 ne=[2048 8 1] fnv1a64=27e842d16d5e6a57 vals=[0.0449901 -0.116909 0.0355956 0.023174 -0.0136273 -0.0104991 -0.0947013 -0.0806903]
CGC-S1: OUTSET phase=dec graph=4 il=24 nrows=8 set=7c2e5d6ed857f96b rows=[9b67958c77f02fb9 e3b918ebcd881b2e ca40fec7cb5f2c55 cac7c46d4e5373b2 b2b59c8b2cf87c20 3845a9efebd4ba72 e56cc0275ab4048d 4f794b011c52b9f7]
CGC-S1: OUT phase=dec graph=4 il=25 ne=[2048 8 1] fnv1a64=605c45296552e5aa vals=[0.238066 0.0290599 0.0336668 0.0871339 -0.0658921 -0.047964 0.119079 0.0615165]
CGC-S1: OUTSET phase=dec graph=4 il=25 nrows=8 set=dece11b75d61b272 rows=[c636672daa9ce343 75a223e6b42ca1f5 3c81925daf7571fa 1b8390defad4f89b f525d934b363545d d587457de775b151 d37ba7e70ae3acd9 cf7a3445fd09e28b]
CGC-S1: OUT phase=dec graph=4 il=26 ne=[2048 8 1] fnv1a64=51eb164de8277a1b vals=[0.0790545 -0.0285402 0.0104092 -0.0672102 0.0324481 0.00142825 0.00296719 -0.023445]
CGC-S1: OUTSET phase=dec graph=4 il=26 nrows=8 set=df1e0cab6fab4031 rows=[82e0a185b4c2510a 012ca868c1803a6c 7016859da37ecdd8 de74962c35c45e21 870bf618978e2e5e eb12d1b9d1418f3b c686c17ed1478906 40aa168bd24b8d74]
CGC-S1: OUT phase=dec graph=4 il=27 ne=[2048 8 1] fnv1a64=4ac697bfe5f79128 vals=[0.00605824 -0.035372 0.0614817 -0.00327838 0.0370488 0.0127319 0.0336916 -0.0469957]
CGC-S1: OUTSET phase=dec graph=4 il=27 nrows=8 set=48591375c0422800 rows=[00473a5386dc8819 a90dcd0986516311 852e6392d4a3625a c8c8df0d0a46be26 bf43f03608cc39fb d989092c0b6cb594 2903e9e005ef06bb 97276f671b6ca143]
CGC-S1: OUT phase=dec graph=4 il=28 ne=[2048 8 1] fnv1a64=a223d9035e9bf26f vals=[-0.123981 0.0672709 -0.207169 0.0717203 -0.0641699 -0.115746 -0.0909891 -0.0450283]
CGC-S1: OUTSET phase=dec graph=4 il=28 nrows=8 set=553f6934bd7f7cf3 rows=[f0fb13951de97fa1 81a48c67d60f8a3a f981c6d0ae072ae4 fefa5ae0802a4ed5 89f31da2475726a1 dcacaa5259dd78c0 809f824c4f15a46e 5d5751fca78b7fb5]
CGC-S1: OUT phase=dec graph=4 il=29 ne=[2048 8 1] fnv1a64=76660d05e12fd87e vals=[-0.105506 -0.0182901 0.0504661 -0.0104158 -0.012252 0.0832945 0.0938821 0.0136287]
CGC-S1: OUTSET phase=dec graph=4 il=29 nrows=8 set=35c04415d52776d9 rows=[158bea7f0e1b228f 41ae3edff70ddfd8 69d6fa33f6fb1cb4 6b1863c813677255 32a22cacd70ee4cb 6afda35fb3480033 2447b82aa7bb0954 e4a94c09f492e8d3]
CGC-S1: OUT phase=dec graph=4 il=30 ne=[2048 8 1] fnv1a64=21f664da9c88785c vals=[0.168631 0.0154044 -0.0313889 -0.0138165 -0.00690409 0.150373 0.114195 -0.0403133]
CGC-S1: OUTSET phase=dec graph=4 il=30 nrows=8 set=557e938260cb146f rows=[683051f6bf4eefce dae03490068b0316 4d0da8bccf4c928e 1860bbebbc78b30f ab081a1f0b417e44 3663f567b137522f 8ee92aac9f3e9d5e 51b49a7b6a4f0107]
CGC-S1: OUT phase=dec graph=4 il=31 ne=[2048 8 1] fnv1a64=fbb1e7debe2bd95e vals=[0.0489811 0.0102697 0.00252361 0.0953394 0.0486073 0.0546789 0.0609543 -0.0438756]
CGC-S1: OUTSET phase=dec graph=4 il=31 nrows=8 set=7ea681a753e4544b rows=[2caebb2d8b4e9a22 2ee128b93eaeb3c8 b9ccd195fa9c515a d4ed57803f42cded 69c404e78cfb5ee1 7daa018900da0976 ad80f979154c0cca b3832bbe69be30d1]
CGC-S1: OUT phase=dec graph=4 il=32 ne=[2048 8 1] fnv1a64=c24c0b5366f9d8be vals=[0.0377684 0.218313 -0.141894 -0.0776798 -0.00670145 0.257883 0.0248454 -0.0951708]
CGC-S1: OUTSET phase=dec graph=4 il=32 nrows=8 set=6569017e508fe646 rows=[95478e40085efd3c d31c74a4296e3ad4 72e31642fa6fda74 866a636869d75f85 fd1377b8946445d7 ae8319af20aa5e44 4b0dc835ed4e5b42 08c46e4758891395]
CGC-S1: OUT phase=dec graph=4 il=33 ne=[2048 8 1] fnv1a64=d64b46c0234e46bc vals=[0.0152269 -0.0716014 -0.0665577 -0.0982633 0.00342257 -0.051414 0.0241584 -0.0384816]
CGC-S1: OUTSET phase=dec graph=4 il=33 nrows=8 set=e15ca9f88462b6ec rows=[62541b24517b1c65 875355b3424de94b 4c41fd373d6e9ec4 a8aed863b93b3678 a7638f52c0e8d2c9 20e8fde2e54ef8a3 51dd0d1ab0720b88 84c3a5aea57fa787]
CGC-S1: OUT phase=dec graph=4 il=34 ne=[2048 8 1] fnv1a64=bf0595ef7bd9c962 vals=[0.0816249 0.0135027 -0.0225192 -0.0476202 0.0125249 0.0440569 -0.00290973 -0.0945773]
CGC-S1: OUTSET phase=dec graph=4 il=34 nrows=8 set=9d19cff33b4eff9b rows=[c09b38cf58b5749a 670ee1a7f87e68d7 39405c60581aab83 79aaf24ae5b628aa bc0743910da56621 c2fe3b6109834dca 2c66ad6f94351f65 bb52376c332c4c17]
CGC-S1: OUT phase=dec graph=4 il=35 ne=[2048 8 1] fnv1a64=47136be5884134c3 vals=[0.147661 0.145856 0.00693 -0.0838756 -0.0150881 -0.0435366 0.033036 -0.0994345]
CGC-S1: OUTSET phase=dec graph=4 il=35 nrows=8 set=c288ca30fcc02cb1 rows=[cff4d163e502de91 2e22969754c310d9 d4c51d85f74d1ee1 feaf6aad371c8084 4e0ec1fe189e6388 bfa7b5bbb536cebf 2e9c3d4294a65820 ac24d323e14354ee]
CGC-S1: OUT phase=dec graph=4 il=36 ne=[2048 8 1] fnv1a64=7cb172e9af844ed4 vals=[-0.0346432 0.0958161 0.132132 0.0464301 0.0151833 0.158 0.00158294 -0.142226]
CGC-S1: OUTSET phase=dec graph=4 il=36 nrows=8 set=7ed98fb566686857 rows=[2d88c4977dca1098 74fe271f013e3961 0996817b63c9de6a ff65f2a152f5533f b671a253ace81856 a723e95cedb30ec5 fa41b18e2be03ce0 950b55229a9e5734]
CGC-S1: OUT phase=dec graph=4 il=37 ne=[2048 8 1] fnv1a64=f5a3332507089f6c vals=[0.0790113 0.107366 0.0208327 -0.0198708 -0.149785 0.0435006 -0.0683915 -0.181161]
CGC-S1: OUTSET phase=dec graph=4 il=37 nrows=8 set=1ac02fe94adf7c3d rows=[9e4b9585200834a3 0e720ef9e260cd1f 7a7d6a49d1924e85 685dbba6a79ce989 36bc403bf6cdda4f 6ff0a716e8e134ef 1a0862f8a31881d0 7d2eed3cabd36ecb]
CGC-S1: OUT phase=dec graph=4 il=38 ne=[2048 8 1] fnv1a64=3b45cdce0b6c34c4 vals=[-0.074961 0.0691469 0.151443 -0.121787 -0.171065 0.00573599 0.0171456 -0.0688767]
CGC-S1: OUTSET phase=dec graph=4 il=38 nrows=8 set=0041b351f08d1405 rows=[d80c79a308ea0fa6 becab705351a9ad1 91532f48ccbfc09d 34df16633e01f3c2 2d4f6892e3c2c2bf 0bb95d36963d35c2 cc45b89b467d2e53 a9854d2516e4b855]
CGC-S1: OUT phase=dec graph=4 il=39 ne=[2048 8 1] fnv1a64=0aab3736f4fdd7d4 vals=[-0.422546 0.161152 -0.209287 0.0996363 0.0611103 -0.367311 -0.532841 0.24114]
CGC-S1: OUTSET phase=dec graph=4 il=39 nrows=8 set=12f9614e15104808 rows=[b319557e483a90a5 d0f1bd7238008d7e 9491d3e407f6e0a2 22436b90151708ea bc11919cfedb8713 151573bb75865a71 851c0a2b72dd2759 b7ddb4008cf363eb]
CGC-SEG: wait 7707.5 cb 8344.7 submit 264.2 us (1440)
CGC-GPUTIME: step=36 segs=40 bufs=353 skipped=7 wait=126.52 gpu_busy_sum=120.20 (95%) gpu_union=114.70 (91%) gap=75.07 (59%) ms
CGC-S1: OUT phase=dec graph=5 il=0 ne=[2048 8 1] fnv1a64=c48877af71edbf6c vals=[0.00823097 -0.00345022 -0.0102837 0.0171281 0.00241306 -0.00572344 0.0105558 0.00780931]
CGC-S1: OUTSET phase=dec graph=5 il=0 nrows=8 set=d40d47170490cd17 rows=[39ea9efa5568f991 7ee8afdeb5e556a4 79d3582208e918f6 6020d6fd8b714ca5 10c8e2f2d432a09f 7c3e677974a9d66c d71f3b3b7dc80d9b eeb791f10e41bce9]
CGC-S1: OUT phase=dec graph=5 il=1 ne=[2048 8 1] fnv1a64=b92b264ca69c7886 vals=[0.00264808 -0.00704387 -0.0049234 0.00743017 -0.00033711 -0.0103423 -1.73124e-05 -0.010257]
CGC-S1: OUTSET phase=dec graph=5 il=1 nrows=8 set=e743468063554b67 rows=[c2a460f0b8e8a227 4ecc74a859df0851 270333ac49e3233a d5d1e0a10e5e2858 76331214ed65fcbe c8e1aef4d46ad887 cd554c3ce5722d9e b8d386fd61999416]
CGC-S1: OUT phase=dec graph=5 il=2 ne=[2048 8 1] fnv1a64=39dbe474b9d9b9d4 vals=[-0.00670954 0.00357527 0.0024959 -0.00620232 -0.000753468 0.000443214 0.00374953 0.00257344]
CGC-S1: OUTSET phase=dec graph=5 il=2 nrows=8 set=08ced8d7a87218b2 rows=[bbf2ef4bf1ff815a af38358e2ababac9 6579e586f20d96a3 3ec849045dabb857 96ce3c4d24976f4c 15ba31802dac04f5 8767891153f7872a 7e02f5b1b254d8ff]
CGC-S1: OUT phase=dec graph=5 il=3 ne=[2048 8 1] fnv1a64=452270f0ac8b5c36 vals=[0.0200532 -0.00688051 0.0269647 -0.00309699 -0.0183252 -0.0115978 -0.00889031 0.00977001]
CGC-S1: OUTSET phase=dec graph=5 il=3 nrows=8 set=b33425aa9743f7f0 rows=[69d2cf80ffffdf46 7bf93f073d9555b0 0fdcbc8d66673e49 baf708b2921682ae 7c1a9d83dd34c3a1 ba9a0d88714b1ded fb3e95dfb8aa190d cbe37e563abed005]
CGC-S1: OUT phase=dec graph=5 il=4 ne=[2048 8 1] fnv1a64=f16e8fe1ac6cb015 vals=[-0.00558703 0.00776654 -0.0109227 -0.00960156 -0.0154534 0.000385749 0.000735279 0.00188863]
CGC-S1: OUTSET phase=dec graph=5 il=4 nrows=8 set=39e6fe3e200cef94 rows=[0f3672ae3f643044 d0aefa22b60aa4e0 f25413597485da1b a50ef08a49658eb1 3a9efc1f7ad80975 8024c577243406b6 7fe91727159b783d b530d6b71dbc98fa]
CGC-S1: OUT phase=dec graph=5 il=5 ne=[2048 8 1] fnv1a64=d0fd7230bdaf60e1 vals=[0.00304575 -0.0146323 0.00207976 -0.0392224 -0.00332667 -0.0115783 -0.0183144 0.019307]
CGC-S1: OUTSET phase=dec graph=5 il=5 nrows=8 set=0a39f9054293c6c7 rows=[06e700cd27c8e69c 811e7b442c67071e 182230f0dd55fa6d 686b9d40a35a15b3 896442581986b4c5 d39e25e843a4da94 c57e9e362ce3345f 7feafbf21bc8f7a0]
CGC-S1: OUT phase=dec graph=5 il=6 ne=[2048 8 1] fnv1a64=027a6d1440a4258b vals=[-0.0498146 -0.0305571 -0.0141586 0.00633136 -0.00448673 -0.0140525 -0.0123375 0.036545]
CGC-S1: OUTSET phase=dec graph=5 il=6 nrows=8 set=27db1017629aab7e rows=[c726ac2688b1c21e 0bceb4f440b8e819 d80580dd9a6fbfc1 20ffdc8f8f23ab38 7c6ddbf766ca1273 8ca8e26090efa617 05bfdaccfcb72bee e333ef14a1ad70a0]
CGC-S1: OUT phase=dec graph=5 il=7 ne=[2048 8 1] fnv1a64=40991d742d303251 vals=[0.00099486 0.046677 0.00862273 0.00247196 -0.0143064 0.021461 -0.0136033 -0.0326841]
CGC-S1: OUTSET phase=dec graph=5 il=7 nrows=8 set=b43c3cc9cf51f324 rows=[8f16c3752aeb29cf ac1e834a6140bde0 579d827116bdcbcd 27843bbcd1f0a9b1 b1feba0e0e975b95 7230189f0b98fb20 007d3ec9a1bfea11 440448330290af91]
CGC-S1: OUT phase=dec graph=5 il=8 ne=[2048 8 1] fnv1a64=68941dd9533d46d9 vals=[0.0168854 -0.0313098 0.00841825 -0.0227323 -0.0538867 -0.0130322 0.0355359 -0.0366761]
CGC-S1: OUTSET phase=dec graph=5 il=8 nrows=8 set=64a287b701f27add rows=[e90d22e2e453b720 b48721826b1211ed ea6a5cda023deed4 4ea6b20fe99eb40a 0c9fcae4e48d6e30 efaa1360a69df7fb ab1c7cff21618e69 22c14fa8e6fef593]
CGC-S1: OUT phase=dec graph=5 il=9 ne=[2048 8 1] fnv1a64=fa881925577ddc1d vals=[-0.00323028 0.0105379 -0.00195949 -0.0252497 0.0206017 -0.0527567 0.00605213 -0.0213766]
CGC-S1: OUTSET phase=dec graph=5 il=9 nrows=8 set=db924a8bdff043e0 rows=[76edb11142e1c696 a0d29d9e469d77f6 53ed395acc05b5a4 1dc1c7ac3e957b4b d7a7d1e9c9a13992 29502c8585befff2 86d9cb74e1c2cadb 2c0ab44fd39ff57e]
CGC-S1: OUT phase=dec graph=5 il=10 ne=[2048 8 1] fnv1a64=842ea84caafa39f6 vals=[0.000250736 -0.0247834 -0.0281172 0.0518988 0.0203983 -0.0272526 0.00142692 -0.0313877]
CGC-S1: OUTSET phase=dec graph=5 il=10 nrows=8 set=46f672250f4d63e9 rows=[3aee56cd7f6b490a 173f0b29751076e9 bc28d98eb6b151d6 3194c4e7c85a9f98 52614dfe0763570c 633867c1ecc8eb16 9a0cd56f0d1cef4e 752cdbbf3e9f97b0]
CGC-S1: OUT phase=dec graph=5 il=11 ne=[2048 8 1] fnv1a64=f66ae22dab3f05a5 vals=[0.000365708 0.0614228 0.0488562 0.0701046 -0.0251373 0.102153 0.0807828 0.0193267]
CGC-S1: OUTSET phase=dec graph=5 il=11 nrows=8 set=d8f3ba809c5e7583 rows=[fe8a95e9f68e6420 d937a6aba035dcf8 d9eba3d16e28251e ff04915835ad5e6e bf753f7018c9f3d9 c9733dd2c538a1a2 24f8c7b59cde71bd bf7208ee51a58f70]
CGC-S1: OUT phase=dec graph=5 il=12 ne=[2048 8 1] fnv1a64=f2ebb30497ead023 vals=[0.0180265 -0.00712101 0.0125758 0.0545884 0.00642702 -0.0236474 -0.0381916 -0.00547475]
CGC-S1: OUTSET phase=dec graph=5 il=12 nrows=8 set=49a3bc81c8cbda6a rows=[8bcd562e222ed136 22b6b54b4e907871 028d064b7218058c 053706ee9aa06b69 96966dd91cffd448 22f07a505a41d503 6246aca91257db29 8c3cbae20fcf5a80]
CGC-S1: OUT phase=dec graph=5 il=13 ne=[2048 8 1] fnv1a64=c8f3b5b3e80f1934 vals=[-0.02235 -0.00409307 0.0294014 -0.0183696 -0.0337328 0.0303872 0.0655837 -0.0107887]
CGC-S1: OUTSET phase=dec graph=5 il=13 nrows=8 set=05eaf6d9cd4eaab1 rows=[93f9feec4ba4f7df d4def00474dfa27c bf0529ace764dd76 17e64f470ffacbbb 2ae14aece2e47fa6 36a90149361a8c6b 18a78db18322b08d 7beefa7fa6a2cfa1]
CGC-S1: OUT phase=dec graph=5 il=14 ne=[2048 8 1] fnv1a64=0f1efc2e2d24d49e vals=[0.00262787 -0.0307901 0.0011794 0.0142813 0.00478209 -0.0422783 -0.0292714 -0.0124905]
CGC-S1: OUTSET phase=dec graph=5 il=14 nrows=8 set=475729c01a8c25c1 rows=[0e4dbeb8fe5af9a1 39734ce6df27ed36 86e8552889fa4e15 dc4a0169f29d3be5 a91e46e249a76b3f a0b559987caf7d77 9a47fb74ca2b47ca a6d55d0710d4e9c8]
CGC-S1: OUT phase=dec graph=5 il=15 ne=[2048 8 1] fnv1a64=93ed9caa1c31b530 vals=[0.0635172 0.0106223 -0.0121478 -0.00605646 0.0298045 -0.00167188 -0.0182004 0.00804075]
CGC-S1: OUTSET phase=dec graph=5 il=15 nrows=8 set=80594ea5a811e9e7 rows=[b8a4df7ee9cb1d3d 6b8a13bac6cc6094 0dd7de073bdc5fed 653b612d9cac2685 6197fd3f3217710a ff408258c9cab124 8d96e7ba1ba9ab31 f0df63a946dd3425]
CGC-S1: OUT phase=dec graph=5 il=16 ne=[2048 8 1] fnv1a64=ad07b5646d66fdea vals=[0.131451 0.140571 -0.136995 0.0450345 0.0409557 0.00891534 0.00375679 0.0287845]
CGC-S1: OUTSET phase=dec graph=5 il=16 nrows=8 set=c8a5408644bfc5fc rows=[4bd9634e32461ca1 1e9b8f7d0e3b1fb2 444d2285bccc1995 181c5d3205c6d84e 09e2c659649d62c4 188153f7aa4a57e2 339ced34c3ed31e4 8a222b0af0b8a4cb]
CGC-S1: OUT phase=dec graph=5 il=17 ne=[2048 8 1] fnv1a64=1622d7a989043386 vals=[-0.0036909 -0.036046 0.00184353 -0.00944922 0.0110478 0.0188349 -0.0242783 0.0222965]
CGC-S1: OUTSET phase=dec graph=5 il=17 nrows=8 set=71f7194276e46aeb rows=[3c5cce56b44752b7 534788b7bb817fbd 78efb7bde3e4442f 8d37dbb36e6508e6 8f104dd5bbdd2443 24dfff5f802798bb 4b28344006b51714 746e72c8574b2542]
CGC-S1: OUT phase=dec graph=5 il=18 ne=[2048 8 1] fnv1a64=0823a4387ff779d8 vals=[-0.0111809 0.0268982 0.0219481 -0.0127497 -0.0126013 -0.0344117 -0.0191321 0.00642285]
CGC-S1: OUTSET phase=dec graph=5 il=18 nrows=8 set=6086b0a68929a64c rows=[915b236a651f3dac 745c95988cb545f5 922f6a7e9ffddab2 d72fdc4b3128255d dcab6bfbac5ac625 d90323659306091b 778d8f3699cc9d3d cf314177bfe88c36]
CGC-S1: OUT phase=dec graph=5 il=19 ne=[2048 8 1] fnv1a64=141db5662fc4aeb8 vals=[-0.0108052 0.0104807 -0.0184026 -0.00444489 -0.0296805 0.0651689 -0.0446428 0.000617753]
CGC-S1: OUTSET phase=dec graph=5 il=19 nrows=8 set=566789e9205c2243 rows=[592e9c06d3c74a9d 42871a37fb8e8910 6fcbf784cc21f2d5 e22d233011361109 cad0feb9c4a5bef3 7bc72705cbe8a228 d4e233c3b4c28b94 7f41432235ddabcd]
CGC-S1: OUT phase=dec graph=5 il=20 ne=[2048 8 1] fnv1a64=30473bde2e142c44 vals=[0.0145632 -0.0400829 0.0151391 -0.0217608 0.0363816 -0.00488013 0.048794 0.00609299]
CGC-S1: OUTSET phase=dec graph=5 il=20 nrows=8 set=abb230ec035b9b4e rows=[ed7abdd0566dbd71 299e1b83f73cc201 9f39d6a1f3e50fce 8d392bc29f4ed3de 77621f673d0d5d8a 41693c7665a74bef 78ff5ae9e5330d49 cfc34d04ccc717e7]
CGC-S1: OUT phase=dec graph=5 il=21 ne=[2048 8 1] fnv1a64=a0049bf5d27b7ba6 vals=[-0.0368545 0.000302846 0.00123094 0.0121084 0.00275617 0.00149918 -0.0218723 0.0142013]
CGC-S1: OUTSET phase=dec graph=5 il=21 nrows=8 set=43e04b402df47746 rows=[f18fa9eca00c1071 92a1b90369aac6e3 b4287c535a2adc20 0d1089ea2f59f8c5 51be64e093e95234 d50a6d081005477e a078013480bb10eb 67b3cf1dedd11157]
CGC-S1: OUT phase=dec graph=5 il=22 ne=[2048 8 1] fnv1a64=0c6d07fd8827ef30 vals=[0.00791237 -0.00100725 0.00771493 -0.00905035 -0.0447433 0.0225429 0.0907697 -0.0170433]
CGC-S1: OUTSET phase=dec graph=5 il=22 nrows=8 set=7c34b73ea9634aad rows=[7627dee38be296c3 5c7771f5d4ddf374 dbce04cf52a1d189 73088a6bfd8556ec 49f0e978b4b6de16 25c8cfb1f42914fc bcb310b886d0f442 4cac4fe02de5f71d]
CGC-S1: OUT phase=dec graph=5 il=23 ne=[2048 8 1] fnv1a64=994a8fb58fb63132 vals=[-0.023563 -0.0162339 0.0232671 0.001171 0.00274498 0.000209022 -0.00821134 -0.00449268]
CGC-S1: OUTSET phase=dec graph=5 il=23 nrows=8 set=629081b9893f3c84 rows=[758b9c5a2d324704 e731b733b096c534 5461917494221f26 6593ced449c0682b 8eac9995387729a2 66fe266660f97c0f 6a37b0fedab1b0a9 f7cc46a6a7dd2de8]
CGC-S1: OUT phase=dec graph=5 il=24 ne=[2048 8 1] fnv1a64=d08823a1ea75c2d7 vals=[0.0193794 -0.0317465 0.0336965 0.0203008 -0.00957379 -0.0471639 0.00521992 -0.0261545]
CGC-S1: OUTSET phase=dec graph=5 il=24 nrows=8 set=76c3c879ca09d4f8 rows=[d95637958df22754 37fab5c065cdee1d 1efe469e2db7ac35 94253ac208290cba 07325c1f217946f7 1ee1055679d200d0 114e7a559a7f2605 b9889f876eaf90a8]
CGC-S1: OUT phase=dec graph=5 il=25 ne=[2048 8 1] fnv1a64=0fc618c1a59b378b vals=[-0.0485956 0.0034521 -0.00321019 0.0306505 -0.0575433 0.0262884 0.044309 0.0366151]
CGC-S1: OUTSET phase=dec graph=5 il=25 nrows=8 set=58166cbcdde749d2 rows=[dcaad072d0a1c5c4 cb9863595feb5b5c 3592e6fbd378209e 00709d628c541ed6 65cf997306f36cbc 0ab842f7ddc4cecd 11ea00fa8c205b6b c6d9d270c83b6462]
CGC-S1: OUT phase=dec graph=5 il=26 ne=[2048 8 1] fnv1a64=97d2d39f1ef3d089 vals=[0.0264375 -0.0260572 0.0760353 -0.0173098 -0.0477743 -0.0627986 -0.0461248 -0.0265992]
CGC-S1: OUTSET phase=dec graph=5 il=26 nrows=8 set=ce4178624737c331 rows=[6d8573ba50e437e3 6273cad686f2d71b b314e2ebd1b23f5b 6e3034011b739b34 54fe395ee8d6a5fc 62f349fe7175e60b 3016ad3d6b645265 baa4ef8bfa761b47]
CGC-S1: OUT phase=dec graph=5 il=27 ne=[2048 8 1] fnv1a64=69b595372162bb63 vals=[-0.0390836 -0.0178117 0.0325528 -0.022463 -0.0347408 0.0128931 0.0135096 -0.0357552]
CGC-S1: OUTSET phase=dec graph=5 il=27 nrows=8 set=66a987e58ca73464 rows=[0a7d337f71900d0a a6c5a25fb8e30777 5a5ec78280ae12c8 0f9ba3242144ce1d 9256dafbb9362e41 dad5375f7a67dac9 c3d8c5683cb580ac 2ab0b56a93192164]
CGC-S1: OUT phase=dec graph=5 il=28 ne=[2048 8 1] fnv1a64=214646a190f7fd21 vals=[-0.0357047 0.0170564 -0.025834 0.0355344 0.0553439 0.118471 0.159174 0.101236]
CGC-S1: OUTSET phase=dec graph=5 il=28 nrows=8 set=b2f4feccfce11952 rows=[75ff231aa3ad6e79 12a17939a977af9f 81610f14d670995b 861a24f8b345973f 33ab064db8981556 47d48b53d8d1ef44 d7087e5a6dc879de 3de528ddde5470dc]
CGC-S1: OUT phase=dec graph=5 il=29 ne=[2048 8 1] fnv1a64=a90ffae4aeb7f0a2 vals=[-0.0924605 0.0108144 0.0188548 0.0565261 -0.102033 0.0121686 0.0312264 -0.0872429]
CGC-S1: OUTSET phase=dec graph=5 il=29 nrows=8 set=76c8255917bb25fb rows=[960edd823edd22f0 9359ac3384d53797 56f42840b4fc86d3 5531c6349a2481ee 573455b5b07c4607 482efc6856edf5cd af99171389298965 7e6e9c73beaec434]
CGC-S1: OUT phase=dec graph=5 il=30 ne=[2048 8 1] fnv1a64=d4a386c294fa0077 vals=[0.0349246 -0.023711 -0.0392164 -0.0186961 -0.069801 0.06462 0.0102397 -0.00388998]
CGC-S1: OUTSET phase=dec graph=5 il=30 nrows=8 set=4a3fcfd27fe217c0 rows=[2d713eac2db8263b b8c31552131a4f8d aa2a58de855f30bc e86c1ef21d6cc709 7f94739286839041 8bf299507ea9c003 755abe8022cc4ef0 a99df495b42da539]
CGC-S1: OUT phase=dec graph=5 il=31 ne=[2048 8 1] fnv1a64=475317a1ca527f1e vals=[0.0783737 -0.0395605 -0.104544 0.0865733 -0.0355761 0.0979109 -0.039734 -0.0843558]
CGC-S1: OUTSET phase=dec graph=5 il=31 nrows=8 set=31808501afda54bf rows=[eb031f08bceb5e67 558e7225b01403c7 b6f4de491ad8378e 1fc2826d620722b7 31ba24bf0174245a 83202a2834b8ebc5 a9c37c15a3552a79 1a7ab3d5e9d89e0a]
CGC-S1: OUT phase=dec graph=5 il=32 ne=[2048 8 1] fnv1a64=dc887c5303edd5c9 vals=[-0.271266 -0.0802608 0.0938073 0.00270409 0.00103299 0.0812121 -0.0457562 -0.0387617]
CGC-S1: OUTSET phase=dec graph=5 il=32 nrows=8 set=8fdb2b863c930d2e rows=[e00f951e2adea890 155947a71c6b62b4 508a2688a3629a92 e494cfcc44556fa6 c4befcc56d731fae cb053da5a761b258 ec56657d626bfeb2 1b1a590132bb2332]
CGC-S1: OUT phase=dec graph=5 il=33 ne=[2048 8 1] fnv1a64=52c0cd9a1082b3df vals=[0.064348 -0.166924 -0.0387337 0.0499982 0.145762 0.148231 0.111404 0.0877491]
CGC-S1: OUTSET phase=dec graph=5 il=33 nrows=8 set=d1c8c2d803cf9aff rows=[4b23df90061e3b4d 25f9ca6a79c53451 d9bfb4febee6fe8b f37339567c07e41a de19641f5d13e302 e275b9e79a3861d0 cc34f0dff666b448 cc4ed345fbc31683]
CGC-S1: OUT phase=dec graph=5 il=34 ne=[2048 8 1] fnv1a64=1bbcc03fa94cd5b6 vals=[-0.145906 -0.0573321 -0.0436242 0.0259976 0.188758 0.0320046 -0.126965 -0.0693081]
CGC-S1: OUTSET phase=dec graph=5 il=34 nrows=8 set=c2b971d5aa1f472e rows=[f35266adbeb1f35e 1d8aff6637fe5f66 d9ed14bce893569c c8a4cd3e373170e1 e1ea272d8a92b3d4 a1833d8a16b52768 58a6c1c9a04cf977 15738cdc02c81207]
CGC-S1: OUT phase=dec graph=5 il=35 ne=[2048 8 1] fnv1a64=c1efa6511d9ac550 vals=[0.0520858 0.0164949 -0.113644 0.178616 -0.00344442 -0.0304392 0.00627372 0.04299]
CGC-S1: OUTSET phase=dec graph=5 il=35 nrows=8 set=8b7f11d597f1c7ab rows=[1ad244da6385157c a77c1074fa665022 b48a458e5363b707 0b8923d1c466be51 fab907194c9392ee beecc7d40d70e1ae cd00dee1e4b3b75b 7aeef7cb9324493c]
CGC-S1: OUT phase=dec graph=5 il=36 ne=[2048 8 1] fnv1a64=626a7586d5b8ab34 vals=[-0.141467 0.262977 0.277683 0.0643328 0.0973331 -0.0678608 -0.104137 -0.0112991]
CGC-S1: OUTSET phase=dec graph=5 il=36 nrows=8 set=3da0294f154b8fd1 rows=[0a4d013929b22262 b168429ebce82a58 2b92d4f76f98a001 f46ceb1fe95a3748 bc1a46faa71a3216 b2b7f0da451d6c31 091c72483214e57a 7d13bb61cecdac61]
CGC-S1: OUT phase=dec graph=5 il=37 ne=[2048 8 1] fnv1a64=0fe07e7ec3a3d192 vals=[-0.0838091 0.0114418 0.00606756 0.0326374 -0.130234 0.0522192 -0.0835452 -0.185546]
CGC-S1: OUTSET phase=dec graph=5 il=37 nrows=8 set=7b038fa3eafbec55 rows=[11cabb38b3a7b4aa 75058b782ebe4660 037424d35ab7fb07 962eee0e4e61de4f 367bcf10085b935c c5027668837539d0 a795e87fe647a538 fd3786d5f75b7fa3]
CGC-S1: OUT phase=dec graph=5 il=38 ne=[2048 8 1] fnv1a64=3f92d8c6e3f8436e vals=[0.2707 -0.216263 0.537773 -0.00163534 0.159559 -0.0571873 -0.00120339 0.0188541]
CGC-S1: OUTSET phase=dec graph=5 il=38 nrows=8 set=2089351f706aa928 rows=[c915b84d000f4b69 77dff8837f349b14 c1b454680d2447c5 8744c22cd607de32 ae843692ef123a51 b46f98bf5e4f3473 662ebf5392730abb f702e27d11d936be]
CGC-S1: OUT phase=dec graph=5 il=39 ne=[2048 8 1] fnv1a64=96d488b030173e20 vals=[-0.413585 0.277971 -0.260184 0.0932422 -0.0807942 -0.284392 -0.552067 0.420311]
CGC-S1: OUTSET phase=dec graph=5 il=39 nrows=8 set=dfcc703794da447d rows=[8692bba1b121e4d7 aac2b01ed07bdd69 641d0a17ff53d191 2078701e166cc3b9 5f204979bc2a576d f12dc5ba227108e2 0848425a1bf08a23 45f44eca8d82a4d1]
0.36.759.289 W CGC-MMID-ASSERT name=ffn_moe_down-28 ne02=143 n_ids=8 | id_oob=8 (first=1059985771, total=203994) | zero_row=0 (first_id=-1, total=6) | zero_full=0 (first_id=-1, total=0) | src0 ne=[512,2048,143] nb02=450560 ids ne=[8,1] | ids_name='ffn_moe_slots-28' ids_op=37 ids_view_op=41 ids_data=0x13c871a80
CGC-S1: OUT phase=dec graph=6 il=0 ne=[2048 8 1] fnv1a64=6ad7ad770363a2e3 vals=[0.021409 -0.0162026 -0.0013976 -0.0026641 -0.00615308 -0.0412863 0.0382246 -0.00926398]
CGC-S1: OUTSET phase=dec graph=6 il=0 nrows=8 set=2a5676f9976ba83c rows=[58bd4eadd1df7bbc 905ae6fc6984abd3 b9c50da2e16bc73c 78b0b0ddab2707c5 5be1e02a12cf5f2d ff90e997a1ede557 990ed4a8bad168e5 26aa8959efd3f22d]
CGC-S1: OUT phase=dec graph=6 il=1 ne=[2048 8 1] fnv1a64=15e844e64b6064f5 vals=[0.0222927 -0.00138534 0.0048162 0.00639233 0.0120991 -0.0158705 0.00416248 -0.0285467]
CGC-S1: OUTSET phase=dec graph=6 il=1 nrows=8 set=81474d9d80b9614e rows=[76028fbdb4c167fd 1926402c658f5359 2acf9922bf1ab5ef 90e861417cad6dc9 a8a48148324d8f4a fbc835772f0171f9 d74cd1baa7547b73 5f991ebd771e68a0]
CGC-S1: OUT phase=dec graph=6 il=2 ne=[2048 8 1] fnv1a64=f7fa3decb8383791 vals=[-0.029579 -0.00508085 -0.0229072 -0.000694751 0.00916738 -0.00615823 0.0306993 0.00308995]
CGC-S1: OUTSET phase=dec graph=6 il=2 nrows=8 set=16e0d2169dc337c9 rows=[8a3677a120ad3f23 403ca85c734148fc 9beb8df504ebd171 d6f1cf93376284d0 44733d71403414a9 5e20b0d776b03162 b5e6f750d657b020 56f1fd335241c287]
CGC-S1: OUT phase=dec graph=6 il=3 ne=[2048 8 1] fnv1a64=6f2eb70dbbb57563 vals=[-0.00357805 -0.005236 -0.0178839 -0.0201596 -0.0116349 -0.00577374 0.0123579 0.000608488]
CGC-S1: OUTSET phase=dec graph=6 il=3 nrows=8 set=f6f65aba1ba05afc rows=[32613497ed208f52 c51bafea94cbba24 e81ffb06289ac28b e3ef8078200fd2ba 048562c553507c09 abca6a43e7bf9d8c f30eb84baec70407 9190fbef2acc72e1]
CGC-S1: OUT phase=dec graph=6 il=4 ne=[2048 8 1] fnv1a64=0c3dd3c5711cd97b vals=[0.000595747 0.0206668 0.0192636 -0.00809768 -0.0204707 -0.019167 0.0221098 -0.00464118]
CGC-S1: OUTSET phase=dec graph=6 il=4 nrows=8 set=c40359690e30639b rows=[c83b2f5e3802a4e5 46168ed8bb8d2c11 e4f2a8efc85f3adb 44cc1cdb6c328ccd dde0e4716d3681f9 5997391c0e3decc7 48b097a4895d08ea 300063ac43e44e86]
CGC-S1: OUT phase=dec graph=6 il=5 ne=[2048 8 1] fnv1a64=a39c96f288c55d7c vals=[-0.0244428 0.0626519 0.0257994 -0.020322 -0.0512043 -0.00821475 -0.0187951 -0.0317084]
CGC-S1: OUTSET phase=dec graph=6 il=5 nrows=8 set=8b324ec8e3a6d22a rows=[adc459d1a8f1bfe7 c8848a2d67392a98 98ba239086179e09 6886b2c86c38bda4 3acd850e323ec99e 8e849607e7ccaacb e8b59f60ab813fbf c2ec7bd7034a1293]
CGC-S1: OUT phase=dec graph=6 il=6 ne=[2048 8 1] fnv1a64=ed9acf9a25fe2fc7 vals=[0.00816911 0.00545607 -0.00219173 -0.00353498 -0.00473004 0.0349386 0.0102564 -0.0111952]
CGC-S1: OUTSET phase=dec graph=6 il=6 nrows=8 set=c479dcef9950c57e rows=[b3f346a3646dd717 cf2c967632580abe e9ca399e81e0fcdd 3f6fea6354d9fc37 238c2c5ac81ca53f d30fc5c918abb32d cf5905799d36d9cc 4cb370ba961338b9]
CGC-S1: OUT phase=dec graph=6 il=7 ne=[2048 8 1] fnv1a64=f14e10c928222cf2 vals=[0.01725 -0.00072653 -0.0142361 0.019516 0.0175829 0.00932473 -0.0331491 0.00900044]
CGC-S1: OUTSET phase=dec graph=6 il=7 nrows=8 set=d1925f91494a1264 rows=[9809fb2867397af1 8b28b745ad06787c 024b66867c05730d 6705b10f21a33da3 241c72aa10a4037f 704a93e75d68a3a1 e094a064d9f37e9e 6574f654dc33235e]
CGC-S1: OUT phase=dec graph=6 il=8 ne=[2048 8 1] fnv1a64=1ce47251dee30165 vals=[-0.0728106 0.0156785 -0.039603 -0.00378563 -0.0668389 0.0104333 0.026869 -0.0252641]
CGC-S1: OUTSET phase=dec graph=6 il=8 nrows=8 set=c1a7cfec02659e9e rows=[9960c705cea64690 7b98b206f6ea7166 1503cf9b2c8430ee 1f1fda4ac2435e4a 24c767b7d4ff258d 9870f9f24669a41b 9a765388bf577581 36b707e3c3c41203]
CGC-S1: OUT phase=dec graph=6 il=9 ne=[2048 8 1] fnv1a64=5c90a35d0fc47298 vals=[-0.0468542 0.0158771 0.0324766 0.0125385 -0.00939831 0.0347118 -0.0168495 0.00303789]
CGC-S1: OUTSET phase=dec graph=6 il=9 nrows=8 set=f13e9decabc37d9c rows=[b41e18c5d7c4ef0d 77bf06bc23643312 41d84b9e8d4903f4 69ee21fe9205acec 6a5bf8ce6a9365c5 917eefd5ca029ada 9c5156828474b7c9 b25572bf3975178a]
CGC-S1: OUT phase=dec graph=6 il=10 ne=[2048 8 1] fnv1a64=b04d1ea6ffffe17e vals=[-0.0346883 -0.00392733 0.016857 0.0333586 -0.0538216 0.0209291 0.0204862 -0.0247595]
CGC-S1: OUTSET phase=dec graph=6 il=10 nrows=8 set=bc1b732cf7632a67 rows=[6b9de80bd1e92642 fb60bfe3acb8737b 0d881537f1acb920 11c8969d7abf8e2e 04f777d8f0cad029 27227714ffa6bb96 5acd806a4e75b917 b0c75eb29468d65a]
CGC-S1: OUT phase=dec graph=6 il=11 ne=[2048 8 1] fnv1a64=5ae3c881bab993ac vals=[-0.0155459 0.0213237 -0.0232003 -0.0134768 -0.00268063 0.0304531 0.00634597 -0.0749851]
CGC-S1: OUTSET phase=dec graph=6 il=11 nrows=8 set=10d8a2cf8f479c47 rows=[fb0c081e099a5ccb f4f6569ae0261860 0de3ea3effa92d13 50c46ebb41b7a04d 9eeeddabaf74eeec 164662af7faebb32 fcd12e66623e172c 8d22ccab25525034]
CGC-S1: OUT phase=dec graph=6 il=12 ne=[2048 8 1] fnv1a64=b966a699a620e008 vals=[0.0173839 0.0314006 -0.0173003 0.0360207 0.00540751 -0.0411975 -0.00670838 0.0257894]
CGC-S1: OUTSET phase=dec graph=6 il=12 nrows=8 set=e32215674d8a358d rows=[bc9c59af25391290 a3ae11db88d1cdbc 8f384016c44f2bc7 ab4055136765a2df dc3c9413cffdb28e 4866bf36c5b843b9 dae97cb064d861b8 fb9284a6b90f0738]
CGC-S1: OUT phase=dec graph=6 il=13 ne=[2048 8 1] fnv1a64=525d7c2e043af97d vals=[-0.0165043 -0.00961495 -0.0223824 0.0124812 0.0184226 -0.00609069 -0.064424 0.000349655]
CGC-S1: OUTSET phase=dec graph=6 il=13 nrows=8 set=288a79695ce2b025 rows=[c5b830cd9dd849b3 e6ae64ad78e28dcc 9ad3468003e894c2 38415a2f0a991549 84a15c390cc425c7 26db14fd451cecda 3bf5fe8dc04dca75 bba9b3d79f56eb4e]
CGC-S1: OUT phase=dec graph=6 il=14 ne=[2048 8 1] fnv1a64=d6f2655889a442a1 vals=[0.000126578 0.00886522 -0.0119771 0.0275631 -0.0140516 -0.020165 0.0340439 0.0080261]
CGC-S1: OUTSET phase=dec graph=6 il=14 nrows=8 set=7d86372856829198 rows=[63bbc63283014c9a 4e51902394afd412 397c2934d12dc82e 1c40e4277b6e2544 d44cab5cfbee73bb 135eec5cabcd4594 2a8f6ad9d3401f04 a6d2fe24e15c93db]
CGC-S1: OUT phase=dec graph=6 il=15 ne=[2048 8 1] fnv1a64=1b3f2dec446b8606 vals=[0.0166843 0.0115876 -0.0264497 0.0169547 -0.00132854 -0.0212613 -0.0135038 0.0363354]
CGC-S1: OUTSET phase=dec graph=6 il=15 nrows=8 set=1eaa3aac266e94d6 rows=[10d997ad8c7349b2 6c48fad893165d37 5b068107ec580cb9 e15ceb3d140c9868 c7054dfca6b51daf 0dff7ead0bdea7e5 6501f444daf1d4c5 f52344687b4ed11a]
CGC-S1: OUT phase=dec graph=6 il=16 ne=[2048 8 1] fnv1a64=38393e7147b7f976 vals=[0.0311545 0.095832 0.000100499 -0.0527455 0.00817544 0.0731537 0.105952 -0.0243338]
CGC-S1: OUTSET phase=dec graph=6 il=16 nrows=8 set=178c417626d4591a rows=[d76da39b0aee14d5 047f3cacb6a6963e faabc7c8039439dd 128b8c8e0db396f8 72162968dd8797a4 85909d7f4687d96d 0747d0964174fb7a ed80ad7ae19dfbac]
CGC-S1: OUT phase=dec graph=6 il=17 ne=[2048 8 1] fnv1a64=941d159394e5f45c vals=[-0.0132068 0.035936 -0.00198389 -0.122171 -0.0776712 -0.0364237 -0.0626578 -0.0715476]
CGC-S1: OUTSET phase=dec graph=6 il=17 nrows=8 set=3137a91c6341d230 rows=[4694574b28ee0074 59e91c3ab7729287 eca71dea3b8f2b7c f8835498697dbb8b 231b86f89ca377ad 0478b939217575d6 4d2f4294d3df254f 10ecc89fbc35420b]
CGC-S1: OUT phase=dec graph=6 il=18 ne=[2048 8 1] fnv1a64=9886ee9f3911e0ce vals=[-0.0180472 -0.00669915 -0.0291168 -0.0355592 -0.0293366 -0.0447881 -0.0396787 0.0461435]
CGC-S1: OUTSET phase=dec graph=6 il=18 nrows=8 set=1a7010dc4594de18 rows=[28e7f647905de0ac 6ca74a610b625941 dc6fd7a725f837d1 fa4c411f5d1e9271 d05bd6736135d891 a3fd7121f801963e 300da69c0f432cf2 1534c7bed24a39d1]
CGC-S1: OUT phase=dec graph=6 il=19 ne=[2048 8 1] fnv1a64=7411b063739e95d2 vals=[-0.0139705 -0.012523 -0.0367188 0.0392579 -0.0127009 -0.0967064 0.00251789 0.0326095]
CGC-S1: OUTSET phase=dec graph=6 il=19 nrows=8 set=bae79e8a61a41a0a rows=[90fe866d44180e4f d10cb473f0a4e31f 5d45947200ff8e39 e1f2525fdaec94f7 e298e2b6057ce380 94508acb19a5bce1 915c71236e65f418 714886e50b97f442]
CGC-S1: OUT phase=dec graph=6 il=20 ne=[2048 8 1] fnv1a64=1831acdca06d0496 vals=[0.00274383 0.0038538 -0.0417107 0.0294442 0.0578978 0.0228132 0.0340144 -0.0349928]
CGC-S1: OUTSET phase=dec graph=6 il=20 nrows=8 set=6fbf1938420ce30c rows=[4e6a4e36f3215712 71e3281c8c27df28 aa46e106b74a3088 8ee9aa648342ef4c 4079fbf9c26534d3 bc963ae3afd86eb6 1027686e9ddd400e dd74fa78877f42f4]
CGC-S1: OUT phase=dec graph=6 il=21 ne=[2048 8 1] fnv1a64=204e74f05197aff5 vals=[0.0183392 -0.0681772 -0.101414 -0.0595639 0.0495543 -0.0177598 0.0158255 0.101044]
CGC-S1: OUTSET phase=dec graph=6 il=21 nrows=8 set=d04dcb038fa1657b rows=[ac1e87783c37ec27 0487ae5c0c7a439b 89515541ebb687a0 b125bc99ec6c8982 b120916f30dc642e 6c9178dba7c51114 260dbb0888d2572a 5994a5d4ea5fb4c4]
CGC-S1: OUT phase=dec graph=6 il=22 ne=[2048 8 1] fnv1a64=35e7a58ca24814d1 vals=[0.0405718 -0.00687039 0.00601921 0.0400951 -0.0871343 -0.00245087 -0.00358297 -0.013335]
CGC-S1: OUTSET phase=dec graph=6 il=22 nrows=8 set=a7aee31d7ddff39a rows=[be2b1b83ca181ea1 641066b9d63812c3 d3964b45ab2f57b5 eb63d00c26a55a36 739222a23e0dbd5d aaf98d6680aedc37 667cfd68fdf2cb3a 14b53cad21c7a693]
CGC-S1: OUT phase=dec graph=6 il=23 ne=[2048 8 1] fnv1a64=3b2348e05939916b vals=[-0.101429 -0.0159363 -0.0129599 0.0124391 0.0543084 0.0252978 -0.0189274 0.00185318]
CGC-S1: OUTSET phase=dec graph=6 il=23 nrows=8 set=55c71f84fc5cf1b5 rows=[c99f0d7ca2cf45cc 60821586be302d6a 529aba44fd465684 191504834aac37ea 87634c0f3c5f3bc7 e73d262a90f25b25 7b14d453f000636d 1d03bfe6ed69a04b]
CGC-S1: OUT phase=dec graph=6 il=24 ne=[2048 8 1] fnv1a64=b8d7839215657110 vals=[0.0197974 0.0090218 -0.0174885 -0.0238462 0.00951674 0.0163785 0.0328973 0.030047]
CGC-S1: OUTSET phase=dec graph=6 il=24 nrows=8 set=a5738729818fc475 rows=[0fd051a9ec0e7ff0 36f771517dc3863e 79c9f3b91e865f3e ab8af10ed60ea8e6 600203a41140e1a3 ce262267fb49801d 721eed19ed60adea 049c1981f5206ccd]
CGC-S1: OUT phase=dec graph=6 il=25 ne=[2048 8 1] fnv1a64=ca8071a69358fded vals=[-0.0136254 -0.01479 -0.0344545 0.0369532 0.0117086 -0.0490747 -0.0218182 -0.0496762]
CGC-S1: OUTSET phase=dec graph=6 il=25 nrows=8 set=9b7522490ca1a1a7 rows=[91e7380eb26e9792 1479507b3082af42 a39dc0f2fc0da463 1cc87b7667ee9d0f 7af805d12e37da87 7c07c53bac72789d 0dba93765e2e7c18 63452ff204a13eb8]
CGC-S1: OUT phase=dec graph=6 il=26 ne=[2048 8 1] fnv1a64=2de2d45477d4f7de vals=[0.00671462 0.0219259 0.0216649 0.0247305 -0.00607065 -0.0326333 -0.000606403 -0.030164]
CGC-S1: OUTSET phase=dec graph=6 il=26 nrows=8 set=5581a5417cd50f5b rows=[4998162947708bd0 f84fd79faa93c4e9 252d5bd93ca68765 939a269d3a2179c7 a68dfad7b4723941 f9f265b887f2da0a 94d1cccad5ee3abd 1f87d310f68a2d2c]
CGC-S1: OUT phase=dec graph=6 il=27 ne=[2048 8 1] fnv1a64=0aa999073951162f vals=[-0.0208898 -0.0807686 0.125915 -0.0990238 -0.0212982 -0.027616 0.0184714 0.00628656]
CGC-S1: OUTSET phase=dec graph=6 il=27 nrows=8 set=bab9fa9d0beca519 rows=[464adf8f17d2d6e6 00ad8e938e68d314 3d60289021027382 7b090b08985eae42 f42c264b7a7b7359 c3737f4e41b68530 08b89543651da2a5 93e6270028fd571e]
CGC-S1: OUT phase=dec graph=6 il=28 ne=[2048 8 1] fnv1a64=6c944b38fb5feb70 vals=[0.111022 -0.0379403 -0.0741277 -0.0309776 -0.0527612 0.141188 0.0434705 0.104011]
CGC-S1: OUTSET phase=dec graph=6 il=28 nrows=8 set=f6104d898434cea8 rows=[051e507bd41ecb39 6fce7e3ff299d402 f15e47302cc44be3 e5f36b2a159b7dfd cc508868a182e90d a7ab7b344a0236e9 6b0f173657267a17 ad500180294c4b81]
CGC-S1: OUT phase=dec graph=6 il=29 ne=[2048 8 1] fnv1a64=8bd2d58d2a3dde75 vals=[0.0102273 0.0236434 0.0522283 -0.0489059 -0.00653506 0.00138146 0.0173148 0.0257218]
CGC-S1: OUTSET phase=dec graph=6 il=29 nrows=8 set=f09cde5afe1bb2b4 rows=[3be0a454028f0a51 a21d54c4168beb22 87250d24cfefe631 fc889616abb230e5 d74fd4d7ff601664 f8d69ad4569293b5 48e78c2413407c32 fdf3da4c48bd3a2a]
CGC-S1: OUT phase=dec graph=6 il=30 ne=[2048 8 1] fnv1a64=d53aff48a8859c85 vals=[0.0403466 -0.118703 -0.0466224 -0.100421 -0.0892969 -0.078086 0.061065 0.102051]
CGC-S1: OUTSET phase=dec graph=6 il=30 nrows=8 set=38d5fa8b5f803198 rows=[aaa869ca39e4a475 d5aa19de9a50c6a9 646df92fae135fa3 dc564323077379f5 bb8890e845cb5e7c e23d9d1c09a037dd da379c857e903118 ceb39822714c9b91]
CGC-S1: OUT phase=dec graph=6 il=31 ne=[2048 8 1] fnv1a64=e6b89b5b71f46756 vals=[0.138023 -0.0581882 -0.0674656 0.071892 0.0619375 0.0319871 0.00545361 -0.0259815]
CGC-S1: OUTSET phase=dec graph=6 il=31 nrows=8 set=b6f2b9651e45eecb rows=[29621ef9e37e4230 acab129568901790 cbf4b08a9d6e772c 3646fba239201c44 99dcbb6d6bcb1c9a 45f9e034071892f5 64c3c52c7b37230a 266ec69482d5526c]
CGC-S1: OUT phase=dec graph=6 il=32 ne=[2048 8 1] fnv1a64=47d1a7e68d1e04dc vals=[-0.066732 -0.0716789 -0.140996 0.245607 0.0512722 0.154771 -0.0872131 -0.234747]
CGC-S1: OUTSET phase=dec graph=6 il=32 nrows=8 set=9c8c5c8bab416f6d rows=[226b3287dfb72497 ee51c48bc76e9bec 40f3658adcb7422f 80b9e60cddf78bcb 27f82d42629fca02 0c4c02fc2541cb7a 0d8807be12f30732 997b781b428fa416]
CGC-S1: OUT phase=dec graph=6 il=33 ne=[2048 8 1] fnv1a64=a904d7d7b2eabb4a vals=[0.0883988 0.0892173 -0.13798 -0.0762298 -0.0431427 -0.0190302 0.0993529 -0.056717]
CGC-S1: OUTSET phase=dec graph=6 il=33 nrows=8 set=64903503487e6806 rows=[ef85c3769418f8a3 548716aec75561a8 4dd3cfa20f19551b 8990d3e8ff3199a3 c2062a1f6fe3423e 164826834467cead 157097a206a11254 c0078ab15a9c06f9]
CGC-S1: OUT phase=dec graph=6 il=34 ne=[2048 8 1] fnv1a64=a39d20f4fd4852a0 vals=[0.0562938 -0.0915691 -0.070109 0.0718455 -0.0542661 0.014631 0.0349371 -0.0334739]
CGC-S1: OUTSET phase=dec graph=6 il=34 nrows=8 set=95d0c7bc761e6912 rows=[fc13466ee300166b 59a3a69f57b07207 c4f8d308634cc3b1 a1ce339f06b105a6 962300e869d22e7e a181df63aeea096a 4d2cd3c2159402ad 3e263fdc6d188c1d]
CGC-S1: OUT phase=dec graph=6 il=35 ne=[2048 8 1] fnv1a64=8965cdf3064cf2f2 vals=[0.0713602 0.335931 0.13992 0.127809 0.25653 0.0294726 -0.416537 -0.211273]
CGC-S1: OUTSET phase=dec graph=6 il=35 nrows=8 set=94e004cbae3ecd69 rows=[88c12d8cdfd0a5a6 3690c3c8f0ef3658 76acf27eee1c9f79 60dc69d2b74d715e 0345d9c6357290e5 9d9389bc01bcd275 a6d6a15dca9dfbd2 0eed7f3e1373faa2]
CGC-S1: OUT phase=dec graph=6 il=36 ne=[2048 8 1] fnv1a64=2c1f8857c52d57b9 vals=[0.00550076 -0.166079 -0.140619 0.0102786 0.0771323 -0.0815542 -0.00449304 -0.000192169]
CGC-S1: OUTSET phase=dec graph=6 il=36 nrows=8 set=04e40b11c42cc76b rows=[b9cecaea354c722d 28a9c3618036ebef fa098d159adc6e19 569c77b502af659f 4d6997a3b00b14a7 b81d56e024dcba84 582f4a68572e7cc0 c060fd0fbe1d56b9]
CGC-S1: OUT phase=dec graph=6 il=37 ne=[2048 8 1] fnv1a64=3534cf8408952ee8 vals=[0.108627 -0.0197808 0.00407624 0.126855 -0.199023 0.0761558 0.0634987 -0.0521806]
CGC-S1: OUTSET phase=dec graph=6 il=37 nrows=8 set=e3e95aa05a1f4320 rows=[776c42b3c43dd999 b77f50ea13265867 5a164d329dce85e7 61d8d9dee015a762 eaa95a8f328ab4b3 a2a6180dc48e2a31 931eee0427f10ace 969837ada2961ad8]
CGC-S1: OUT phase=dec graph=6 il=38 ne=[2048 8 1] fnv1a64=8deb453be793a73b vals=[0.100156 -0.21402 0.151417 0.0418808 -0.0206385 0.167565 -0.0135217 -0.0126377]
CGC-S1: OUTSET phase=dec graph=6 il=38 nrows=8 set=2f281f9169a626c0 rows=[02f08afd83686712 f6e4f59cb9e14e65 494401d607d9a326 1cb7ba45798edd35 579bc524c075bcb2 9ff65c793af9630d 80f962d4ec9de8b3 b258350fdd8f6e74]
CGC-S1: OUT phase=dec graph=6 il=39 ne=[2048 8 1] fnv1a64=1cd0a29580afde8a vals=[-0.337438 0.184467 -0.431494 0.0833666 0.0585712 -0.413175 -0.484686 0.448952]
CGC-S1: OUTSET phase=dec graph=6 il=39 nrows=8 set=743907db0702f545 rows=[9ed89cf1ad98821e 99d08cc3f6c3b7df d320e713200bbc3b 8d10736eb7ca2dfb a1a2d156c93c7e8b 74bf148d1bab95ae 3887b1e492bbeb77 1f5353b9ddc618ee]
0.36.797.498 I slot process_toke: id  0 | task 0 | CGC-SCAFFOLD-DBG: n_decoded=8 resp=0 think=0 gt_len=42 head=[巴黎並非法國的首都，而是法國]
CGC-S1: OUT phase=dec graph=7 il=0 ne=[2048 8 1] fnv1a64=423df275e80c62df vals=[-0.00501904 0.0114325 0.00364295 0.00844191 0.00821238 0.0388885 -0.0343466 -0.00171335]
CGC-S1: OUTSET phase=dec graph=7 il=0 nrows=8 set=ffcadbdbc6e4470f rows=[45f645e254aaae6f 83404f222c113a92 c03f2c5978760fdc 729a954ee88744ef ead8a0691b89315c bcf72ba5eb8be735 c9e3a5234cd6b9db 9d83ff833141d9f8]
CGC-S1: OUT phase=dec graph=7 il=1 ne=[2048 8 1] fnv1a64=a1439ae5d9320a8b vals=[0.00518316 -0.00275629 -0.0100672 0.0218918 0.0172951 0.00667594 -0.00781298 0.00661634]
CGC-S1: OUTSET phase=dec graph=7 il=1 nrows=8 set=8f043b5c7870548a rows=[5ce28abdfdde0e87 8e87dea74a80da53 4973527f25fb7a2d f544c9f6f01e844a 5ca67efcf3d975ad e230d16ca916e750 bbc90a689490d8d8 c3d0ebac99345932]
CGC-S1: OUT phase=dec graph=7 il=2 ne=[2048 8 1] fnv1a64=05f5fa511acf6eb9 vals=[-0.010791 -0.004068 -0.00799148 0.00944164 0.00684406 0.0122095 0.00601605 -0.00498727]
CGC-S1: OUTSET phase=dec graph=7 il=2 nrows=8 set=ba84601a12041f1a rows=[5e154b7b3c929b31 92847d67c622a9eb 5468c2ae9eaeb5e8 0f0b195e70cec378 e2aea0b8a2d8b8c2 b64c06663c108a94 8262de0cd17f7544 a784624de9a5c88a]
CGC-S1: OUT phase=dec graph=7 il=3 ne=[2048 8 1] fnv1a64=a7ffe453abd25895 vals=[0.00467094 -0.0022496 -0.00749311 0.00556164 -0.00213351 0.0164377 0.00574331 -0.00198222]
CGC-S1: OUTSET phase=dec graph=7 il=3 nrows=8 set=68a3fc5f634a1abc rows=[b3ada83339ade4e0 b3e509ea6ebc44c9 1f733831308dfa6a 54c4083ef9140de4 e98835b850a0351e 877825d4611fcecc 91329efb6091bf0c 00a6db397bcf22ef]
CGC-S1: OUT phase=dec graph=7 il=4 ne=[2048 8 1] fnv1a64=b4758672cd1e8b9e vals=[0.00205869 -0.00763459 -0.0288248 -0.00238718 0.0166495 0.00058102 0.0104573 0.011675]
CGC-S1: OUTSET phase=dec graph=7 il=4 nrows=8 set=b33ddd1aec802132 rows=[75dd798f647a455f 04e76075f573dade f29affe8e0678115 ad82307ae41263bc 5f25f245c1bfff18 90aa7abd23a1d9b9 3b0801c6e75c95e5 124f824ecd9a5cd9]
CGC-S1: OUT phase=dec graph=7 il=5 ne=[2048 8 1] fnv1a64=36ee9e15e85ecc3b vals=[0.0027834 -0.0189307 0.000965017 0.00513267 0.0144325 0.0304673 0.0157362 0.010039]
CGC-S1: OUTSET phase=dec graph=7 il=5 nrows=8 set=2767403a708ff83c rows=[2ecbc735b210d488 2a21ab1a42432172 4279ff980c5fcf8c ef0cda995cc9d558 d2547eff534169a3 b5682fa807e02c92 7fd00a949ade72de 2660b1089e615e89]
CGC-S1: OUT phase=dec graph=7 il=6 ne=[2048 8 1] fnv1a64=72bfc76fd76b8a59 vals=[0.0182906 0.00405656 -0.00845319 -0.0104227 -0.0307004 0.03348 0.0213721 -0.040498]
CGC-S1: OUTSET phase=dec graph=7 il=6 nrows=8 set=c861aac26da3c5e7 rows=[f06e1f811a1e9be6 45e2105f6944d3bd dea05ac71668940a 7755d8af33909de5 f023d89b862de7dd be770d953142d72d 3515c9445addfb60 23add4a0c3f87242]
CGC-S1: OUT phase=dec graph=7 il=7 ne=[2048 8 1] fnv1a64=bb81924d6b816549 vals=[0.000417525 -0.00407364 -0.00156069 -0.00401654 0.0158068 0.0100383 -0.0458883 -0.0167859]
CGC-S1: OUTSET phase=dec graph=7 il=7 nrows=8 set=1866598ff0c431bf rows=[9392daa82f13836e 48971424f89152cd d594defead4adaa3 7d00776b852bc985 cc100ae80c079077 67965db95c752196 0531ad11285069e9 fce52b97432d944b]
CGC-S1: OUT phase=dec graph=7 il=8 ne=[2048 8 1] fnv1a64=08741b8da7406e9f vals=[0.000910658 0.00214276 0.00532337 -0.0182315 0.0125747 -0.00445786 0.0109163 0.00753655]
CGC-S1: OUTSET phase=dec graph=7 il=8 nrows=8 set=a7f7ee923e21a7e5 rows=[b3b02b2c545bbc5e e04003d98ddb4ee6 f87d179e856629fb 1eeceaf371643b37 c9d1607923fc82e4 11b4740768efd281 b34e3c66d9012724 e6dfd9745eee21f5]
CGC-S1: OUT phase=dec graph=7 il=9 ne=[2048 8 1] fnv1a64=7e6a06f77b0b543f vals=[0.0236255 -0.00682363 0.00417832 0.0162802 -0.0249391 0.00813862 0.0296347 0.00385962]
CGC-S1: OUTSET phase=dec graph=7 il=9 nrows=8 set=e4ba065cc9dc2a32 rows=[0adbd85f1cced28b 574fa7eb056f219c ff60ea1637f1f7c2 7a06e206d2da7194 8c3c4d843198b502 d9fd6b3dd5888863 78ebecb75d216a81 8c541a02673ce055]
CGC-S1: OUT phase=dec graph=7 il=10 ne=[2048 8 1] fnv1a64=3ee2728539494a45 vals=[-0.00849031 0.00421888 -0.0328722 -0.0327276 -0.0507894 0.0221234 0.0617578 -0.00947664]
CGC-S1: OUTSET phase=dec graph=7 il=10 nrows=8 set=619f73250de08436 rows=[2dd0e216440e0ef9 01fe96ace0f1e299 e8d8e1c464520f02 bb67ea21201affb0 c2755b53f2350080 b16f073653b30674 e10a0be83690acd6 f233326aed22d3b6]
CGC-S1: OUT phase=dec graph=7 il=11 ne=[2048 8 1] fnv1a64=c53b819bd310c873 vals=[0.014496 0.00639579 0.0151549 -0.0230939 -0.0355592 0.0434517 0.00267761 0.0534253]
CGC-S1: OUTSET phase=dec graph=7 il=11 nrows=8 set=b1e5c148536ee84a rows=[ebe34972f0642673 2134438f9fd0370d df034eccbd1fca99 2365fee7715a6d9e 047db3a8adcbf1b7 1d9b9f03b893e64c 00d008d3e3dae1ce 15086bc46f933590]
CGC-S1: OUT phase=dec graph=7 il=12 ne=[2048 8 1] fnv1a64=a9b18f5992b4fe60 vals=[0.00556033 0.0324585 -0.0610523 -0.0156699 0.0189112 -0.00714776 0.0436726 -0.0021173]
CGC-S1: OUTSET phase=dec graph=7 il=12 nrows=8 set=dacc4c71f6b3c0cd rows=[93f24d4d57b64e86 c40a40da85460117 4ec98a4b5aaae7f5 33c66c49d83481af ec7bc439bec1de36 ae8f1aece72e5cc8 2208adf8ad83ecfe 1156ef3c8b1fe300]
CGC-S1: OUT phase=dec graph=7 il=13 ne=[2048 8 1] fnv1a64=f839db113a30e2d5 vals=[0.0112535 0.0672539 0.033587 0.0117129 0.0188159 -0.03359 0.00529054 -0.0274233]
CGC-S1: OUTSET phase=dec graph=7 il=13 nrows=8 set=e24651f88caa2983 rows=[79a78e8697c33110 51d674972a1f2882 f5efb138097c51e2 7ee829f96bdf855b e402c284249b66f8 d902ecc0e6aba382 d5ed7f6a64c777a4 87dde8a6a9dd3b07]
CGC-S1: OUT phase=dec graph=7 il=14 ne=[2048 8 1] fnv1a64=631e2d05092622fb vals=[-0.0265845 0.0066187 0.0152514 -0.021917 0.0062649 0.0263419 0.029492 -0.0342999]
CGC-S1: OUTSET phase=dec graph=7 il=14 nrows=8 set=26c31e12b602ec60 rows=[b2bf9034fcd94c7d 09f918da5465dc00 4b7333bd75aa8f37 adbcb1aff003ecb5 d35d7d7a60970059 3681b3e560c1d88e f30b7b319b09ab68 b126249e2fd4cf44]
CGC-S1: OUT phase=dec graph=7 il=15 ne=[2048 8 1] fnv1a64=9e7beff7c89d97b2 vals=[-0.0176169 -0.0253452 0.0192799 0.0153889 0.0581828 -0.0372577 0.00474602 0.0256646]
CGC-S1: OUTSET phase=dec graph=7 il=15 nrows=8 set=e30fe35a6ee020fc rows=[5903fce8ebdedfcd b852b534cdc13251 0d462ec530285f22 9603fca8817175b1 98ebb73c6cc65cf4 e823bb0e5bd1ecdc 6686e717cd6a3aca ac05167256383084]
CGC-S1: OUT phase=dec graph=7 il=16 ne=[2048 8 1] fnv1a64=287ef497b3ecf184 vals=[0.0098643 0.00362515 -0.0170892 0.0151051 -0.014113 0.0342129 -0.00223205 -0.0285593]
CGC-S1: OUTSET phase=dec graph=7 il=16 nrows=8 set=8bd6221bac9eabc1 rows=[1a4285f107098118 856d26b6e079029d 0636b28abca122b3 2c640b15550a0846 b9f7da25d42b0344 b1593c8067eaa8d0 8d5eeed2cd36f0e0 bf08d2f46e8a30c7]
CGC-S1: OUT phase=dec graph=7 il=17 ne=[2048 8 1] fnv1a64=edfff57a2c3bd18c vals=[-0.0465656 0.00401721 -0.0323758 0.0159726 0.00434928 -0.0028917 0.0146987 0.00421837]
CGC-S1: OUTSET phase=dec graph=7 il=17 nrows=8 set=cf38fc37c6180181 rows=[ae8075072abadd31 d918525caa10cc5d be65a8aa8aec23ab 6ba0f798d2bdc5ff d72440ce592a2920 c7443cf16c093744 72a0710c18319f0d 865f8c7cf0209c02]
CGC-S1: OUT phase=dec graph=7 il=18 ne=[2048 8 1] fnv1a64=3b8089a1fe98edde vals=[-0.0185984 -0.0518624 -0.0162074 -0.0460534 0.00562385 0.0026959 -0.0116639 0.016163]
CGC-S1: OUTSET phase=dec graph=7 il=18 nrows=8 set=bea21ba27744b750 rows=[c7ec2de45f23ee8a 2f697b4dd72670a5 6c94e63054bb5163 0cd88267f51286b2 a854ba589823b07b 77b42e0323e28327 0818c6e3576d11fb 48cbe858312d0d04]
CGC-S1: OUT phase=dec graph=7 il=19 ne=[2048 8 1] fnv1a64=48785ed23d2670d3 vals=[-0.0190167 0.010146 0.0136148 -0.0102133 0.000598745 -0.03143 -0.0055631 0.0307752]
CGC-S1: OUTSET phase=dec graph=7 il=19 nrows=8 set=f9b8dea76afdc794 rows=[6528a8ebbd3957e1 519736f0c77a7510 85a2d9f58b0700cf 1c623bfc06bb20ec 0afe5441eeec0db9 b9dcc4a2eeeb279e 56cd72179360ff35 41d08998dc04cab4]
CGC-S1: OUT phase=dec graph=7 il=20 ne=[2048 8 1] fnv1a64=113c112026b9b27c vals=[-0.00673747 -0.00855678 -0.0226248 -0.0257616 0.0278996 0.00873639 0.0355709 -0.000539681]
CGC-S1: OUTSET phase=dec graph=7 il=20 nrows=8 set=2d849ec0cb2d3579 rows=[6925dfb136358cc1 11311e8350588ba9 74ab8639be3e5530 889d07d7c82990c9 91c48b396b1f38db 4e68f788c531a60a 74cafeae21993205 5e2be3fe6699768e]
CGC-S1: OUT phase=dec graph=7 il=21 ne=[2048 8 1] fnv1a64=150ca47da04e9b94 vals=[-0.016629 -0.00300447 -0.0395827 -0.0173709 -0.0264517 0.0279213 0.0351374 -0.0561002]
CGC-S1: OUTSET phase=dec graph=7 il=21 nrows=8 set=205847a84e48ec9e rows=[090de8d1f44db68e 9236c8baab42e4a0 4b8e35e94a4166be 643fd2b0490001f1 41b91f919827ce90 042b4933a7b72db8 51cbab1bd68cccc0 2a34d6b912445492]
CGC-S1: OUT phase=dec graph=7 il=22 ne=[2048 8 1] fnv1a64=bf89daa46b8bb9ed vals=[0.0058588 0.0157398 -0.0192851 0.0385687 0.00271173 0.0350132 -0.0331382 0.0170585]
CGC-S1: OUTSET phase=dec graph=7 il=22 nrows=8 set=d7897225d3d9d9a8 rows=[d51f069dc3e6fd85 14f909857861804e c8a4797a2abe960f 34f06898831286af d37332fc260cfe15 c23ba3cf5214c9bc a98c39137af8f1a7 2398055a8cefd33b]
CGC-S1: OUT phase=dec graph=7 il=23 ne=[2048 8 1] fnv1a64=05eb4d0644bcfce2 vals=[0.0339286 -0.0821324 0.042926 0.00225579 -0.0321584 0.019349 0.0217709 0.00465857]
CGC-S1: OUTSET phase=dec graph=7 il=23 nrows=8 set=1f31c48c2a09c74d rows=[0411fb3d0ce0ab24 162b4676313988e8 23b020067659796d f9124d48fe6fd65f 1252b91d829cf0a2 0d1b3fe0cd9a9b7d ef3c98782ceff54a ad1b14a9a9a7718e]
CGC-S1: OUT phase=dec graph=7 il=24 ne=[2048 8 1] fnv1a64=54def5833814f19a vals=[-0.0223343 0.0353962 -0.0397767 -0.0426266 0.0400011 -0.020629 0.00946233 -0.0232959]
CGC-S1: OUTSET phase=dec graph=7 il=24 nrows=8 set=ee18568845e509d6 rows=[aa49dbcbf5fb31b2 be889bb570833431 164e7c00fa1be359 559e76e76dc55a4e c641c35646b07d88 c48d85c250e82878 94571ebfa86d469c 9c69ee9f2784ae05]
CGC-S1: OUT phase=dec graph=7 il=25 ne=[2048 8 1] fnv1a64=9730f0e16da722b3 vals=[0.0253354 0.0246561 -0.0430201 -0.00882902 -0.0296331 0.00666532 0.0453068 -0.0330207]
CGC-S1: OUTSET phase=dec graph=7 il=25 nrows=8 set=f262ac0693118dac rows=[fc6545d8c89691ab 5516a804fc4e6365 3a00676408025528 8aefd199a7f23272 55b873b1fb13b62e 19d3cf07e83f25eb 50139494b0333fb8 94265539d6a2be55]
CGC-S1: OUT phase=dec graph=7 il=26 ne=[2048 8 1] fnv1a64=3438e77593b6f8e0 vals=[0.0870613 -0.00586164 0.120274 -0.0158763 0.002447 0.0788776 0.0858275 -0.0493708]
CGC-S1: OUTSET phase=dec graph=7 il=26 nrows=8 set=319996d033ea5530 rows=[fefe8dca7524f6f1 1cae3c78b1635a62 5f01054d96a45c2d 6fa48ee26ae91ed6 40691ca18667ccfe 37dc2da8598d6d4a e8069f562fac217e 4399f9dd694e66e9]
CGC-S1: OUT phase=dec graph=7 il=27 ne=[2048 8 1] fnv1a64=90540a713b2d34fb vals=[0.113913 -0.0744911 0.0831166 -0.0565384 -0.0599232 0.0863178 0.11843 -0.010183]
CGC-S1: OUTSET phase=dec graph=7 il=27 nrows=8 set=46c9c60ba5719869 rows=[9edddf1931e22bfc a622d4fdd1ebf309 e332ff202839d596 aabe020c9e042408 930165b367b35b9b ee0d4f5dfb30ceb2 f8e13c65a3a5803d 94679734abb52017]
CGC-S1: OUT phase=dec graph=7 il=28 ne=[2048 8 1] fnv1a64=f814d8ee1af89ed7 vals=[0.0483571 0.0451533 -0.0524806 -0.0082959 -0.0614725 0.102217 -0.109836 -0.00721043]
CGC-S1: OUTSET phase=dec graph=7 il=28 nrows=8 set=2f33948e12bd1bf3 rows=[6d9e52eb6e3153d3 67e9e02173c6aa06 c57dbc3d971930dd 55b3c0a519d38604 89b0ac77e60589d8 fb55e45082d42fb3 f4515c6a87f80074 dda606a42ab37f6f]
CGC-S1: OUT phase=dec graph=7 il=29 ne=[2048 8 1] fnv1a64=752f907584c9f2e3 vals=[-0.043037 -0.0111053 -0.0593832 -0.0389076 0.00670118 -0.00817382 -0.0456324 -0.0466063]
CGC-S1: OUTSET phase=dec graph=7 il=29 nrows=8 set=baa5bab7ee965926 rows=[4662a214f3c3561d 60a9bdf32abe2261 382d98fac354930d b8928c64acc92c19 b84c93bc0a72f1b0 96982cdfe2d5ccf0 96a0b5846ec1ad7c ddf69872f7be0338]
CGC-S1: OUT phase=dec graph=7 il=30 ne=[2048 8 1] fnv1a64=21df25b31b4b5336 vals=[0.0154077 -0.153404 0.0136552 -0.114198 -0.0958975 -0.0907562 0.0338094 -0.00360863]
CGC-S1: OUTSET phase=dec graph=7 il=30 nrows=8 set=11f612ed53b67567 rows=[2d1d6c41bc352cee 8fa2ceb61d784194 9d2621368b1b0004 a14588086cd33dc1 16927d77ddeb16a4 416114bc7f6bcc98 c2136819158c31cb a5f48c3cea265b69]
CGC-S1: OUT phase=dec graph=7 il=31 ne=[2048 8 1] fnv1a64=bdb89d9cedc8c8f1 vals=[-0.0499988 -0.048769 -0.0420377 -0.023635 -0.0455213 -0.076567 -0.0270539 -0.0859731]
CGC-S1: OUTSET phase=dec graph=7 il=31 nrows=8 set=ee03e3ffaf0c9cfb rows=[4369e04d75cb2fd3 a0af18983dbf4f6b 2898cd31d1531697 dafb612bce20e7bf ded0fd7616b725cb f52b8a6dad215102 8797f020faf11cbe 9b1c418b1cc681c5]
CGC-S1: OUT phase=dec graph=7 il=32 ne=[2048 8 1] fnv1a64=3950a57286a8afc6 vals=[-0.00308221 -0.107511 0.0223911 0.0681342 -0.0664903 -0.0856041 -0.0721022 0.0123081]
CGC-S1: OUTSET phase=dec graph=7 il=32 nrows=8 set=5b6a7f6d6f589c70 rows=[6e988e8f9e2c8b8d 3f9ca10b46524a31 f03993e0e735d6a3 9e62fec9474ec34e e7efa793fc87577f db81942fb11607b4 db0287b583a3cf82 d146ccfff73fcd31]
CGC-S1: OUT phase=dec graph=7 il=33 ne=[2048 8 1] fnv1a64=a258f75258591c1c vals=[-0.00287781 0.077544 0.0721095 0.0436415 -0.0526733 -0.0346104 0.000217833 -0.163349]
CGC-S1: OUTSET phase=dec graph=7 il=33 nrows=8 set=890835544f52929a rows=[9617adb531a8bca6 7bc52f9947f1bb69 137d92d393778ca1 5183a660d6be0524 b34073cf2b9247f4 f273d1955864f0d2 1509bd414b5262fa a1d3e61bedd775f9]
CGC-S1: OUT phase=dec graph=7 il=34 ne=[2048 8 1] fnv1a64=0544fca4c1a370f9 vals=[0.236174 0.103723 -0.0131507 0.267547 0.023449 0.0739952 -0.172231 -0.01077]
CGC-S1: OUTSET phase=dec graph=7 il=34 nrows=8 set=38695379be8bbe8f rows=[cd27be2038bd4e22 b7bf9264ffb4b7fb 1f0eb22d5a5b155b cec1ac96ff17b362 f72320e8e7c467ab 9c235bc406962822 06945f636d3224a6 ee9b808f9bd312f5]
CGC-S1: OUT phase=dec graph=7 il=35 ne=[2048 8 1] fnv1a64=c98adf9409f8ce96 vals=[-0.0457294 0.0944645 -0.0344321 -0.0855241 -0.101219 0.073206 -0.0743503 0.113813]
CGC-S1: OUTSET phase=dec graph=7 il=35 nrows=8 set=a8a6cc54315ba35e rows=[4711eda734164040 c6213abcf55e42bb 2d9ce4da83918160 a97c24f0ce918208 b2b3c2557b9a473a fef851693804de8a 0435b11f2ee069df 48080a495a1a7f0d]
CGC-S1: OUT phase=dec graph=7 il=36 ne=[2048 8 1] fnv1a64=23d3c1ee8f031894 vals=[-0.0262501 -0.0307034 -0.0381672 -0.128078 0.00102494 -0.145632 0.161076 0.0280714]
CGC-S1: OUTSET phase=dec graph=7 il=36 nrows=8 set=bc5aca4a715ac9ea rows=[5a76ffe67dd177b3 6576b3db2feb0c37 9b0c6ab0f94dc792 858aac65efb88d57 8033859f209226ae 39f4b32e713e3ae9 b2fad357251908df cdc543950d2a96fa]
CGC-S1: OUT phase=dec graph=7 il=37 ne=[2048 8 1] fnv1a64=4a1575f087b6742a vals=[-0.123396 -0.109431 -0.235266 -0.0776475 0.641786 -0.0334361 0.632352 0.0235711]
CGC-S1: OUTSET phase=dec graph=7 il=37 nrows=8 set=557a25d0f35549f2 rows=[e6bed7d75434d3b1 017a17aa66cd553d 2490b61bb4976410 d79299206570ebe1 42a4963604f7176f e7f89779348d48e1 e8d1cc204295548d 67d14c2c0b1dc9c3]
CGC-S1: OUT phase=dec graph=7 il=38 ne=[2048 8 1] fnv1a64=85f0b52029d33317 vals=[0.105859 -0.348697 0.19801 0.095534 -0.293134 -0.0726788 -0.0533339 0.0161915]
CGC-S1: OUTSET phase=dec graph=7 il=38 nrows=8 set=c7d2e1a71a697429 rows=[fc1ee488730504b7 b2c3c6ce2bf02186 74f2609c2062f7e6 82a6f7d7559f128b c64b246703c82b77 48688a04e46ac4ae f682587b7e4e7f19 d3890542ff4a0410]
CGC-S1: OUT phase=dec graph=7 il=39 ne=[2048 8 1] fnv1a64=bb23d8283ebcc569 vals=[-0.357564 0.00142057 -0.343104 0.0558483 -0.00760854 -0.314212 -0.610792 0.362972]
CGC-S1: OUTSET phase=dec graph=7 il=39 nrows=8 set=07e1b374cd6f6071 rows=[744a25f19aa04759 559d4eab82b7774a 67b44d972cf45413 039f6e6cf2d392a5 31d991dd183d1d77 68168399e73a2ffd 1ccb6fb615c6adb1 5d812de195231a54]
CGC-S1: OUT phase=dec graph=8 il=0 ne=[2048 8 1] fnv1a64=30b9e75038500264 vals=[-0.0100725 -0.00288283 0.0105718 -0.00370569 0.0109306 0.0157415 0.011289 0.00753785]
CGC-S1: OUTSET phase=dec graph=8 il=0 nrows=8 set=f350a83fbc159d62 rows=[35e9c5a7294147b8 f268484f2b41d849 455352a596d21804 a308653871fc1a43 e305f0127c1d44d1 ea590d3cf215845b 6576f9da71093ed9 fbea15123899e75a]
CGC-S1: OUT phase=dec graph=8 il=1 ne=[2048 8 1] fnv1a64=0901adccf87abc6d vals=[-0.0211225 -0.022352 0.0106766 -0.00178686 0.00353733 0.00426058 -0.00832214 0.0215536]
CGC-S1: OUTSET phase=dec graph=8 il=1 nrows=8 set=28f3cbcbf04b3de6 rows=[977f43fa86d6fd5c 4c136099dfcb3c20 2416acbfb7786ab0 8a03910b895795ec 797a4c2786330822 4a09a6659793c419 c31cdc5855aa3a40 106ae978636fdf19]
CGC-S1: OUT phase=dec graph=8 il=2 ne=[2048 8 1] fnv1a64=125eb06d15c44e4e vals=[-0.00953492 -0.0322403 -0.000136312 0.008111 0.0255378 0.00912233 0.0381144 -0.034459]
CGC-S1: OUTSET phase=dec graph=8 il=2 nrows=8 set=08d92b28161a7fa2 rows=[5bc2757dbe9e9e3c af068a5e8f20a970 cb6219e383a5800a ee6bce6dffa809d0 21528a4dde88cd58 eb7ce288574e31f1 454ea4b26fb18c80 4ae3874ab30b7636]
CGC-S1: OUT phase=dec graph=8 il=3 ne=[2048 8 1] fnv1a64=28b25dec4d5a84f7 vals=[-0.0244018 0.0126132 -0.00843079 0.025985 -0.00156155 -0.0294772 -0.00543985 -0.0302151]
CGC-S1: OUTSET phase=dec graph=8 il=3 nrows=8 set=6985be3d022193c4 rows=[cb5e50857fada469 4d686aa8338d7210 f4ccc0fe278be797 dd9da85e39962aa4 4ed4a99128cb0c23 14cc3c0ae5870b16 af5c99127983520b 2d9e44632567cc60]
CGC-S1: OUT phase=dec graph=8 il=4 ne=[2048 8 1] fnv1a64=b34d32d2f37f136e vals=[0.0259428 -0.0414486 -0.00110403 0.0188356 -0.0097705 -0.0444577 -0.0106744 -0.0377343]
CGC-S1: OUTSET phase=dec graph=8 il=4 nrows=8 set=2385d3275f643949 rows=[2a4ab778c885e77d 2a6eeb41a58a28a2 6d69dc458433d0b1 213374eba34e2614 6ac64216f3554fe2 14cebe7ea5f3eafb 501fa5f06878e965 dd54fa927686acd3]
CGC-S1: OUT phase=dec graph=8 il=5 ne=[2048 8 1] fnv1a64=29a1b3b022a63450 vals=[0.0156858 -0.0249922 0.0012518 -0.0221662 -0.0423338 -0.0343011 -0.0146017 -0.0157465]
CGC-S1: OUTSET phase=dec graph=8 il=5 nrows=8 set=f9bd54ae5c8a6881 rows=[b13b2aa75affec00 34b660c335c5b6e3 320ef546531e5675 4d71777347f832b3 9c25a95c2259447a 214ebdb3b34d0088 52634609cafcf774 ba95f15ba52882f4]
CGC-S1: OUT phase=dec graph=8 il=6 ne=[2048 8 1] fnv1a64=409abddf6a28a059 vals=[0.0182907 0.0279098 0.041424 -0.0399626 0.00310991 0.0116888 -0.0292172 0.00711558]
CGC-S1: OUTSET phase=dec graph=8 il=6 nrows=8 set=e4ef67b972e4a50e rows=[84d8dbcfa46cb0cf 04883e9af3b3f067 2b67db702e55546d 6acf4b207a9739ca 16fcf5e848334443 52f7721c743190df 7d4f3662cf57fdc6 fb87ceb97052b553]
CGC-S1: OUT phase=dec graph=8 il=7 ne=[2048 8 1] fnv1a64=1400233cff2b8f89 vals=[0.0152281 0.0196968 0.0270381 -0.00507923 0.0272828 -0.00403061 -0.0311626 -0.0119177]
CGC-S1: OUTSET phase=dec graph=8 il=7 nrows=8 set=f7997d4ae4561384 rows=[854e89da2f68f90c 8dadc9752d65b977 94984de2a2691186 acfde340aa6a4abd babe4dec27d167e2 fdb8a27938a205c6 b66ec0dd2bfb153d 7021e30f1b48345b]
CGC-S1: OUT phase=dec graph=8 il=8 ne=[2048 8 1] fnv1a64=a06cb2f80c6f11e0 vals=[0.0154825 -0.0203169 0.037144 -0.00868352 -0.0357951 -0.0190708 0.0665166 -0.0123382]
CGC-S1: OUTSET phase=dec graph=8 il=8 nrows=8 set=85e317c8e60e3b5c rows=[5c04c912ec6114cc 6f9401f54fdaf798 213507f75f53514f 52971e80f5198117 1d4856ccbac05714 2677e8605f145102 9f879d46a2a928ba 56e2ac4e853bab8b]
CGC-S1: OUT phase=dec graph=8 il=9 ne=[2048 8 1] fnv1a64=f4f0e87464aa494b vals=[0.0271269 0.0140459 0.00899184 -0.072333 -0.0124911 -0.0381489 -0.0286373 0.0396182]
CGC-S1: OUTSET phase=dec graph=8 il=9 nrows=8 set=e1a1f4819bed4918 rows=[cd06f64df78d8f68 108bfb6561912d4d e8e8c6d8ed3fb06a 7fc17559713545cc 3cf695768531de82 39a86e26d7c9698e 652d7e4da3e00eb0 0fd6ed0377524ab3]
CGC-S1: OUT phase=dec graph=8 il=10 ne=[2048 8 1] fnv1a64=64cd6d1308470b0e vals=[-0.0431518 0.00416544 0.0142883 -0.0443056 0.0365991 -0.0226084 0.0219022 0.00359331]
CGC-S1: OUTSET phase=dec graph=8 il=10 nrows=8 set=ce8a52c06de1618e rows=[732d922c1724a67b 950658105a3dcf66 237202a01ab26412 2b082c51bd36eb26 b7d3c1690f58615d e011340ff163db0c d94ad8be0ab15862 e66d46c8241f2023]
CGC-S1: OUT phase=dec graph=8 il=11 ne=[2048 8 1] fnv1a64=3520298331a4e4c2 vals=[-0.0657378 -0.0285185 -0.0795093 0.018061 0.0405336 -0.0373285 0.0241676 -0.0201429]
CGC-S1: OUTSET phase=dec graph=8 il=11 nrows=8 set=5450f05ea0766e1e rows=[a0abebc859975c8f 76f44ed29ed9bdb5 ef45e82ec6512456 284ff3b411491a37 b703ac9262971823 a98d1b1017ff762e 612c28aae6dae5df 5525a6599760b98c]
CGC-S1: OUT phase=dec graph=8 il=12 ne=[2048 8 1] fnv1a64=892639a5bf4ba75b vals=[0.0155797 0.0236823 -0.0333206 -0.0126553 -0.0205714 0.0386619 0.0171628 -0.0446645]
CGC-S1: OUTSET phase=dec graph=8 il=12 nrows=8 set=ab9b0adc1405d870 rows=[4d4ac64a9efa2d27 d1c281933935e3a0 0fc4a28cc1c1b87e d7a9341e7e152031 04198580ba3d4e0a c1ee62cd01de36bb e31e8321256b0473 45e4db228a6ed6a2]
CGC-S1: OUT phase=dec graph=8 il=13 ne=[2048 8 1] fnv1a64=63918e8da42d834d vals=[0.00224195 0.0297519 -0.00563979 -0.000738612 0.0268001 0.00966012 0.00122352 0.0157799]
CGC-S1: OUTSET phase=dec graph=8 il=13 nrows=8 set=884da6837adce204 rows=[b793f71188ab4bda ad9fe4d25e0514f5 093ecaaa0ae65095 c8a058f7f43f087f 1be7b0245a0b3188 85aef4cfa0af7fe2 9af8db11bc56f750 da0c7a1c8d224b29]
CGC-S1: OUT phase=dec graph=8 il=14 ne=[2048 8 1] fnv1a64=a95d15c0adf72ffe vals=[0.0133005 0.0122199 -0.000543823 -0.0140699 0.00609407 -0.0123197 -0.0084274 0.00622616]
CGC-S1: OUTSET phase=dec graph=8 il=14 nrows=8 set=25e5eb7ac2b5870c rows=[b74b6d587fa6e44c ff89e078b6adbc10 fa1d47c3c4c4a424 66ec3b631eba9249 6d8b39b36a59ea7f 0d50141c42a96a4a 8d724fd612e3d880 ac54784ed8c0c291]
CGC-S1: OUT phase=dec graph=8 il=15 ne=[2048 8 1] fnv1a64=6c00728b9a654803 vals=[-0.0231925 -0.0224597 0.0223453 -0.0314519 -0.0112121 0.015111 -0.0110486 -0.0108806]
CGC-S1: OUTSET phase=dec graph=8 il=15 nrows=8 set=eeba5a4b81f4ef5f rows=[0657852c93871bbe 1a1ffc398f07534b d5d5288324c844ba f4950fefc6155007 4407ad14d39dd79e 2a38b63164269425 3895cbb25b1ec6d5 7015524948f6fe92]
CGC-S1: OUT phase=dec graph=8 il=16 ne=[2048 8 1] fnv1a64=c6a0ca6656e4b249 vals=[-0.00684879 -0.0129843 0.0134616 -0.0303148 -0.019921 0.021547 -0.00699787 0.00896666]
CGC-S1: OUTSET phase=dec graph=8 il=16 nrows=8 set=7e422d426c0162d1 rows=[11ad5ed0ded07b80 3ce9f8a8e8519f1c a0a7ecba798ec19c 8734ac286155ed04 dc74933da60aee6e bcc8f9a43cb13b8f b97cba6a6ed2e534 570b13618b01c237]
CGC-S1: OUT phase=dec graph=8 il=17 ne=[2048 8 1] fnv1a64=9e0451a051051b69 vals=[-0.0108075 0.00390717 -0.00669031 -0.00216961 -0.00553778 0.00186086 -0.0280791 -0.0264096]
CGC-S1: OUTSET phase=dec graph=8 il=17 nrows=8 set=dd44b8b562aa83d0 rows=[087eb677dc6f23e2 9dface29852f3f9a 38ebe268485f4a15 412121d24e5d463b c2f5c2f757a51bee c3918cd50d33b6a7 cd08fcba57e54a0d d039e08c72cdb0f4]
CGC-S1: OUT phase=dec graph=8 il=18 ne=[2048 8 1] fnv1a64=8dd5d117f909cc37 vals=[-0.000950852 -0.0558505 0.00801787 -0.0338726 0.03465 -0.0189669 -0.0088699 0.0258906]
CGC-S1: OUTSET phase=dec graph=8 il=18 nrows=8 set=82a73baccf7d262c rows=[614706122b346800 15662cb51ee498d7 72a792808d962ff5 e644997d38400f09 e9bba41369bcdf6d 2d08eae3d99748ad eda40a44e9ca08fe 600aa60230ff3c85]
CGC-S1: OUT phase=dec graph=8 il=19 ne=[2048 8 1] fnv1a64=2cec44f1ee239c9e vals=[-0.00474252 -0.059591 0.0226321 0.00569719 -0.00144525 -0.0179105 -0.0157547 0.0400735]
CGC-S1: OUTSET phase=dec graph=8 il=19 nrows=8 set=de0507ebbeed78f6 rows=[fda5e8fee3ccdce4 b675d0bc6ea7f63b d7a3eab5ba93b503 2df3703a6e4c455f 74c94da233349651 97680e8907f77249 d9573ee0932a1b49 2a4e2cc0a04e4e37]
CGC-S1: OUT phase=dec graph=8 il=20 ne=[2048 8 1] fnv1a64=1807efa542f3a648 vals=[0.000987466 -0.0152812 -0.0102415 -0.00737466 -0.0058454 -0.0277809 0.0104929 -0.0011672]
CGC-S1: OUTSET phase=dec graph=8 il=20 nrows=8 set=358885eb3b8da69d rows=[dca5d42c5a2a45e0 30cd84ef9e68bde4 6320b0a19aa7a7cf 3f359348fd445244 116c066bb8153451 486618c196f9c21e 3c6acbe0367a874b 15e6f04a1fd46348]
CGC-S1: OUT phase=dec graph=8 il=21 ne=[2048 8 1] fnv1a64=9aa7bdeb42ac8c4f vals=[-0.0382981 -0.120901 -0.160767 -0.0341592 0.013607 -0.0155822 0.0254182 0.149086]
CGC-S1: OUTSET phase=dec graph=8 il=21 nrows=8 set=18237654aefa8102 rows=[70d9b3300bf05d42 c52e6e8e8d0d9815 cb8880f0351fe733 be99eec41a1404b8 21009e7fcb554ab4 34a5ab8f44c46500 8d0e069ab22496c8 95f1502ef6378510]
CGC-S1: OUT phase=dec graph=8 il=22 ne=[2048 8 1] fnv1a64=3e590faf6316b921 vals=[0.00684101 0.0383204 -0.00198249 -0.00653154 0.09807 -0.0123393 -0.00863206 -0.0234165]
CGC-S1: OUTSET phase=dec graph=8 il=22 nrows=8 set=e8446fe722f7ddfe rows=[9a12c4d7a3ff92f2 27625a265d30d3c1 459cf089efd0edc1 933bb147ac1ce68b d8cb5824fab66949 64a2f4e4d8d05e94 aa234e4127d00bb1 979a3339afa2edb3]
CGC-S1: OUT phase=dec graph=8 il=23 ne=[2048 8 1] fnv1a64=b45a86d44e58f1a8 vals=[0.00564698 -0.0425467 -0.0289895 -0.0298257 0.016408 -0.0090558 0.0211819 -0.026185]
CGC-S1: OUTSET phase=dec graph=8 il=23 nrows=8 set=bf74fb180abd178a rows=[02ac69c84a1d727d 05c844c9d6e5253b c0be15bda60df88a 13449863d78f97e2 64e385df3d714605 e523168ac87527f2 5f1d366fc98cc7eb 5e3a58d17f8373b1]
CGC-S1: OUT phase=dec graph=8 il=24 ne=[2048 8 1] fnv1a64=4a25461ec27bfd15 vals=[0.00726647 0.0174351 0.0101948 0.0231193 0.0281756 0.0186905 0.00489646 0.00418498]
CGC-S1: OUTSET phase=dec graph=8 il=24 nrows=8 set=3dbd05c726227bbe rows=[91b95647b46e0f5e 41fba85b65c88e3f da179ba92dd137b4 36fded554875ed0b e9df2ec9ec520db1 270d5877bb360b13 dd4a608fca53f33d d7021cbce6d0841f]
CGC-S1: OUT phase=dec graph=8 il=25 ne=[2048 8 1] fnv1a64=ef1fb6ea5b63a03c vals=[0.0270967 0.00941844 0.115571 0.064523 0.0281309 0.0222634 -0.0491647 -0.104703]
CGC-S1: OUTSET phase=dec graph=8 il=25 nrows=8 set=81f66f645ab3d350 rows=[6f438b4d51d57587 a223c224f2b4c7c1 94c4a8a04ad309a4 9cf0b9ed595c3d56 aaed8d996c9e49a1 1239aef6d68d5179 1b2a871ad0cf22dd 9ece613479f25136]
CGC-S1: OUT phase=dec graph=8 il=26 ne=[2048 8 1] fnv1a64=c7ba72a3a0a27b35 vals=[0.0580955 -0.0323068 0.197187 -0.105239 0.0437354 0.0318418 0.0224744 -0.0902747]
CGC-S1: OUTSET phase=dec graph=8 il=26 nrows=8 set=9ba74997498d1782 rows=[763cecd08bd1f1bd 7035eb6f8ec01b00 163f652f5e66369f b49d76444e128ade 3eb591bdea5633e9 41f86f8863215ae9 51804d554dfa3cda 471d5182e8e0e75c]
CGC-S1: OUT phase=dec graph=8 il=27 ne=[2048 8 1] fnv1a64=c781dde36ecbb052 vals=[0.0572609 0.040443 -0.0288243 -0.0572032 0.0517795 -0.0261019 -0.000601612 0.0333855]
CGC-S1: OUTSET phase=dec graph=8 il=27 nrows=8 set=bc04adb19ba82026 rows=[0407f428b26edf6d 60578df829c286d2 c307d45ab1e74452 c6411df48538b708 fe322582e0c471f3 6f9bbb7217ab6247 6e0d68d118d6e455 58690227f99c5931]
CGC-S1: OUT phase=dec graph=8 il=28 ne=[2048 8 1] fnv1a64=1dd4ab18693f1da6 vals=[-0.00226247 0.0072764 -0.0231683 0.0188336 -0.0564951 0.0287409 -0.000507808 0.0328766]
CGC-S1: OUTSET phase=dec graph=8 il=28 nrows=8 set=4a56b02cb2d41dac rows=[6248cc30ff769691 f65d8e901b331b84 0ea118eac130795c 6dfec76569b9866a ba70ed70e5f9d570 a6f69e751ac615a1 2bd453094062f271 4de6d18b2939b776]
CGC-S1: OUT phase=dec graph=8 il=29 ne=[2048 8 1] fnv1a64=590fcd49bebb7e7d vals=[-0.0390129 0.023987 -0.0926764 0.0108845 0.0242044 -0.0224466 -0.0389147 0.072684]
CGC-S1: OUTSET phase=dec graph=8 il=29 nrows=8 set=a25d5249652b8b24 rows=[7a814d7a46f4d570 fe1921e28217c3ac 926904d74fe2dc30 4ed2b77f28c80b6c 8dce6ab3a837ba8b 85a678cfe39652f6 a338fd730720797c 1776006a4c6abe33]
CGC-S1: OUT phase=dec graph=8 il=30 ne=[2048 8 1] fnv1a64=01ed8e489fdb99e8 vals=[0.0232731 0.00523483 -0.0256047 0.0249955 0.00651739 0.0228387 0.0150727 0.0670224]
CGC-S1: OUTSET phase=dec graph=8 il=30 nrows=8 set=89a7ce4c79de696e rows=[2115e1840eac62e4 780f3d57d01aaeb7 7e50208195753e87 a649a47f0e51d535 445e967423d6de5b f1844641c2797f4d 326494d475d0179a 135415ae2f3d30a2]
CGC-S1: OUT phase=dec graph=8 il=31 ne=[2048 8 1] fnv1a64=5cbb6efe10c031f1 vals=[0.0284935 0.0577801 -0.0833303 0.0359851 0.00369559 0.0410161 -0.0583396 -0.00902521]
CGC-S1: OUTSET phase=dec graph=8 il=31 nrows=8 set=af79c392a27850a7 rows=[f6c396ed609d9583 be4a6e108969db17 59b586fb9a19e42f fbdb05d4355a1209 c209afb295341bf9 1ce3a6e0daedd577 56c1b31f615f21eb 7fdc392a07888335]
CGC-S1: OUT phase=dec graph=8 il=32 ne=[2048 8 1] fnv1a64=9fbb94a184471f47 vals=[-0.047765 -0.0199483 0.0171799 -0.0239881 -0.0225559 0.040331 0.0136659 0.0401997]
CGC-S1: OUTSET phase=dec graph=8 il=32 nrows=8 set=571c5825ca8a3757 rows=[f615c8bdba5324e6 d3a48465fa8d891e e2c13b6ba18cc69b 7819346a6bbfd7c5 095f283810175eb0 c6e0d71899768895 f03e94ffff4bcf6e 04561a9eb1b7c431]
CGC-S1: OUT phase=dec graph=8 il=33 ne=[2048 8 1] fnv1a64=87066b7042f86dee vals=[0.228822 0.243589 0.0682932 0.0482132 -0.00266779 -0.0662194 -0.156865 0.118356]
CGC-S1: OUTSET phase=dec graph=8 il=33 nrows=8 set=d08d144dca407827 rows=[015723ba7c70e22a 1b927a5db64e3c2a 539bbe4d0f7eb75d 34811d880dfbd03b 75c3329222d315e6 ca9556744dbcb8f6 33aa7a0b15930c07 192ca14d3a90a890]
CGC-S1: OUT phase=dec graph=8 il=34 ne=[2048 8 1] fnv1a64=a51eb84bf6b8f08b vals=[-0.148471 0.0592989 -0.0182213 0.0804539 -0.114604 -0.110896 -0.0140816 0.00844275]
CGC-S1: OUTSET phase=dec graph=8 il=34 nrows=8 set=50b349243f7dd58d rows=[504d38476966539e 4e411b73b8492bea 7785eec54a7486ba e4cbe28d1e25e118 30e8c7a7b165a9f8 eccfd123bdcae36d 6d281cf472bdca79 061386f1c85d898e]
CGC-S1: OUT phase=dec graph=8 il=35 ne=[2048 8 1] fnv1a64=981a6616557e7022 vals=[0.341911 0.0299009 -0.253768 0.630806 0.134595 0.057182 0.114929 -0.0635721]
CGC-S1: OUTSET phase=dec graph=8 il=35 nrows=8 set=c459af5da6545f50 rows=[654c388c18de3d9a 59ec97c177dad170 1dca042514546968 85ed1f664d938ad6 83aaee767e14275d 26bd64a2de653eff ca266c48aeb60a6b 0f154f3c204060ac]
CGC-S1: OUT phase=dec graph=8 il=36 ne=[2048 8 1] fnv1a64=4337ca9a761637a3 vals=[0.071715 -0.0610123 -0.0573609 0.174747 0.0935913 -0.0695409 0.164181 -0.0170826]
CGC-S1: OUTSET phase=dec graph=8 il=36 nrows=8 set=76b996aba87978c8 rows=[656a811ee7494ba2 0c05b8d88505a11e b02fcda7c1e5c04f e19e4caba7e3c636 9c40e02cfde6cb85 556787f1516cda68 800aef649faf452d d584988441799dd9]
CGC-S1: OUT phase=dec graph=8 il=37 ne=[2048 8 1] fnv1a64=4ce046143ae29e23 vals=[-0.125595 -0.0114191 -0.157149 0.15018 -0.0573735 0.093055 0.305003 -0.0874235]
CGC-S1: OUTSET phase=dec graph=8 il=37 nrows=8 set=939a0310588d696b rows=[4106c26a24587f9b e94f99b4417b0d08 d16959a4c82edab2 a2a94d569477b0a1 62ff54697e24e20e f0713b964489435d bc92fe4f78f070ce 77086ee6f3798899]
CGC-S1: OUT phase=dec graph=8 il=38 ne=[2048 8 1] fnv1a64=b9bc180652090e50 vals=[-0.334705 0.540309 0.167341 0.211196 -0.183681 -0.0383946 -0.334427 0.458696]
CGC-S1: OUTSET phase=dec graph=8 il=38 nrows=8 set=8eecaf8947e9f3c0 rows=[6fd320e7baaa5df9 15b0a6cce4932f32 92980dfda408de22 1e187bd0ae120036 ee26f42fa84b202d bb00588d3194be66 c0da90ab54b3984c db8908f2fbbcec9b]
CGC-S1: OUT phase=dec graph=8 il=39 ne=[2048 8 1] fnv1a64=d2f3cab31dcbe475 vals=[-0.317049 0.0156761 0.576668 0.142019 0.256668 0.318737 -0.213934 0.224583]
CGC-S1: OUTSET phase=dec graph=8 il=39 nrows=8 set=43e68a30b9195c42 rows=[254d4aac42cb021e a73a616581768e31 aafafa292ef214dd 0ce0350a60b47efd c5c132015ae46c9a 1f8b99ad6c261d69 9f85c3bd74dbf728 b60933520900af6e]
CGC-SEG: wait 7123.6 cb 7559.7 submit 253.4 us (1600)
CGC-DECPROF: step=40 segs=41 layers=40 total=125.88 ms | wait=105.61 (84%) cb=13.53 (11%) submit=6.74 (5%) ntok=1
CGC-DECPROF top1: L33 wait=5.32 cb=2.77 submit=0.13 ms n=1
CGC-DECPROF top2: L13 wait=5.35 cb=1.08 submit=0.12 ms n=1
CGC-DECPROF top3: L17 wait=5.38 cb=0.92 submit=0.16 ms n=1
CGC-DECPROF top4: L38 wait=5.22 cb=0.01 submit=0.16 ms n=1
CGC-DECPROF top5: L0 wait=4.41 cb=0.02 submit=0.17 ms n=1
CGC-DECPROF top6: L22 wait=4.31 cb=0.01 submit=0.14 ms n=1
CGC-DECPROF top7: L7 wait=2.61 cb=1.49 submit=0.19 ms n=1
CGC-DECPROF top8: L21 wait=3.94 cb=0.01 submit=0.15 ms n=1
CGC-GPUTIME: step=40 segs=40 bufs=353 skipped=7 wait=105.61 gpu_busy_sum=107.62 (102%) gpu_union=100.41 (95%) gap=25.00 (24%) ms
CGC-S1: OUT phase=dec graph=9 il=0 ne=[2048 8 1] fnv1a64=d0a706fd6c724263 vals=[0.041583 -0.00752963 -0.0124742 -0.00400972 0.0262572 -0.00782824 -0.00504029 0.0182051]
CGC-S1: OUTSET phase=dec graph=9 il=0 nrows=8 set=0206026c4f01796a rows=[086a3c602e5ab11b 39ca09fc758c7c06 7681ccf5b47d1cb7 9913935c5475863b 22684091a07b244a 0c94e78e371b7b42 125f289043bff6f7 d3e5ebd07db93e22]
CGC-S1: OUT phase=dec graph=9 il=1 ne=[2048 8 1] fnv1a64=8a7a95ebe3f7348b vals=[0.0149028 0.00695993 0.0058327 0.0083379 -0.0118358 -0.0574759 0.00536966 -0.00860286]
CGC-S1: OUTSET phase=dec graph=9 il=1 nrows=8 set=78e2c382ecce7376 rows=[9ebe7d9279de156f e106f6fe83c54d94 143cd2625e8f9feb 6a2bb37251ae6349 da5f73553225aa7c 49aeff9e95e27d56 eb5058bbbcdbdd0f 9bb46c513091b748]
CGC-S1: OUT phase=dec graph=9 il=2 ne=[2048 8 1] fnv1a64=087e62b1de3785f4 vals=[-0.0190439 0.00293386 -0.00471462 -0.00244264 -0.00876828 -0.00236201 -0.00860631 0.0180367]
CGC-S1: OUTSET phase=dec graph=9 il=2 nrows=8 set=d9c88818ecd29662 rows=[e89e6a6bae93bff7 9a9fc2e0ca6b1ba2 80500838160653bc ce08d0d2faada69e 8f71ec52b8244cb6 0c6de94c4da6b7cf 18642f9320890f74 4a44e0514af1d0b9]
CGC-S1: OUT phase=dec graph=9 il=3 ne=[2048 8 1] fnv1a64=49d462612f8f6013 vals=[-0.0243023 0.019722 -0.00241343 -0.0118416 -0.00416662 -0.0060091 0.00128383 0.0137746]
CGC-S1: OUTSET phase=dec graph=9 il=3 nrows=8 set=19e2df73f5384778 rows=[a3908553a48626af dcc565639239ba08 a8b3b1796863fdbd 31701174cc145574 0e6e8413c9e825d7 0bf0cbd170897d21 5737d6cacbf2df57 179d1a0c1556b157]
CGC-S1: OUT phase=dec graph=9 il=4 ne=[2048 8 1] fnv1a64=53ad68a4121d42d1 vals=[0.0098959 -0.000617397 0.0338884 -0.046922 -0.0498905 -0.0436377 0.0128993 0.0256576]
CGC-S1: OUTSET phase=dec graph=9 il=4 nrows=8 set=f7924a351415fc75 rows=[f889184e6000162a 93a1175385d12f80 01d539db2658d946 6316681ea4bc1003 4a22f538f560c9f6 dd188865ba824c2b a3da8d8f16270d4d e6eea15a47792d25]
CGC-S1: OUT phase=dec graph=9 il=5 ne=[2048 8 1] fnv1a64=0fc1d4d610ec3ffa vals=[0.0211254 0.0038115 0.00714186 0.0122914 -0.0172925 -0.0112616 0.0148035 -0.0137579]
CGC-S1: OUTSET phase=dec graph=9 il=5 nrows=8 set=4f7ab345567f9cc6 rows=[cff0f218b9e427ec 830c7aef43204b17 dfb9eaa4261a3861 9eef8ff23d341aac c9eb06426e279cda 6a8a4ec9a948fac3 8d13045368ae7ef7 c07dee1983a42d81]
CGC-S1: OUT phase=dec graph=9 il=6 ne=[2048 8 1] fnv1a64=3b648ce5ea93e7bc vals=[-0.0220261 0.0535119 0.0670338 -0.0222227 0.0171305 -0.0161195 -0.0183687 0.0262176]
CGC-S1: OUTSET phase=dec graph=9 il=6 nrows=8 set=f600e1b6d6b39311 rows=[5c17ae3e63ca49f7 debfb691ddbeaf07 b811497d7a3c0989 528362aa4c72d45d 9f145fc13da67f5c 6b65904b7828f5dc 5228a20910d99f38 dab713afce3fb147]
CGC-S1: OUT phase=dec graph=9 il=7 ne=[2048 8 1] fnv1a64=fa30c6ad4002dc2b vals=[-0.00731883 -0.00770833 0.00863007 0.00262873 0.0469304 -0.0144519 -0.011827 -0.0104561]
CGC-S1: OUTSET phase=dec graph=9 il=7 nrows=8 set=16fe1946278e09c3 rows=[1b72f9d7e2e66779 71663db29ec2153a 289019a3e97d6327 7ceb1ec3ea749541 c31d6ae909049b11 2e83b2704523fe8e b5a939d809ee25f0 8b800492dce10c2e]
CGC-S1: OUT phase=dec graph=9 il=8 ne=[2048 8 1] fnv1a64=6c05b0e0c2b874d3 vals=[-0.0306316 0.0370244 0.0150592 0.0264389 -0.0106784 -0.0564772 -0.0039333 -0.00957554]
CGC-S1: OUTSET phase=dec graph=9 il=8 nrows=8 set=ce1158ace08a74f1 rows=[1812355c5f2e6c4b aceb3d30c63655a2 09721cb4f24e5ede a2eeebe57033e878 09d81b0be5b2272f b625dfa608eb325e e26389ebf444bff0 7c8730a567ce4e6a]
CGC-S1: OUT phase=dec graph=9 il=9 ne=[2048 8 1] fnv1a64=903606ef18049017 vals=[-0.00362626 0.00871667 0.0394805 0.0014362 -0.0234067 -0.026191 -0.0234181 -0.0180836]
CGC-S1: OUTSET phase=dec graph=9 il=9 nrows=8 set=cfb388a76eaf7266 rows=[8d62edbcd9ef9321 d117ef22dd632a47 61be72bf7c6ed775 9dab9eb151fd5d1f ac7d83956f313aca 5bb81935d640a4ea 427229441322fca4 11d7db85e2e1319c]
CGC-S1: OUT phase=dec graph=9 il=10 ne=[2048 8 1] fnv1a64=6fc37e03f51f7147 vals=[0.000783464 0.0122482 -0.0101765 0.00147398 0.0206465 -0.048178 0.0180416 0.00927685]
CGC-S1: OUTSET phase=dec graph=9 il=10 nrows=8 set=fc2e1da164280a96 rows=[6f7b36df338c74f6 80d6e31e806b8e12 677b8adab26f9b51 bcd9fa5985e22c41 ef840cd4c913f4ec 09731c9e4f065d84 49ae004dfbc1b3ae 522d25e164b883be]
CGC-S1: OUT phase=dec graph=9 il=11 ne=[2048 8 1] fnv1a64=36791d5f3613539b vals=[0.00455864 0.0451292 0.0303047 0.079564 -0.0457367 -0.0268531 0.0575265 0.0846138]
CGC-S1: OUTSET phase=dec graph=9 il=11 nrows=8 set=1a25f864b5c3030e rows=[04ec55dad205b9f9 f14a0eee9c74822a a69f78967fe9f056 fefb89855e42701b 0a2ee31275fe1ebc cf6ae35c8fca766f 05715fab0c11261e d3a86e77d80d2a4f]
CGC-S1: OUT phase=dec graph=9 il=12 ne=[2048 8 1] fnv1a64=c18a5290d1aa20d8 vals=[0.00740053 0.0833539 -0.0676259 0.0523898 -0.00431577 0.00968136 0.0750434 0.00478235]
CGC-S1: OUTSET phase=dec graph=9 il=12 nrows=8 set=49d73e2e2277f4bb rows=[703f4aeef7a42a8f 448e21b63afd94d2 7b48965fd6997b94 c210079c3a12ea9f e8ecacc5115823ed 5556e3b362a9df91 523b6083f7067efe 8e2b171bd39011f3]
CGC-S1: OUT phase=dec graph=9 il=13 ne=[2048 8 1] fnv1a64=ca0c649b6b083cbf vals=[-0.0127073 0.0155697 -0.00874017 0.0630483 0.0170945 0.0388046 -0.0018856 -0.010278]
CGC-S1: OUTSET phase=dec graph=9 il=13 nrows=8 set=867407a676783071 rows=[0494280205ca7e6c 2d7cb9b30a31e17a 536b94a4b5aa0e05 3e98c36f2a15d295 9157263d1174097b a0326c48f4841f49 02b278bcf3f94453 7cab70e245cbf7b3]
CGC-S1: OUT phase=dec graph=9 il=14 ne=[2048 8 1] fnv1a64=4487a73a34fe091b vals=[0.00705745 -0.00315378 -0.00795719 0.0141291 0.0147779 0.00637769 -0.011303 0.00481579]
CGC-S1: OUTSET phase=dec graph=9 il=14 nrows=8 set=54d0c00bac7d87ea rows=[9fb2ebc3b6fb3090 df56baf23bc86c7f 79dcc0dff16f8200 bd5646326455e4aa 01e2db8175aa7274 b9c6e600a746237c e788176fc8f66d1d 2592cb79874e5ac4]
CGC-S1: OUT phase=dec graph=9 il=15 ne=[2048 8 1] fnv1a64=130efb6a37f4d9ef vals=[0.0500746 -0.0223167 0.0273552 0.0310599 0.0245217 -0.042199 0.0737553 -0.0527602]
CGC-S1: OUTSET phase=dec graph=9 il=15 nrows=8 set=581c4966f65784f6 rows=[f3511bc3cc0e1b9d 9ffdb6241668cc08 b5946fe635c6ddd9 be64c997baec6d0a 6efb74d711deef05 b71584378569a9a4 901091e0cc8d0fb2 a2c9a3202e45bd89]
CGC-S1: OUT phase=dec graph=9 il=16 ne=[2048 8 1] fnv1a64=824dcd3d2e1ca8ec vals=[-0.0140632 -0.0313806 -0.00472574 0.00225875 -0.0236125 0.0154878 -0.029332 -0.0101108]
CGC-S1: OUTSET phase=dec graph=9 il=16 nrows=8 set=d57e2e26d6d83333 rows=[f94c47a226d02d3a 7b126443b5dec8bc f0596354361c0985 279a84a790e46d83 acc6d69aafb40abd 2e6c25fd4edbce3f ba04679320bf8497 b5762754009c7046]
CGC-S1: OUT phase=dec graph=9 il=17 ne=[2048 8 1] fnv1a64=383ffb46002e3c33 vals=[0.0174114 -0.0130928 0.0440529 0.0101594 -0.0256435 0.00176538 -0.00415027 0.00225277]
CGC-S1: OUTSET phase=dec graph=9 il=17 nrows=8 set=32a8767da984462f rows=[cbfeab3c179f953e 41f7031b7a5e4f2a aafddf2ace0cc6b0 20d8ba2e66487d1b 47e4716ad56c4375 5deee351d2d8a02d dc1ea64eb7bfda07 6508d0ef6bc65798]
CGC-S1: OUT phase=dec graph=9 il=18 ne=[2048 8 1] fnv1a64=8a874948277522c3 vals=[-0.0108602 -0.0542331 0.0310247 -0.045658 0.051314 -0.0246921 -0.00942102 0.0215491]
CGC-S1: OUTSET phase=dec graph=9 il=18 nrows=8 set=ee6e5115ee439a48 rows=[274c6eda42327218 93251c556b61efff c472f12b8d76d28a e9c0eae34d129c98 6c11da42450f2628 504b175376d7dff8 a2cf66dad8a16bef 86560bec2bd23552]
CGC-S1: OUT phase=dec graph=9 il=19 ne=[2048 8 1] fnv1a64=c67ebedefd510f98 vals=[-0.0324828 0.0533571 -0.033102 0.0228754 -0.0140873 0.0294891 -0.0132712 -0.008748]
CGC-S1: OUTSET phase=dec graph=9 il=19 nrows=8 set=f337d507999a144e rows=[074e735da924cab9 9aa0572e1ff35c75 c2bb72df87693742 6daaebe5712c09c7 cf54ebe7e4d9fdb8 688946c8a5f71263 17f9ed577657eb4a 7c0975b0eb2371d3]
CGC-S1: OUT phase=dec graph=9 il=20 ne=[2048 8 1] fnv1a64=e64f6c8ba8563be0 vals=[0.196099 -0.0424987 0.133334 0.037331 0.0641301 -0.0996732 -0.0117512 -0.0878533]
CGC-S1: OUTSET phase=dec graph=9 il=20 nrows=8 set=d652f567ad76ccce rows=[871db438c84a2088 543b6e5fa769e8c0 9d8d92ad4f582bf2 62338a267c32bfee 0adddc8a22416735 0a2bd4cd304d046e 10e356b370b6986e 8a3a15aeada73e82]
CGC-S1: OUT phase=dec graph=9 il=21 ne=[2048 8 1] fnv1a64=8a8f0463c97a0798 vals=[0.0249179 0.00019348 -0.0416664 0.00705839 -0.0184189 -0.00432128 0.0325314 0.0418955]
CGC-S1: OUTSET phase=dec graph=9 il=21 nrows=8 set=bdf2fc6ba73eace3 rows=[bcc4713d5ac15ed0 66b68f5782bf9425 2c5683b22ab53a70 410a80f473886854 60912e8be49212fd c3159de9b148f95b a03565489cd96bd8 9c74c4916dd8cb28]
CGC-S1: OUT phase=dec graph=9 il=22 ne=[2048 8 1] fnv1a64=74b9e1c4dd0306d3 vals=[-0.0540705 -0.0126796 -0.0372712 0.010447 -0.0203698 -0.0412405 0.0239602 0.068845]
CGC-S1: OUTSET phase=dec graph=9 il=22 nrows=8 set=ac0c777346d17c8f rows=[f1004d6ca9f79288 83aa00361ec510c7 1a7d0b124cd558b2 6035b6a026405d12 6dd630bfb5b1f13e 7d08c485c0b0264c 0fa058a6abab8a8a a7860bc39224844b]
CGC-S1: OUT phase=dec graph=9 il=23 ne=[2048 8 1] fnv1a64=17defb0bea8f2b1c vals=[-0.00216117 -0.0473672 -0.044826 0.0653709 -0.020225 0.0442899 0.0460074 0.0534885]
CGC-S1: OUTSET phase=dec graph=9 il=23 nrows=8 set=5523d36f4623d43c rows=[f552ea5cedcb72b8 4d5a19165d43ff86 65f0e358f9fd8f13 e9de2f46be551c2f 33d0f64f7ce3face e0b04783a4bf9668 114a3c98eb038982 5bb9af529f43adad]
CGC-S1: OUT phase=dec graph=9 il=24 ne=[2048 8 1] fnv1a64=76e154a5ad3c08e2 vals=[0.0414685 0.00835294 0.0168028 -0.031629 0.00309409 -0.0833367 -0.044057 0.0453902]
CGC-S1: OUTSET phase=dec graph=9 il=24 nrows=8 set=e3e6f1440f4bbbbf rows=[242da78103086488 fb375c4789234900 fd1a52942ed1a265 0d4d8012c44d498d 390622fac1e61ce2 1af511f6a292d8ed 678d1bccaf52810b 60451f43b17d1f85]
CGC-S1: OUT phase=dec graph=9 il=25 ne=[2048 8 1] fnv1a64=4b2627bddd8e5cba vals=[0.217512 -0.0207298 0.124122 0.0274498 0.0575447 0.04688 -0.00589733 -0.0145813]
CGC-S1: OUTSET phase=dec graph=9 il=25 nrows=8 set=1ee5c8b81abfdb1d rows=[f31f16fabe382eff b98dafecc4ac5cb7 51b528212ad63375 f5751589a3a2be0a 33b0d82c21c72439 fa2b283cd5050c33 1113402e3c983341 9ff1f908ed00c451]
CGC-S1: OUT phase=dec graph=9 il=26 ne=[2048 8 1] fnv1a64=23693e99906cc34a vals=[-0.0264761 -0.000120398 -0.00577693 -0.0876339 -0.0316372 0.0748137 -0.0411087 -0.0782712]
CGC-S1: OUTSET phase=dec graph=9 il=26 nrows=8 set=f483c7fa15b21ede rows=[f99db2ac27bbfbee ab2e0c939b049476 cae2dbfa718701f0 2d09e1240666260d 7275cd3f71d2dbf8 552e2b799658a596 66ad09c42e64b629 045acb2959a5565f]
CGC-S1: OUT phase=dec graph=9 il=27 ne=[2048 8 1] fnv1a64=a0e82d64a2a85a44 vals=[-0.106931 -0.068541 0.0335081 0.0735819 0.0180429 0.0101042 0.00254345 0.00496497]
CGC-S1: OUTSET phase=dec graph=9 il=27 nrows=8 set=9392ffd33b903cf7 rows=[ce3528928b24f1ad 588815e3864544cc a9dc196e1207d506 f8d6f76246bf5a25 efbb13428dc4faed e62f736dc42072de fc96f1da6d8012de 408fe0cd709faff8]
CGC-S1: OUT phase=dec graph=9 il=28 ne=[2048 8 1] fnv1a64=6159c2d9a2d53980 vals=[0.0313037 0.0526239 0.0704952 -0.0222849 -0.0237799 0.1571 0.0685618 0.0399037]
CGC-S1: OUTSET phase=dec graph=9 il=28 nrows=8 set=800e7df71789d4df rows=[08d4474313a98d27 d32d736880deb514 ddcb4f335aa52dd8 4cd80aa830d26a8c 98a88f9316816b35 39931b00e33c003f ead14bbd7b38ff65 2d38cf8bfbcbf207]
CGC-S1: OUT phase=dec graph=9 il=29 ne=[2048 8 1] fnv1a64=d59a9ece1a42e90e vals=[-0.0658134 0.0935891 0.053522 0.00997082 0.0314009 0.00191294 -0.0512098 -0.0027842]
CGC-S1: OUTSET phase=dec graph=9 il=29 nrows=8 set=86559295a2e5deb8 rows=[308a75914e96ce53 fd2dc505b438aeab fd5706b2f0fca14c 5d5972da6af092af bb058ece6eb4d43e cfb1f4f851f1ba61 5915176e3fb82b4a 8caaa7f125711c03]
CGC-S1: OUT phase=dec graph=9 il=30 ne=[2048 8 1] fnv1a64=9385e5d105977b59 vals=[-0.0502826 -0.0974687 0.00947195 0.0942681 0.0247161 -0.017246 0.158606 -0.078161]
CGC-S1: OUTSET phase=dec graph=9 il=30 nrows=8 set=36db6d648f06f754 rows=[7eb23f98975796d0 31b5ba9339f1a2c3 fdc7aadc0cd2ba17 bad1b5299985c2b0 42c44c9abc15d12a a10211ced7e202c3 8f04642f4e5ab248 ee21d962e0149b33]
CGC-S1: OUT phase=dec graph=9 il=31 ne=[2048 8 1] fnv1a64=53a30f4ff4de1779 vals=[0.175857 0.140969 -0.00355705 0.0218953 0.0479948 -0.0941999 -0.05359 -0.0111088]
CGC-S1: OUTSET phase=dec graph=9 il=31 nrows=8 set=aae7a6c28b83b9fc rows=[57df79cac6019510 e5ff730141c2fbab 86fab7f7d8293187 f74bdd230fe1f5ab 1d019bd0c81f7198 837645804dcf17e1 ddc4857a7e225793 68dbfa4919d6194b]
CGC-S1: OUT phase=dec graph=9 il=32 ne=[2048 8 1] fnv1a64=b2241a72bdf44145 vals=[-0.0281207 0.0362952 -0.0923231 -0.0767355 0.000363144 -0.00297125 0.0874422 0.00477698]
CGC-S1: OUTSET phase=dec graph=9 il=32 nrows=8 set=fbe306096f05522c rows=[67aef423cb2f2189 08ff71d5908dd002 51406d40eebaa759 e07c5c791d6649ea b4e74e18df5a014a cb6ee7bf2c3a3f6e 9ac60adbd36817f6 8385723abfd81b14]
CGC-S1: OUT phase=dec graph=9 il=33 ne=[2048 8 1] fnv1a64=a793a3055a4e3003 vals=[-0.0761165 0.0456775 -0.00040853 -0.040938 0.0303412 -0.056997 -0.100768 -0.102715]
CGC-S1: OUTSET phase=dec graph=9 il=33 nrows=8 set=29ed15e6cd579f07 rows=[49059b1800c5099d 1dbb0c9fd0d29eb0 e298366401bd8451 e120114aeaa1c27d 9a13983dff9044a8 fceb7db961fc4fdb a6783653923ea060 8639aaa2638f91f2]
CGC-S1: OUT phase=dec graph=9 il=34 ne=[2048 8 1] fnv1a64=d4cfa483032326c7 vals=[0.0282453 -0.0797368 0.0931402 0.092502 0.0470418 0.046941 -0.0274303 -0.00485721]
CGC-S1: OUTSET phase=dec graph=9 il=34 nrows=8 set=3bf7f16879f1c72a rows=[2b16a975de3e063c 9bccc8f4ab5d472e 00f857409c1d52f4 7d44712ee1b2459b 79382796e7db68b3 60bffff0abc7eae3 60586035fffd4713 93e1bcece6c0928e]
CGC-S1: OUT phase=dec graph=9 il=35 ne=[2048 8 1] fnv1a64=402b60ac8d8b8290 vals=[0.0233843 0.100732 0.0743596 -0.00710797 -0.0530428 0.144395 -0.000931643 -0.0350858]
CGC-S1: OUTSET phase=dec graph=9 il=35 nrows=8 set=d7db3e1e3efd41d1 rows=[41cabb8c7f128f3d 007304ddc426fa3a 3bdbf12d97c29eb0 e59c37685b0b58f5 bd77ff592afc5b88 7bc53bb9d7613c5d e34e3d8758d81c7c ab9852992eb55b64]
CGC-S1: OUT phase=dec graph=9 il=36 ne=[2048 8 1] fnv1a64=9b5b155a9e594cae vals=[-0.137395 0.0912153 0.0942376 -0.122251 -0.00818041 0.0316212 -0.0545392 -0.0925894]
CGC-S1: OUTSET phase=dec graph=9 il=36 nrows=8 set=26da68143a8a5784 rows=[c808915aa05a3492 4ab6f68678414210 e9063250aca8d307 02b0c93b84574412 6e39002f97fd257a 1b28e3e0d32242f0 917546a27fb24d35 187deee66892727d]
CGC-S1: OUT phase=dec graph=9 il=37 ne=[2048 8 1] fnv1a64=31dfb25d0a3d1240 vals=[-0.0519268 0.0449788 0.0189301 0.0202649 -0.0416637 0.0963652 -0.154969 -0.137033]
CGC-S1: OUTSET phase=dec graph=9 il=37 nrows=8 set=2eaae3fe064554ad rows=[74c3dc2b6722401f 2cd3d677d81cfba3 8ad7cd45ecdf05dc b3379b8edd5cf2a6 a2e45894da9afc7c 3053828c5153a2e7 2b92dab1740d8898 f0f1fc4d803165ba]
CGC-S1: OUT phase=dec graph=9 il=38 ne=[2048 8 1] fnv1a64=a5c4969f9b1f8672 vals=[-0.200766 0.0700249 0.252395 -0.0536139 -0.140793 0.0608824 0.0918948 0.00614771]
CGC-S1: OUTSET phase=dec graph=9 il=38 nrows=8 set=fdaf3ea5db65491f rows=[130dd7c6eaf4b68e 0397041a7b915f30 80e7798759745b9d 35aca16012f25c42 5a7dcc45ce9d9ae0 7122c8491ff711af f4a2a1c49e746804 8ca97c146a3a725f]
CGC-S1: OUT phase=dec graph=9 il=39 ne=[2048 8 1] fnv1a64=fd7c622d80c3a9a8 vals=[-0.262874 0.121413 -0.18382 0.0733281 0.00088628 -0.258462 -0.371678 0.27229]
CGC-S1: OUTSET phase=dec graph=9 il=39 nrows=8 set=c4a57e47e17eb412 rows=[59dff50589e0a61e 8dbfdb595dd10cf3 7ac17ece0da3b881 1b34ecf75431150d c403718a8dc3ff26 a7d8eb634eb8b6b5 d41052907d8d69be 15b3c4bc327403c7]
CGC-S1: OUT phase=dec graph=10 il=0 ne=[2048 8 1] fnv1a64=a60ed1a9d35736f9 vals=[-0.0079316 -0.00955741 0.0112825 -0.00135364 -0.000829613 0.00239789 -0.0155254 0.00557131]
CGC-S1: OUTSET phase=dec graph=10 il=0 nrows=8 set=136bd1356c321cc7 rows=[40834feb8c14c0b6 0a9bb5364e92a0b2 a22e48c6c578fd6b 5643b7a309152934 fbced7fa33359644 e1548ac9a16c3d0d 517ecfdd7e3b944c f53f7e30cdb92318]
CGC-S1: OUT phase=dec graph=10 il=1 ne=[2048 8 1] fnv1a64=1cfbab762aafdaef vals=[0.00992608 0.000886061 0.000137444 0.00575385 -0.00692405 -0.000890962 -0.000687705 0.000924036]
CGC-S1: OUTSET phase=dec graph=10 il=1 nrows=8 set=ce3f68ac535b2987 rows=[97f7f961e874372e 851435ea2335b45d e6c3607e3a967010 cfce2d866b571675 8e6cda8a460fe8a3 1e14d1f7fc1184f9 d20ce1d144a100f7 b5c9bf3801a1ba37]
CGC-S1: OUT phase=dec graph=10 il=2 ne=[2048 8 1] fnv1a64=6cca6bb639f3767c vals=[-0.00500119 -0.000880887 -0.00310881 -0.000328527 -0.0043498 0.00104329 0.000719507 0.00644576]
CGC-S1: OUTSET phase=dec graph=10 il=2 nrows=8 set=ac7a7d084b8f9106 rows=[2f8e3a11f9eb6097 6bcf831775208821 0e054626c82245fd aad0bb61a26455a7 b2648084eb3a96fc 83f86f02feb9efdb c1670d8272c02984 bd30a0d0c57a071c]
CGC-S1: OUT phase=dec graph=10 il=3 ne=[2048 8 1] fnv1a64=cd291363e1e5f213 vals=[0.00473057 8.90917e-05 0.00327896 0.0126381 -0.00408903 -0.011525 0.000795134 -0.00749259]
CGC-S1: OUTSET phase=dec graph=10 il=3 nrows=8 set=9c53f82c17af4caa rows=[9328785563f2ba2d 43ab090a3f594da6 20b85955a70b627b feb9920cfc3d95de 890308d6b2cdce06 c80770c8584d9177 a3258aa90e6e375e 29984639cc03c6bd]
CGC-S1: OUT phase=dec graph=10 il=4 ne=[2048 8 1] fnv1a64=ec259b14f07763e9 vals=[0.0283958 0.0082918 0.012019 -0.0144357 -0.0702579 -0.0208623 0.00334038 -0.0492194]
CGC-S1: OUTSET phase=dec graph=10 il=4 nrows=8 set=a7c2c831a92b97f3 rows=[e1b39c6f7a70624e a0a86d18788571c2 6e2464a9ec92e9ee d39729a8ff252683 e1809b72b90bd8ca 9d30d119cc5fef34 07169ba07821e6c7 aec06dcbb03c0396]
CGC-S1: OUT phase=dec graph=10 il=5 ne=[2048 8 1] fnv1a64=2a434677f34e2e9c vals=[-0.00666364 0.00248077 0.005179 0.0231282 -0.0221636 0.0160443 -0.0116881 -0.0022001]
CGC-S1: OUTSET phase=dec graph=10 il=5 nrows=8 set=4a3d4ecb1d6c981c rows=[a449807cca562221 a79b429e8dd20b4f 13d82d2c440f2a55 6b9321fb04eb35d1 387102ed15d81dfc df8e675390aa6f42 111346bc585699f8 f557a0b9c2a88ca7]
CGC-S1: OUT phase=dec graph=10 il=6 ne=[2048 8 1] fnv1a64=64c51dd6d69e165f vals=[0.00834356 0.0099791 -0.0277178 0.0339677 0.018637 0.0248165 -0.00249161 -0.00791663]
CGC-S1: OUTSET phase=dec graph=10 il=6 nrows=8 set=9508580fd28ef6e9 rows=[daa92461e18ad144 0f0b43ef15e32673 357a64f2ca549062 77bea0acd23853e4 0445e2276cebacab 3b63c602f3c376de 7b4081189bdc218b 80939772671e9def]
CGC-S1: OUT phase=dec graph=10 il=7 ne=[2048 8 1] fnv1a64=0b4fcffd7abce35b vals=[0.0173537 -0.00686529 -0.0235428 -0.0104194 -0.0373135 -0.0182248 0.00257809 -0.00835119]
CGC-S1: OUTSET phase=dec graph=10 il=7 nrows=8 set=5defee780b0d5e9c rows=[890dee33a5a03097 9ede3d5be5fad379 049c703cd5ba645f a2c8612a9c45e997 173671d6988d5280 9c8c19693b2fc38c 3240ddc6687499fb cdc74cdcd665081d]
CGC-S1: OUT phase=dec graph=10 il=8 ne=[2048 8 1] fnv1a64=d63530976e87d62e vals=[0.00861591 -0.0218559 -0.0139155 -0.00100356 0.00159157 0.00377455 -0.0174409 -0.0070753]
CGC-S1: OUTSET phase=dec graph=10 il=8 nrows=8 set=2ce16ab0b68a94a8 rows=[c6ef817d76d4c813 463e13435fed17ea 70e19f57276dcd14 ae54b7b9866afba2 55ec67460945e973 052c706f6bc0e0cf 48650f549be07bee e4622344f1e53abc]
CGC-S1: OUT phase=dec graph=10 il=9 ne=[2048 8 1] fnv1a64=0f0e53b951c33c0f vals=[-0.00686214 -0.00213938 -0.0124222 -0.0424034 -0.00146696 -0.0102697 -0.0160624 0.00199716]
CGC-S1: OUTSET phase=dec graph=10 il=9 nrows=8 set=ed0b9ade8a27838a rows=[63c53778908a33b3 32ff855e6ce910c5 f98dd4ce6e81adfa 4a1357c1e787cec8 4a0e1cc41404c736 990913912bcfd9ef 95a85732cf531499 e551f106feeac8ec]
CGC-S1: OUT phase=dec graph=10 il=10 ne=[2048 8 1] fnv1a64=51381c353eb4e478 vals=[-0.0266899 -0.00891346 -0.0054008 0.0131685 -0.0240866 -0.00868148 0.0127701 0.00485197]
CGC-S1: OUTSET phase=dec graph=10 il=10 nrows=8 set=1fbb27e5654650a9 rows=[3632f1bb6bc41443 ea78f7372039c365 249679d4ed7c24d2 913a234435597c83 e4591db0479c93c6 d23d7b4a902b04b6 9b1062997f8b6efb 321d3d604c939807]
CGC-S1: OUT phase=dec graph=10 il=11 ne=[2048 8 1] fnv1a64=a1cba2e77c78c08f vals=[-0.016328 0.00138241 -0.0192748 -0.0278533 -0.00867398 -0.0329968 -0.0211731 -0.0108749]
CGC-S1: OUTSET phase=dec graph=10 il=11 nrows=8 set=4ee7412c537e82cd rows=[85cf1d5fc838896e f5d10bb28f4c2a2b a2cb743a93cb59bf fbf9aae0a1ee60a2 9cf8286dd55b9eee 21443fb33e7dff92 ca354061663d0c1a ae2f08f8df8a6366]
CGC-S1: OUT phase=dec graph=10 il=12 ne=[2048 8 1] fnv1a64=4ae3e67e6827a253 vals=[0.0537944 0.00248862 0.0501895 -0.0530021 -0.0208732 -0.00892074 0.0151722 0.0203338]
CGC-S1: OUTSET phase=dec graph=10 il=12 nrows=8 set=e9f396012a464f36 rows=[8992a33b9bd8ef99 e059c981265f860f 7a569716cfaa0e0e bf4f7760398820a8 a2722adcf4d86afd 8f3a9b49520fa42f abc2d0ba9fb3a296 1dc98e5ed56c72fc]
CGC-S1: OUT phase=dec graph=10 il=13 ne=[2048 8 1] fnv1a64=1b62a83426490e70 vals=[0.0553944 -0.0224839 -0.0460678 -0.0498632 -0.000894224 0.0261634 0.0546173 0.0293117]
CGC-S1: OUTSET phase=dec graph=10 il=13 nrows=8 set=1bd4971906d79c35 rows=[f50083b8b0d0a7bf 82483d187a1cdd31 9754b27ac750b4b0 e92eca98f7e95a2e 89014b117296d6c4 caaa567a59b1566d 7f08a33b702eb3f8 342641f87940e3a6]
CGC-S1: OUT phase=dec graph=10 il=14 ne=[2048 8 1] fnv1a64=85179813646334fe vals=[-0.0108316 0.0190341 0.0120534 0.0288754 0.0149245 0.0179916 -0.0224606 0.0117722]
CGC-S1: OUTSET phase=dec graph=10 il=14 nrows=8 set=722e5f210360bcaa rows=[d735fc6eca394cc8 1afffdb48d46aeb7 af857e8597730b7a 25e612baa9e2ef2a c463b35cd6cf6488 d78087d34dfad6e4 c428ac3a5577ca1d a0e5e4ba1ef7149f]
CGC-S1: OUT phase=dec graph=10 il=15 ne=[2048 8 1] fnv1a64=a33b7d304c07c964 vals=[0.0331107 -0.0215137 -0.0419038 0.038184 -0.00434244 0.0196947 -0.0337833 0.0463801]
CGC-S1: OUTSET phase=dec graph=10 il=15 nrows=8 set=c44843896d030452 rows=[48fdeba9b80d76e3 86caac0070fa24fa cd8224dba35fadfa b9c44b63471fc2a5 d0344db1cbb91a03 998a6340efa9eeba a2af1d44b6f44d0b 783fd8acf80ae097]
CGC-S1: OUT phase=dec graph=10 il=16 ne=[2048 8 1] fnv1a64=1bf498bed9289e62 vals=[0.0470702 0.043236 0.0105376 0.0181728 -0.00468533 -0.0651395 0.0487893 -0.00151511]
CGC-S1: OUTSET phase=dec graph=10 il=16 nrows=8 set=0cf5b7c670eb11d0 rows=[badc278034597475 bb82259d10e47a10 ed60ed4ab56ffe77 d85f20a1eccc71f3 552db17ce830a6e1 3f82c4d76720f8cc 8d179b831a422ff8 c8d9fe2816a258a1]
CGC-S1: OUT phase=dec graph=10 il=17 ne=[2048 8 1] fnv1a64=86ec495982962468 vals=[0.0452896 0.0405679 0.00623311 -0.0175611 -0.0615054 -0.0622097 -0.0588869 -0.0123944]
CGC-S1: OUTSET phase=dec graph=10 il=17 nrows=8 set=690e324f04fc2e3d rows=[44d597077ad9a8e0 b66ae9f4e83c8ddf 72e8bf643ef50840 b694b59162187f98 1e6d3ad451ec8c87 33aba893c667f444 b50481bfdce7c4f9 1dbe9edcbb1dfd62]
CGC-S1: OUT phase=dec graph=10 il=18 ne=[2048 8 1] fnv1a64=1b4765b9e2818840 vals=[0.00802456 -0.105005 -0.00839769 -0.0311291 -0.00445538 -0.0170694 -0.0397621 0.0513006]
CGC-S1: OUTSET phase=dec graph=10 il=18 nrows=8 set=a5cf10e62aaa39b4 rows=[4486780980fe3bbf 5ef22aa92223c7b6 d8afb7b39574eeb0 86288d844dc4b077 55ce2414ba132256 867a40ca384d0d8f 335c172d9f0c1e8a f2fca191f1f9fd6e]
CGC-S1: OUT phase=dec graph=10 il=19 ne=[2048 8 1] fnv1a64=c458c69772edbe80 vals=[0.000358123 -0.0208982 0.0643624 -0.0332483 -0.0374605 0.0191236 0.0114667 -0.0840459]
CGC-S1: OUTSET phase=dec graph=10 il=19 nrows=8 set=520d16a959148998 rows=[8a8d8deaf349e226 66f33b40623128dc dbbd99a900414cdf f87f817b58bba21e 7949eeca26092afc d179f36c8eb7eeb5 5bf6151499e376cd 32e30b90b0d37410]
CGC-S1: OUT phase=dec graph=10 il=20 ne=[2048 8 1] fnv1a64=c805aa27b555aff7 vals=[-0.0171898 0.02545 0.025619 0.00430515 -0.00232122 -0.0161343 0.0356119 0.0198654]
CGC-S1: OUTSET phase=dec graph=10 il=20 nrows=8 set=40ebe84f1d9e1540 rows=[921a41d204223573 e911610acc0bee64 e1602e57d8239142 7738c4bc3d57ee55 44548551fdd4db1a 3d9737b792faf03c 89f21fc0751c7855 bb608c9562195e7b]
CGC-S1: OUT phase=dec graph=10 il=21 ne=[2048 8 1] fnv1a64=83d728de45152b2f vals=[-0.00862382 0.0273507 0.0070324 0.00533896 -0.040267 0.0363819 -0.0014954 0.0174689]
CGC-S1: OUTSET phase=dec graph=10 il=21 nrows=8 set=ed58ac6713674255 rows=[940b1eaef916ebdf 94b8bc252ff1d791 7eddeb58462b1393 e0c18fd63f5a3161 5f87e4317a4cce6a 0be7bc1b672288a7 a15a2617da74438f 3ec72d6a537c3686]
CGC-S1: OUT phase=dec graph=10 il=22 ne=[2048 8 1] fnv1a64=20a33ca256cf6859 vals=[-0.0485953 -0.00822757 -0.0887529 -0.072792 -0.0295451 -0.0186226 0.12726 -0.00131238]
CGC-S1: OUTSET phase=dec graph=10 il=22 nrows=8 set=7daee52b02a3310e rows=[006a7e26312eaf54 1baafdfbf0976519 adb15b090e69c69e e480ad7050d1574f 4a61d4eb087403cb 74dd4ed64b2d2f56 18667aa9ed604ecd 28393a67f3dfcf72]
CGC-S1: OUT phase=dec graph=10 il=23 ne=[2048 8 1] fnv1a64=27a532339e358085 vals=[-0.0205137 0.0053909 -0.00416243 -0.019805 -0.0335197 0.017287 0.0271931 -0.00915726]
CGC-S1: OUTSET phase=dec graph=10 il=23 nrows=8 set=72df25c96cd8397a rows=[1bcfe76be5ab4a00 0203667ff6fbddb7 c57f2e96dcbf60a2 e937b439b4741d65 e5dadccaff36f35d 435d42d4c8ff9a1c d1021aa043a6effb ff97607ea49c2b94]
CGC-S1: OUT phase=dec graph=10 il=24 ne=[2048 8 1] fnv1a64=9d37e39aec29401a vals=[0.011022 -0.0481899 0.0170972 -0.0170474 -0.00367033 -0.0115705 -0.00653617 -0.0257654]
CGC-S1: OUTSET phase=dec graph=10 il=24 nrows=8 set=20cd7e454db69dda rows=[92e8b4db89c8d1e7 804c036d829576d2 f398348a0cfdca15 c9f7117771183fed 8461af8740ef4574 3b5f30a011a638d5 58daf8e5e354b796 b0b7816455425c83]
CGC-S1: OUT phase=dec graph=10 il=25 ne=[2048 8 1] fnv1a64=94256937abcd9825 vals=[-0.0321847 0.035299 0.00235326 -0.0382214 -0.0138812 -0.0142563 0.0338125 -0.0163492]
CGC-S1: OUTSET phase=dec graph=10 il=25 nrows=8 set=add8db16f721d1a2 rows=[93239d3313218019 bad661250bf42ca5 0d12a89924c002be f9315ab6c79296d4 824bd9c6e3901426 f4c6a57d1130f944 54f9141d476ebc0e 8a63f64704944b78]
CGC-S1: OUT phase=dec graph=10 il=26 ne=[2048 8 1] fnv1a64=5d1931b5c2e03d4a vals=[0.00385244 -0.0613544 -0.0764268 0.0353113 0.0821961 0.015878 -0.0682757 0.0415938]
CGC-S1: OUTSET phase=dec graph=10 il=26 nrows=8 set=0a6ac79b235d1426 rows=[ce1741ba2e7acbb2 01037b5426190415 041512e6d4ea7bfa 346fd110306a6bb9 013917ca4d0df7dd 4b04455436fe2f80 5da62053f39eb808 9dc5bccdabe860f4]
CGC-S1: OUT phase=dec graph=10 il=27 ne=[2048 8 1] fnv1a64=87f89fb567c3b44d vals=[0.0641967 0.0143941 -0.123195 0.00996588 -0.0715417 -0.010445 0.0244809 -0.00242447]
CGC-S1: OUTSET phase=dec graph=10 il=27 nrows=8 set=f6ce6a732f38ab1d rows=[80b87f03eca50ce1 b3ad52b01e1c35e9 d504aa46c48d8018 8765ad72652940ba dd08f18b2791e36e 14bcacb5f9cfd284 2db4e8a816b57cc6 fdb213a8f31c4f9c]
CGC-S1: OUT phase=dec graph=10 il=28 ne=[2048 8 1] fnv1a64=c0be3132dc83fea5 vals=[-0.0808922 0.0153836 -0.0642194 0.0189579 -0.0406621 -0.0625482 -0.0539264 -0.0587641]
CGC-S1: OUTSET phase=dec graph=10 il=28 nrows=8 set=56fa9c6f4815b43b rows=[6ad06d89d1abbb5d adaec8cda59b8e4c 4140e2966f72e58c f4b85c05e72fd432 804295f1e07bd054 4b8591c36e9425df 279af4b6bda6b028 72196bf49a278842]
CGC-S1: OUT phase=dec graph=10 il=29 ne=[2048 8 1] fnv1a64=a5555fc0168dc88c vals=[0.0304841 -0.0674967 0.0757521 0.0125795 -0.00833593 -0.0376072 -0.0121537 0.0472441]
CGC-S1: OUTSET phase=dec graph=10 il=29 nrows=8 set=f471c8d2df080314 rows=[784dd492f8296bdf f100f5cb7e8d48c9 a43fc2eaf08f7e14 2a19254ecc4c9ab0 7af4b509574bfd19 b6e023ec544315d3 9a52eeaca7a21007 2293c0e520e8f218]
CGC-S1: OUT phase=dec graph=10 il=30 ne=[2048 8 1] fnv1a64=bef912065d7bfe95 vals=[-0.217917 0.14175 -0.0635832 0.0375548 -0.190689 0.0131332 -0.103004 0.0423554]
CGC-S1: OUTSET phase=dec graph=10 il=30 nrows=8 set=d91edf6668bcb233 rows=[17eedc8b82b5b3cd eb60613e61f29f44 bce8a6c762ebf97f 7f2c63b666119883 5a2359e0b209407e 79a2ed7638eaf17d 8133a932fb6df762 d7359ef02947a85e]
CGC-S1: OUT phase=dec graph=10 il=31 ne=[2048 8 1] fnv1a64=144ce32f260ae79f vals=[-0.115123 0.319183 -0.132067 0.0239369 0.113346 -0.0678045 -0.00556784 -0.099811]
CGC-S1: OUTSET phase=dec graph=10 il=31 nrows=8 set=33f6c70c0753ce66 rows=[40256a5373cb7878 3a7398ff9c0c2835 a85af38f2a9122de c48ffba641216e44 19367672c773611c d0b9e5c58b8eea46 6a81a9a434aab7a3 56616a37f11f196a]
CGC-S1: OUT phase=dec graph=10 il=32 ne=[2048 8 1] fnv1a64=d8e7218406db9b1e vals=[-0.123765 -0.0413452 0.0210738 0.0155436 0.198592 0.0500145 -0.0248842 -0.00498981]
CGC-S1: OUTSET phase=dec graph=10 il=32 nrows=8 set=a49b1317ba9c8686 rows=[709962e4a5aeb3a2 96e1679a57b6098b 240f1a754e21cfef dea5ee8ed9c73888 acdb0b496baac35b 18586b7c9ef1bf3f dad7ec40bcddabba d4a8018624c44c0d]
CGC-S1: OUT phase=dec graph=10 il=33 ne=[2048 8 1] fnv1a64=ea799f7d445c564f vals=[0.0817669 -0.14255 -0.0442156 -0.0803986 -0.0389926 0.147773 -0.144449 -0.129106]
CGC-S1: OUTSET phase=dec graph=10 il=33 nrows=8 set=bd096209e21e84b9 rows=[35a08345ad6a4860 ea3e658a61cf3947 cf1adb3124455683 a98951350d76fcfb 0bd0fc993fa63b51 b150391a5b8d5479 f0485befe5a042b5 b3b419c82208403e]
CGC-S1: OUT phase=dec graph=10 il=34 ne=[2048 8 1] fnv1a64=bbab13ff4238f8eb vals=[-0.166949 0.0770245 -0.0495616 0.0216145 -0.0324389 0.198977 -0.155545 -0.0866992]
CGC-S1: OUTSET phase=dec graph=10 il=34 nrows=8 set=547cee13adfe1c84 rows=[9baf32942e1dbb3e 35e7bb40069138b6 284870200471e02c d2d9d9af0bba846c c416647e5822e331 3aab9f3eaa265dcd 6282b29defcc019d 6b567f376da1c67d]
CGC-S1: OUT phase=dec graph=10 il=35 ne=[2048 8 1] fnv1a64=d66e18f6f1ff75f9 vals=[-0.137528 0.0733864 0.252834 -0.135455 0.0204942 -0.0791378 0.0108067 0.21446]
CGC-S1: OUTSET phase=dec graph=10 il=35 nrows=8 set=9cf350f0c7abb854 rows=[0697f0e9d1ac53a3 6e0e1cc8ebce7138 08d2fe4ace2da053 6dd9e08d2a59ee15 b5396f15af36390a 0710fdade41d0da9 3165a095149f5658 a63bca18c0e046f4]
CGC-S1: OUT phase=dec graph=10 il=36 ne=[2048 8 1] fnv1a64=9dd7c54f5beb3005 vals=[-0.0220319 0.0199584 0.127824 -0.0265885 -0.045575 -0.0217286 -0.0322988 -0.161743]
CGC-S1: OUTSET phase=dec graph=10 il=36 nrows=8 set=81a57c481aec5090 rows=[3aef57907a2e0200 6bec34b62d8a229c ccda47a0b334fd87 71ebd0eaf1a60209 6c78baa0c25d36ee 568aead732791fdf 5aa7c5c6d268bf80 923fbc8586b65801]
CGC-S1: OUT phase=dec graph=10 il=37 ne=[2048 8 1] fnv1a64=17ae357df3ecfbb2 vals=[0.0475786 0.071532 0.0652595 0.134507 -0.158816 -0.015537 -0.118695 -0.161139]
CGC-S1: OUTSET phase=dec graph=10 il=37 nrows=8 set=e3c2ff02250f6662 rows=[e83cebcec3ba0b71 a735c71365ae43b5 c289cebdd3bd50c3 83719601e28b496e 7690b94370aa6720 efcef030e1e8ed1e fc2423e2bf128b53 84b34ca7c3372591]
CGC-S1: OUT phase=dec graph=10 il=38 ne=[2048 8 1] fnv1a64=7ad898251b8fa8d8 vals=[-0.00185871 0.022332 0.161333 0.193852 0.0923348 -0.00915542 -0.0950232 -0.155819]
CGC-S1: OUTSET phase=dec graph=10 il=38 nrows=8 set=f230f1b90b0d24de rows=[13765c37b6b9dcc9 5b031863d4fe03c3 5c5f8cef06a6bc11 7f20bf073ea1e857 670bc8ac5543cf6e 17d8f7f14ae1a127 510bea6a39b87874 9a8fb88c596117e6]
CGC-S1: OUT phase=dec graph=10 il=39 ne=[2048 8 1] fnv1a64=b03563745957c301 vals=[-0.258499 0.309335 -0.287992 0.157871 -0.198061 -0.0211006 -0.440428 0.546158]
CGC-S1: OUTSET phase=dec graph=10 il=39 nrows=8 set=a07af4364086d755 rows=[34331d1a9a4c751b 546fdfe9889c85a1 b86f5bcf94ab5ac7 2083e66693cb2247 c607f4811164192d c6204c4e8cf68e55 d7f61903be452b23 7f5794d3d5be4bef]
0.37.353.174 I slot process_toke: id  0 | task 0 | CGC-SCAFFOLD-DBG: n_decoded=12 resp=0 think=0 gt_len=56 head=[巴黎並非法國的首都，而是法國的首都。

]
CGC-S1: OUT phase=dec graph=11 il=0 ne=[2048 8 1] fnv1a64=be3956a06b77f496 vals=[0.00083981 -0.00417523 0.00335222 0.000611873 0.00340025 0.0036562 -0.00815337 -0.000555409]
CGC-S1: OUTSET phase=dec graph=11 il=0 nrows=8 set=59102705af74d489 rows=[267b98fdc674b775 14dbc62a1bccf326 ae321693d957ef6b f40d1318c22ad5ac 034da32056c8a33b f188003e3af6232a 5d10745219e83fd6 7264efaa286eb686]
CGC-S1: OUT phase=dec graph=11 il=1 ne=[2048 8 1] fnv1a64=877164ceba172525 vals=[0.0140241 -0.00566928 -0.00902625 0.00211895 0.00822668 -0.0126534 0.00722644 0.00177269]
CGC-S1: OUTSET phase=dec graph=11 il=1 nrows=8 set=78791ff6171cd9db rows=[67028c3bccb51fde 39fb2068cf691625 b78446e48a728418 c21c443b0416c3da c6baa64fd1918947 687ca4eef5acca8b 592f5ed1264fae56 aff7a739dbed8049]
CGC-S1: OUT phase=dec graph=11 il=2 ne=[2048 8 1] fnv1a64=06312b598b28bdcc vals=[-0.00352675 -0.00368973 0.003966 0.00915568 0.000837117 -0.00578255 0.008244 0.00229469]
CGC-S1: OUTSET phase=dec graph=11 il=2 nrows=8 set=4fc59c3dc25599a8 rows=[e92f61b595925103 c88f2086580b039f 78e6931ca5332ccc 03fd3828f3a946f3 1fd2d1e8bbe11735 94ea22b91228add7 03ab04ccd66bade1 65450d5dd64f5e8f]
CGC-S1: OUT phase=dec graph=11 il=3 ne=[2048 8 1] fnv1a64=c41c802f2f85be7c vals=[-0.00533243 0.000457194 -0.0189716 0.0163358 -0.030192 -0.00109693 0.00229184 0.012842]
CGC-S1: OUTSET phase=dec graph=11 il=3 nrows=8 set=9bdedbbf75db2489 rows=[045f72ba7c31e8c0 86decdbe4de9575f f4f456954cb03bb2 ca2cabf758d09c52 cbd1e40d7f8613a4 b68c2e53c01c2dc4 b3636a363c6be3cf 4327ff896ef5e75b]
CGC-S1: OUT phase=dec graph=11 il=4 ne=[2048 8 1] fnv1a64=771796c6b28eb33f vals=[0.0359489 0.00242345 -0.0243489 0.0388207 -0.0907545 0.00308526 -0.00370061 -0.0244232]
CGC-S1: OUTSET phase=dec graph=11 il=4 nrows=8 set=69f8a3b12910a6b6 rows=[d1e137e66ce5f607 c13f80ac46f6e3a8 c9fe7e230dea6519 60a51c28beef452d 02b10be29c8ca850 1405ea6b0ff3bfea 509113a23a809a0d 8b7ff70185b85d38]
CGC-S1: OUT phase=dec graph=11 il=5 ne=[2048 8 1] fnv1a64=fc8c99723abc798f vals=[0.0202043 0.0152386 0.0341205 -0.0117796 0.00365608 -0.0110752 0.00945409 0.0180216]
CGC-S1: OUTSET phase=dec graph=11 il=5 nrows=8 set=f154d5dd8680b6bf rows=[e8b1503fe7853bf5 eedbdabeb5b16a12 f53376ba00288d5c c4bb231a6e9f1098 04b35a6586ffdaf1 29472a0139a3d5dc 8e8fe9805f9c9cfc debb05d6686a1a0e]
CGC-S1: OUT phase=dec graph=11 il=6 ne=[2048 8 1] fnv1a64=f8b7256dfb9282c6 vals=[-0.00222656 -0.0307301 0.0175005 0.0343959 -0.0170313 3.60003e-05 0.00598549 0.0157103]
CGC-S1: OUTSET phase=dec graph=11 il=6 nrows=8 set=9749a56d07031509 rows=[f7bbaa9d1eed559d 3baf7aff1c92b7a2 5d37dc8ab11b6951 d9c4a7fec0cd6c99 4911de6814623950 5793d270e1a31d9c 891a5724210133bd 6b5cb6c0e8d3757b]
CGC-S1: OUT phase=dec graph=11 il=7 ne=[2048 8 1] fnv1a64=5af5c010522cca94 vals=[-0.0206333 0.00668889 0.0254876 -0.0127892 0.0222171 -0.0176777 -0.0180944 -0.0265516]
CGC-S1: OUTSET phase=dec graph=11 il=7 nrows=8 set=347be901f4b3a75c rows=[00801e144a622ab9 5e53b03f7196afae f0c9df28a8a97e3d 78cbc30d378e3fc9 8339c96b9f0df08b 1c63026c49cbab99 6a144b992dfd1041 e74cace04ce3960f]
CGC-S1: OUT phase=dec graph=11 il=8 ne=[2048 8 1] fnv1a64=edc14da81375884a vals=[0.0245309 -0.0158524 -0.0587602 -0.0436431 0.0127933 0.00553111 -0.0164144 -0.0149937]
CGC-S1: OUTSET phase=dec graph=11 il=8 nrows=8 set=753805ae78daa7de rows=[c8740a7d5e70cb5b fba106ea2ee47f75 f7939674af37f1c5 c1ca145a45b3ae82 fab8c9841a497139 47b1fb12faf0cf38 a083f057d0f63bed 71392d36e6ce6604]
CGC-S1: OUT phase=dec graph=11 il=9 ne=[2048 8 1] fnv1a64=3da239230cce8c2a vals=[-0.0175736 -0.0123976 -0.0199945 0.0118324 0.03212 0.041749 -0.00665748 0.0236084]
CGC-S1: OUTSET phase=dec graph=11 il=9 nrows=8 set=070ee1fbbd124367 rows=[d8de49f94eff6c9e ec7d9d24c583d690 6e32cf80cf1fd8da f614841020a15954 9f27a429633e02e3 5f7adde6ffa6442d f796bf24e098ea91 c3d4e4388a9e0f62]
CGC-S1: OUT phase=dec graph=11 il=10 ne=[2048 8 1] fnv1a64=209b4502d69039b3 vals=[0.0105457 -0.0271702 -0.0391801 0.019767 -0.0434452 0.0211626 -0.0246155 0.0174872]
CGC-S1: OUTSET phase=dec graph=11 il=10 nrows=8 set=6c59b927924981e3 rows=[4efa4cdd94d1dace 89d6cd72b51d2ebf 26f581e570d48360 f4d7bb8d8f534952 b3c267080271c157 37e6adb42e1c135c 5b2654c073045b5c 612ebd527a62925c]
CGC-S1: OUT phase=dec graph=11 il=11 ne=[2048 8 1] fnv1a64=1e017d5a4ac7f9b7 vals=[0.0169984 0.0102774 0.0501074 0.00571415 0.0216192 -0.00850887 0.0407799 -0.0178622]
CGC-S1: OUTSET phase=dec graph=11 il=11 nrows=8 set=d67cc0947de83a2d rows=[48da3e2c11f106b6 7ee6d5bc3ad52394 b242f4d3de6c81d3 4b773debe3d05635 1a59be927263f6ca a5795eecd86680c4 8f39dda32f2da2ff 0371884b3b432ba9]
CGC-S1: OUT phase=dec graph=11 il=12 ne=[2048 8 1] fnv1a64=a2b583bbbaf42590 vals=[-0.0282231 0.0234017 -0.0259328 -0.0198656 -0.0282418 0.0150411 -0.0169496 -0.00795404]
CGC-S1: OUTSET phase=dec graph=11 il=12 nrows=8 set=4c827f9722dfe7cd rows=[2a7352d5bcbca092 37a85d1c010b8046 203c9cf31e21081f 27659f1cdd2a3230 dd69f4640eb32b67 029ccf04ca7a43e5 b83ae62ded43fcc3 96829e70c65191d5]
CGC-S1: OUT phase=dec graph=11 il=13 ne=[2048 8 1] fnv1a64=3cacb834676e2d44 vals=[0.0141685 -0.0171573 0.0249351 0.0142826 0.00860366 0.0262898 0.0270037 -0.034857]
CGC-S1: OUTSET phase=dec graph=11 il=13 nrows=8 set=6c28353d45566cc2 rows=[b359a170b9feb399 6ffc808d13b27458 dc1a521d0aba0452 4ad2a7ac6aa1231e 9e9575b7cb5c4afb aeb447474e17d74e 79c66c40017cba6e fbfd7219501e0369]
CGC-S1: OUT phase=dec graph=11 il=14 ne=[2048 8 1] fnv1a64=b65265e0951a3279 vals=[-0.0372769 0.0420267 0.0197665 -0.00533979 -0.0142815 -0.000355791 -0.0380319 0.00712517]
CGC-S1: OUTSET phase=dec graph=11 il=14 nrows=8 set=c4172381e9de0b1d rows=[ae1d75eda52738eb e2ad7340528d9054 963b9de189596c56 08077063c8feb20d d48bc3539b381e61 a576911ca2332af2 1090ef7c44e8c84e e1b234b5d0938cfb]
CGC-S1: OUT phase=dec graph=11 il=15 ne=[2048 8 1] fnv1a64=2f5edea8c866af42 vals=[0.0145214 0.044564 -0.0119937 -0.03929 -0.0357712 -0.0171778 0.00721396 -0.0339858]
CGC-S1: OUTSET phase=dec graph=11 il=15 nrows=8 set=87a1299445c60222 rows=[ab6fb7682e25181e 8273196fe64409ee d81321f8167057bc d6a7419da100380b b67d9a920c8674ff 57a76261713ec6a6 3c03527795073f13 35169d578197cab0]
CGC-S1: OUT phase=dec graph=11 il=16 ne=[2048 8 1] fnv1a64=1903e09f11bd64c3 vals=[-0.0113507 -0.0193008 -0.0233454 -0.022465 -0.0488157 0.0144763 -0.0200409 -0.018372]
CGC-S1: OUTSET phase=dec graph=11 il=16 nrows=8 set=6a3f7f9c9143cc34 rows=[bc4edd9394ad7a00 d8a46cb2fa2a34ea 9e088f59cf5896b6 a39074aad1d3edba d173ab2663fa664c f4fdac94f5c73738 72b7fe639e823784 a0d9dc650346ab42]
CGC-S1: OUT phase=dec graph=11 il=17 ne=[2048 8 1] fnv1a64=844a572435a2606a vals=[-0.0187578 -0.0394496 -0.00286063 0.019587 -0.0479155 -0.0661004 0.0190655 0.011071]
CGC-S1: OUTSET phase=dec graph=11 il=17 nrows=8 set=cfff171e98e6b9bb rows=[9a29b52250515a09 4aa754d148e830ed a4409c92ac53867f 337ce27905181d19 ca4824fe53173438 266061c575d25816 dc814f84da25b6b2 38f5feb31037180f]
CGC-S1: OUT phase=dec graph=11 il=18 ne=[2048 8 1] fnv1a64=2c952ee1df8448b0 vals=[0.02059 -0.000118778 -0.058452 -0.0286211 0.030835 -0.0186519 0.0208201 -0.020698]
CGC-S1: OUTSET phase=dec graph=11 il=18 nrows=8 set=3411861c4a9029db rows=[4030ccd841fa38ca 8623866b74327f1a 76e8b7fed091ef3a 93e145c113234689 2ffb9dc57c1b9497 13c0c940d0c8b97c 541165e85e8600e5 9d76b6eb6e9b3522]
CGC-S1: OUT phase=dec graph=11 il=19 ne=[2048 8 1] fnv1a64=8dc959e43749adb6 vals=[0.00213624 -0.0345 -0.0151523 -0.00770462 0.072742 -0.0105637 0.00776867 0.0460229]
CGC-S1: OUTSET phase=dec graph=11 il=19 nrows=8 set=279655b272746f97 rows=[b973d7eb1db2cf02 d06dad61554e72d9 76f535bf7a2fc0a1 f4ff951bf7d86e3b e5d574d12731183d 37dd2b70ed505b42 fa2d5a35c0c295aa 7cf776bb82e35919]
CGC-S1: OUT phase=dec graph=11 il=20 ne=[2048 8 1] fnv1a64=f96772c6fed3667d vals=[-0.0523762 0.0468945 -0.0533572 -0.031922 0.0128021 0.0133762 -0.0504352 -0.0152348]
CGC-S1: OUTSET phase=dec graph=11 il=20 nrows=8 set=0fc40ee4ee607114 rows=[495b570b81948e2f 197c4d44f6efcbd2 f055313ac3e1deb9 62f561604c2193a3 febe9974b34c8074 4b6476835294deb6 2753f9c9d2462956 05b9661c8072b5ad]
CGC-S1: OUT phase=dec graph=11 il=21 ne=[2048 8 1] fnv1a64=790d388356a6f871 vals=[0.0458836 -0.0418548 0.0440128 -0.0562343 -0.095359 0.0108062 -0.00627692 -0.102719]
CGC-S1: OUTSET phase=dec graph=11 il=21 nrows=8 set=3a515358051319e5 rows=[4c73dc37d03e9e38 ac75ee54ae064ecc e32f0609a0af93c8 b71c6f30ed51932b 9f44fa96c1166e68 39d0c0bb6fa0a583 edb576a63796f51c b1169d7695702066]
CGC-S1: OUT phase=dec graph=11 il=22 ne=[2048 8 1] fnv1a64=33e9dbb11957abe9 vals=[-0.0214107 0.0424674 0.0478205 0.0128811 -0.0547269 0.00132822 0.108582 0.0136752]
CGC-S1: OUTSET phase=dec graph=11 il=22 nrows=8 set=139d13abaa1d2d4c rows=[477df9ae6fa94bdf 81142c4573647f44 e9625bf96edb4e55 b1b49ede30eaf8a2 e66cc0312d4b1f6f 903fae847fdcc290 039ad553eabfc2dd 0ba601d5770f1584]
CGC-S1: OUT phase=dec graph=11 il=23 ne=[2048 8 1] fnv1a64=dda9ae584fc7003c vals=[0.0423641 0.0404965 0.0088038 0.0386726 -0.0153453 0.0207921 0.0238858 0.0059139]
CGC-S1: OUTSET phase=dec graph=11 il=23 nrows=8 set=3dcd36136b08a8a5 rows=[60ec8d0d9f5d9fc7 8cf7cbe1c8fd50f1 f59b1e5a8b04d1ac baf03df26721a6e3 354bdce57ca93567 4bae6942c394bd55 640b722e72cf3aea 47a5b5e88801b6d2]
CGC-S1: OUT phase=dec graph=11 il=24 ne=[2048 8 1] fnv1a64=ac4b1633cf78e9eb vals=[0.0376792 -0.0121265 -0.0483156 0.0302866 0.0212035 -0.0257395 -0.0448264 -0.044815]
CGC-S1: OUTSET phase=dec graph=11 il=24 nrows=8 set=e10cdb8223954bed rows=[5341eec8047f5c45 3bf839a41d810e39 81cf997124573c09 ab752b436d0dbfc5 ac2695b2440ad4a4 3790b96aa020f402 6e82251b643943af 99e71dcf0c193b71]
CGC-S1: OUT phase=dec graph=11 il=25 ne=[2048 8 1] fnv1a64=8cab169fd7770df4 vals=[-0.0321587 0.0416774 0.0308993 0.0690097 0.0519885 0.0522684 0.0157666 0.058746]
CGC-S1: OUTSET phase=dec graph=11 il=25 nrows=8 set=b27548ab24b50b80 rows=[22c2491eb0835c50 7f58db780cae74b0 4b603b7289b1e5f3 9bdd5a9e5853def0 3ce7a45c3b6418fb b300a5732e1a1831 fe13562131c7c9b6 bc0df1a84027bb6c]
CGC-S1: OUT phase=dec graph=11 il=26 ne=[2048 8 1] fnv1a64=f3772ee6c07be53e vals=[-0.0201853 -0.021533 0.0848541 0.119029 -0.0990352 0.0121232 -0.00160291 -0.0336217]
CGC-S1: OUTSET phase=dec graph=11 il=26 nrows=8 set=24b84925f178845d rows=[f155316b67c76f03 7018dc4653195951 214bbb130c818d5b cfb95c2c31ea2d71 ffcca2d0c8297565 359eeb5155f3239e 9c3b9c4377b60367 92175406f6296e0d]
CGC-S1: OUT phase=dec graph=11 il=27 ne=[2048 8 1] fnv1a64=a4e3a53c3f1f9723 vals=[-0.0128305 0.0310767 0.144883 -0.0868639 -0.0796115 0.0267482 0.0657925 -0.0346753]
CGC-S1: OUTSET phase=dec graph=11 il=27 nrows=8 set=9b03c21408309dc8 rows=[05eb0c3b99223021 a339b05cb17164fe 4401bfe36fbf225a 92d679570d7b0ef6 90318ec0aca8cc50 dc7a5c0f65be709e b55077ff39a7d275 a81afbd9483dff70]
CGC-S1: OUT phase=dec graph=11 il=28 ne=[2048 8 1] fnv1a64=c746835e389035e8 vals=[-0.146783 -0.0940673 0.053111 -0.0243711 0.0692321 0.0918086 -0.046647 0.00579454]
CGC-S1: OUTSET phase=dec graph=11 il=28 nrows=8 set=794f9840b7f857f2 rows=[59d18f7149afe4cd 2022483c7aea631a 119aa07963d13be3 1d4489c3c17763d0 a4e8e58d3d8d2b6b 549120699f8a8aa8 0eeb3fe745a5c294 4435f0f75f596f50]
CGC-S1: OUT phase=dec graph=11 il=29 ne=[2048 8 1] fnv1a64=333ab09ee32ffabd vals=[-0.0876119 0.0363303 0.0755143 0.00340433 0.000151832 -0.0196446 -0.0407004 -0.0521967]
CGC-S1: OUTSET phase=dec graph=11 il=29 nrows=8 set=be6f982b27a8a51a rows=[9ec25a91859f564e e50d7deff26dc2e2 c9f5d80c29818a06 f93a91512d5ffb97 6eb0907e2205a770 86f0765c352e80da 3692e46ec7b128a5 83bad3da84b18f98]
CGC-S1: OUT phase=dec graph=11 il=30 ne=[2048 8 1] fnv1a64=57ce327bda9939b6 vals=[-0.0396636 0.0229881 -0.0309029 -0.0805219 0.0153062 0.0317871 -0.0324895 0.071153]
CGC-S1: OUTSET phase=dec graph=11 il=30 nrows=8 set=0eafb015be15a208 rows=[647191ede592c012 4da34aa5e46a900a 2ce57463db45ea40 b47df2adb64fbd85 a8b1bda9d7599322 61c5712472c58da7 5add087f0351597b 2c6e605027678f96]
CGC-S1: OUT phase=dec graph=11 il=31 ne=[2048 8 1] fnv1a64=75c334c1dafe6cf3 vals=[-0.08803 -0.0547748 0.226702 -0.10564 0.117731 0.0394469 0.0694843 -0.0768466]
CGC-S1: OUTSET phase=dec graph=11 il=31 nrows=8 set=8c3268a76adbe49f rows=[a6f74d5f3cb0f65d 1057061f98b6693f 3c629941d40ca3f9 bae53ef0662ea06d 6f59aecdf37a1b29 bf61d5b2a22745c8 d7fc3e4d2649507f 587bf264f6411394]
CGC-S1: OUT phase=dec graph=11 il=32 ne=[2048 8 1] fnv1a64=89f975cf79933c4a vals=[0.0396741 -0.0211981 0.106241 0.0951413 0.16021 0.0239818 0.0751834 -0.248658]
CGC-S1: OUTSET phase=dec graph=11 il=32 nrows=8 set=4e7babc3da02b8eb rows=[44ca365c70b47d65 20de96efce75d89f c9761ec7ae5ce08b 8a87f247ae6b8caf 3a5af4dc476221c2 e714f204f284b25a 8c8b041ebabbbde8 56facf9fec96473b]
CGC-S1: OUT phase=dec graph=11 il=33 ne=[2048 8 1] fnv1a64=ca5cbd0b7dbeefa8 vals=[-0.265937 -0.172013 -0.211489 -0.101409 -0.0205357 -0.179957 -0.150916 0.089773]
CGC-S1: OUTSET phase=dec graph=11 il=33 nrows=8 set=fd06e7e2abfdea26 rows=[03da4625e11b4960 715ad7a976bc8cb5 906372f76a4c0056 637731d73e9d70f5 b849cf66de1723d7 216392969ce76064 265373e7cbcc41bd 450b498598678e77]
CGC-S1: OUT phase=dec graph=11 il=34 ne=[2048 8 1] fnv1a64=c774c3e3d2f5dc84 vals=[0.00762139 -0.0141645 0.0118413 0.139281 -0.0331916 -0.0640336 0.0109891 0.0882835]
CGC-S1: OUTSET phase=dec graph=11 il=34 nrows=8 set=26623d9242b96032 rows=[0ee7ba532c8a1303 4ee75934e13717e5 49fc3ebd6b6942d5 6d51adfcfe488712 50c96d5aeb13bd21 75476419f27930f6 faee5bbc24d40cba 2cde77ad229ac297]
CGC-S1: OUT phase=dec graph=11 il=35 ne=[2048 8 1] fnv1a64=72e265c7b1c4e0af vals=[-0.0978884 0.0425483 0.139518 -0.0834284 0.0872769 -0.0526569 -0.0288314 0.250355]
CGC-S1: OUTSET phase=dec graph=11 il=35 nrows=8 set=7394bfd72bdeef14 rows=[53c980fe0e9101dc d93de462dce225fe 54da87c793ac986b e07e11a341012e1c db22295503ed96b5 0e965dd6930a3bd4 be6d3e7e6aada89e e2404ac4dbd33fd2]
CGC-S1: OUT phase=dec graph=11 il=36 ne=[2048 8 1] fnv1a64=28313b373c94d65d vals=[-0.0101239 0.0749991 0.00100884 0.000291549 -0.115278 -0.0832196 -0.0647954 -0.164228]
CGC-S1: OUTSET phase=dec graph=11 il=36 nrows=8 set=b71c8384a2574894 rows=[5508c2e6c74c6405 c6f440105cc5cccb f24b6fc59df30adc 7d25c6f1e8214389 1549d85bf245afce e790e612e522de03 a65ce29b330677a9 6d42f931b007ca95]
CGC-S1: OUT phase=dec graph=11 il=37 ne=[2048 8 1] fnv1a64=b059a629af73ab75 vals=[0.0991537 0.128047 0.0327679 0.0672746 -0.108482 -0.00944761 -0.0379743 -0.180758]
CGC-S1: OUTSET phase=dec graph=11 il=37 nrows=8 set=7fd491898f191693 rows=[5b1cf448ae16d982 f0ec062daf2e7df9 b8744c997dec03c6 9e3e90e6eeb09844 d92c5d04eb4a725d 2c45c1169e9129b4 82c43f9a149deddd 1f0f724c39a3ba2f]
CGC-S1: OUT phase=dec graph=11 il=38 ne=[2048 8 1] fnv1a64=ad803cc2eb6ac533 vals=[0.0288321 0.0359279 0.161395 0.146584 0.00696108 0.0263472 0.000434548 -0.0760988]
CGC-S1: OUTSET phase=dec graph=11 il=38 nrows=8 set=54e5eac14a47f81e rows=[1545675443c1fb66 32e7411511b44a45 df566a582f77f947 4164094b45fbc7be b8d6cda035a4a8c9 81476de3776172bd 5412490e5f43d975 f7d59fc9b69cb183]
CGC-S1: OUT phase=dec graph=11 il=39 ne=[2048 8 1] fnv1a64=3163261637a59a07 vals=[-0.413115 0.442318 -0.283047 0.271969 -0.176099 -0.0295651 -0.641153 0.521659]
CGC-S1: OUTSET phase=dec graph=11 il=39 nrows=8 set=a4a76a3eb8f446dc rows=[d4535c3119995b00 6554d5b5f0ae0370 7ca1f69f802f9371 7d02d09c1132c307 86206414d22f16ca c89bc29784a4d6b0 7611c53c1e84ad3c e41a53838055ba74]
0.37.779.927 W CGC-MMID-ASSERT name=ffn_moe_down-14 ne02=143 n_ids=8 | id_oob=8 (first=1057449041, total=209994) | zero_row=0 (first_id=-1, total=6) | zero_full=0 (first_id=-1, total=0) | src0 ne=[512,2048,143] nb02=450560 ids ne=[8,1] | ids_name='ffn_moe_slots-14' ids_op=37 ids_view_op=41 ids_data=0x13c870c80
CGC-SEG: wait 6729.5 cb 6933.0 submit 246.2 us (1760)
CGC-GPUTIME: step=44 segs=40 bufs=360 skipped=0 wait=80.44 gpu_busy_sum=84.43 (105%) gpu_union=73.98 (92%) gap=41.69 (52%) ms
0.37.947.799 I slot process_toke: id  0 | task 0 | CGC-SCAFFOLD-DBG: n_decoded=16 resp=0 think=0 gt_len=71 head=[巴黎並非法國的首都，而是法國的首都。

（註：問題]
CGC-SEG: wait 6325.6 cb 6405.8 submit 241.9 us (1920)
CGC-DECPROF: step=48 segs=41 layers=40 total=127.37 ms | wait=93.47 (73%) cb=23.73 (19%) submit=10.17 (8%) ntok=1
CGC-DECPROF top1: L32 wait=4.95 cb=1.48 submit=0.20 ms n=1
CGC-DECPROF top2: L0 wait=4.34 cb=1.39 submit=0.18 ms n=1
CGC-DECPROF top3: L38 wait=3.25 cb=1.85 submit=0.57 ms n=1
CGC-DECPROF top4: L25 wait=2.04 cb=2.50 submit=0.21 ms n=1
CGC-DECPROF top5: L22 wait=3.26 cb=1.22 submit=0.21 ms n=1
CGC-DECPROF top6: L15 wait=4.17 cb=0.04 submit=0.28 ms n=1
CGC-DECPROF top7: L3 wait=2.55 cb=1.46 submit=0.21 ms n=1
CGC-DECPROF top8: L1 wait=2.06 cb=1.93 submit=0.23 ms n=1
CGC-GPUTIME: step=48 segs=40 bufs=354 skipped=6 wait=93.47 gpu_busy_sum=94.30 (101%) gpu_union=87.52 (94%) gap=39.45 (42%) ms
0.38.442.353 I slot process_toke: id  0 | task 0 | CGC-SCAFFOLD-DBG: n_decoded=20 resp=0 think=0 gt_len=86 head=[巴黎並非法國的首都，而是法國的首都。

（註：問題本身有]
CGC-SEG: wait 5966.6 cb 5939.2 submit 240.8 us (2080)
CGC-GPUTIME: step=52 segs=40 bufs=360 skipped=0 wait=69.24 gpu_busy_sum=75.48 (109%) gpu_union=66.21 (96%) gap=30.40 (44%) ms
0.38.845.707 I slot process_toke: id  0 | task 0 | CGC-SCAFFOLD-DBG: n_decoded=24 resp=0 think=0 gt_len=110 head=[巴黎並非法國的首都，而是法國的首都。

（註：問題本身有]
0.38.845.715 I slot print_timing: id  0 | task 0 | prompt eval time =   21980.95 ms /   208 tokens (  105.68 ms per token,     9.46 tokens per second)
0.38.845.718 I slot print_timing: id  0 | task 0 |        eval time =    3128.80 ms /    24 tokens (  130.37 ms per token,     7.67 tokens per second)
0.38.845.720 I slot print_timing: id  0 | task 0 |       total time =   25109.75 ms /   232 tokens
0.38.845.721 I slot print_timing: id  0 | task 0 |    graphs reused =         44
0.38.848.210 I slot      release: id  0 | task 0 | stop processing: n_tokens = 231, truncated = 0
[CGC] Received SIGINT — initiating graceful shutdown (expert cache + Metal buffers will be freed). Do NOT use kill -9; it leaks GPU memory.
0.39.024.715 I srv    operator(): operator(): cleaning up before exit...
llama_expert_cache: final stats: runtime requests=80920 hits=66596 misses=14324 (hit rate 82.3%)  prewarm req=0 hit=0 miss=0  resident=6197.04 MiB file_reads=39954 pread_usec=87433402 fill_batch_usec=0 fill_wait_us=0 prefetch=0/0
llama_expert_cache: blocker-B stats: batch_evict_batches=1580 adopted_queued=0 batch_invariant_checks=0 batch_invariant_violations=0
llama_expert_cache: pool integrity: owner-set slots=5720 zero-regions=0 zero-prefix-only=6 (probe<=4KiB, full stride on zero, 68.9 MiB scanned)
llama_expert_cache:   zero-PREFIX only (not a defect; the file row starts with zeros): first layer=0 slot=116 kind=0 owner_expert=205
llama_expert_cache:   layer=0 zero-prefix=4 of 143 resident slots
llama_expert_cache:   layer=1 zero-prefix=2 of 143 resident slots
llama_expert_cache: miss attribution: compulsory=8760 capacity=5564 (61.2% / 38.8% of 14324)  evictions=14324  layers_distinct_over_slots=40  worst=layer 2 distinct=247 slots=143
llama_expert_cache: read shape: jobs=39954 bytes=16245129216 (0.39 MiB/job as one contiguous run)  us/job=2188  effective_rate=186 MiB/s  total_bytes=15.13 GiB
llama_expert_cache: decode/pool (ensure_slot+batch) hits=66596/80920 (82.3%)  gather (ensure) hits=0/0
llama_expert_cache: verify-strict: refused=0  zero_mapped_selected=0
llama_expert_cache: S1 slot-table: publishes=2067 clamped_selected=0 clamped_table=233571 changed_entries=0 consumed_changed=0 consumed_unchanged_publishes=0  (consumed-subset churn not instrumented: set CGC_S1_TABLE_CHURN=1)
