[CGC] Shutdown reminder: use 'kill -TERM' or 'curl /shutdown' for graceful exit. kill -9 will LEAK GPU memory (Metal buffers not freed).
0.00.090.983 I cmn  common_param: common_params_print_info: verbosity = 3 (adjust with the `-lv N` CLI arg)
0.00.091.430 W srv  llama_server: -----------------
0.00.091.432 W srv  llama_server: CORS is set to allow all origins ('*') and no API key is set
0.00.091.432 W srv  llama_server: this can be a security risk (cross-origin attacks)
0.00.091.432 W srv  llama_server: more info: https://github.com/ggml-org/llama.cpp/pull/25655
0.00.091.432 W srv  llama_server: -----------------
0.00.093.559 I srv    load_model: loading model '/Users/alexchuang/Documents/flashkv-devserver/models/gguf/Qwen3.6-35B-A3B-UD-IQ3_XXS.gguf'
0.00.753.719 W model has unused tensor blk.40.attn_norm.weight (size = 8192 bytes) -- ignoring
0.00.753.726 W model has unused tensor blk.40.post_attention_norm.weight (size = 8192 bytes) -- ignoring
0.00.753.732 W model has unused tensor blk.40.attn_q.weight (size = 8912896 bytes) -- ignoring
0.00.753.734 W model has unused tensor blk.40.attn_k.weight (size = 557056 bytes) -- ignoring
0.00.753.736 W model has unused tensor blk.40.attn_v.weight (size = 557056 bytes) -- ignoring
0.00.753.743 W model has unused tensor blk.40.attn_output.weight (size = 4456448 bytes) -- ignoring
0.00.753.746 W model has unused tensor blk.40.attn_q_norm.weight (size = 1024 bytes) -- ignoring
0.00.753.748 W model has unused tensor blk.40.attn_k_norm.weight (size = 1024 bytes) -- ignoring
0.00.753.751 W model has unused tensor blk.40.ffn_gate_inp.weight (size = 1048576 bytes) -- ignoring
0.00.753.753 W model has unused tensor blk.40.ffn_down_exps.weight (size = 64430080 bytes) -- ignoring
0.00.753.758 W model has unused tensor blk.40.ffn_gate_exps.weight (size = 49201152 bytes) -- ignoring
0.00.753.761 W model has unused tensor blk.40.ffn_up_exps.weight (size = 49201152 bytes) -- ignoring
0.00.753.764 W model has unused tensor blk.40.ffn_gate_inp_shexp.weight (size = 4096 bytes) -- ignoring
0.00.753.766 W model has unused tensor blk.40.ffn_gate_shexp.weight (size = 557056 bytes) -- ignoring
0.00.753.769 W model has unused tensor blk.40.ffn_up_shexp.weight (size = 557056 bytes) -- ignoring
0.00.753.771 W model has unused tensor blk.40.ffn_down_shexp.weight (size = 557056 bytes) -- ignoring
0.00.753.775 W model has unused tensor blk.40.nextn.eh_proj.weight (size = 8912896 bytes) -- ignoring
0.00.753.778 W model has unused tensor blk.40.nextn.enorm.weight (size = 8192 bytes) -- ignoring
0.00.753.781 W model has unused tensor blk.40.nextn.hnorm.weight (size = 8192 bytes) -- ignoring
0.00.753.789 W model has unused tensor blk.40.nextn.shared_head_norm.weight (size = 8192 bytes) -- ignoring
llama_model: expert_index built: 30720 entries
CGC Soft Pool init: L0=0 L1=0 (n_slots=143, partition disabled)
llama_expert_cache: L4 metal pool: 143 slots/layer, regions adopted from expert tensors
0.09.155.657 W ggml_metal_init: CGC deadlock watchdog ON (threshold 10000 ms, 60s sampling grace)
0.09.156.191 W ggml_metal_set_n_cb: n_cb = 8, using n_cb > 2 is not recommended and can degrade the performance in some cases
CGC-HOOK: ctx=0x152865800 il=0 ntok=2 ids=[64 161 125 112 216 89 100 39]
CGC-WARM verify n_past=1 warm=2048 fast=0
CGC-PRE: il=0 st[64]=64 st[161]=-1 st[125]=125 st[112]=112 st[216]=-1 st[89]=89 st[100]=100 st[39]=39
CGC-POST: il=0 st[64]=64 st[161]=0 st[125]=125 st[112]=112 st[216]=6 st[89]=89 st[100]=100 st[39]=39
CGC-HOOK: ctx=0x152865800 il=1 ntok=2 ids=[193 105 229 249 220 106 181 84]
CGC-WARM verify n_past=1 warm=2048 fast=0
CGC-PRE: il=1 st[193]=-1 st[105]=105 st[229]=-1 st[249]=-1 st[220]=-1 st[106]=106 st[181]=-1 st[84]=84
CGC-POST: il=1 st[193]=2 st[105]=105 st[229]=7 st[249]=9 st[220]=5 st[106]=106 st[181]=1 st[84]=84
CGC-HOOK: ctx=0x152865800 il=2 ntok=2 ids=[168 204 240 161 196 30 85 165]
CGC-PRE: il=2 st[168]=-1 st[204]=-1 st[240]=-1 st[161]=-1 st[196]=-1 st[30]=30 st[85]=85 st[165]=-1
CGC-POST: il=2 st[168]=4 st[204]=7 st[240]=10 st[161]=1 st[196]=6 st[30]=30 st[85]=85 st[165]=2
CGC-HOOK: ctx=0x152865800 il=3 ntok=2 ids=[201 22 65 189 112 23 251 20]
CGC-HOOK: ctx=0x152865800 il=4 ntok=2 ids=[152 36 147 216 186 89 158 179]
CGC-HOOK: ctx=0x152865800 il=5 ntok=2 ids=[183 78 70 56 76 18 136 50]
CGC-HOOK: ctx=0x152865800 il=6 ntok=2 ids=[46 212 237 26 72 55 30 6]
CGC-HOOK: ctx=0x152865800 il=7 ntok=2 ids=[233 104 3 184 80 164 39 142]
CGC-HOOK: ctx=0x152865800 il=8 ntok=2 ids=[53 148 133 233 85 59 145 161]
CGC-HOOK: ctx=0x152865800 il=9 ntok=2 ids=[199 233 99 130 229 211 140 137]
CGC-HOOK: ctx=0x152865800 il=10 ntok=2 ids=[126 134 147 148 172 149 217 156]
CGC-HOOK: ctx=0x152865800 il=11 ntok=2 ids=[33 32 105 44 117 223 230 97]
CGC-HOOK: ctx=0x152865800 il=12 ntok=2 ids=[176 2 250 10 116 161 21 83]
CGC-HOOK: ctx=0x152865800 il=13 ntok=2 ids=[83 14 170 145 248 158 34 120]
CGC-HOOK: ctx=0x152865800 il=14 ntok=2 ids=[132 204 163 73 253 116 202 248]
CGC-HOOK: ctx=0x152865800 il=15 ntok=2 ids=[134 235 14 206 145 227 1 195]
CGC-HOOK: ctx=0x152865800 il=16 ntok=2 ids=[104 160 171 191 1 172 209 254]
CGC-HOOK: ctx=0x152865800 il=17 ntok=2 ids=[209 192 1 233 196 140 69 44]
CGC-HOOK: ctx=0x152865800 il=18 ntok=2 ids=[54 152 175 77 144 141 241 200]
CGC-HOOK: ctx=0x152865800 il=19 ntok=2 ids=[164 115 95 219 122 133 180 212]
CGC-HOOK: ctx=0x152865800 il=20 ntok=2 ids=[53 233 148 240 133 195 85 161]
CGC-HOOK: ctx=0x152865800 il=21 ntok=2 ids=[199 130 233 229 211 140 99 68]
CGC-HOOK: ctx=0x152865800 il=22 ntok=2 ids=[126 147 134 149 148 217 172 156]
CGC-HOOK: ctx=0x152865800 il=23 ntok=2 ids=[33 223 105 32 117 60 119 44]
CGC-HOOK: ctx=0x152865800 il=24 ntok=2 ids=[176 250 2 10 116 161 21 244]
CGC-HOOK: ctx=0x152865800 il=25 ntok=2 ids=[83 14 170 145 248 252 120 96]
CGC-HOOK: ctx=0x152865800 il=26 ntok=2 ids=[132 204 163 21 253 202 116 165]
CGC-HOOK: ctx=0x152865800 il=27 ntok=2 ids=[134 14 235 145 195 206 1 227]
CGC-HOOK: ctx=0x152865800 il=28 ntok=2 ids=[104 171 209 1 191 160 183 155]
CGC-HOOK: ctx=0x152865800 il=29 ntok=2 ids=[209 192 1 219 233 58 69 196]
CGC-HOOK: ctx=0x152865800 il=30 ntok=2 ids=[175 152 54 144 91 77 225 92]
CGC-HOOK: ctx=0x152865800 il=31 ntok=2 ids=[115 164 95 133 122 59 143 180]
CGC-HOOK: ctx=0x152865800 il=32 ntok=2 ids=[31 255 236 204 104 241 67 47]
CGC-HOOK: ctx=0x152865800 il=33 ntok=2 ids=[146 110 87 106 51 204 82 66]
CGC-HOOK: ctx=0x152865800 il=34 ntok=2 ids=[218 246 123 254 244 10 37 66]
CGC-HOOK: ctx=0x152865800 il=35 ntok=2 ids=[179 171 36 122 53 93 142 254]
CGC-HOOK: ctx=0x152865800 il=36 ntok=2 ids=[154 188 10 78 153 87 50 135]
CGC-HOOK: ctx=0x152865800 il=37 ntok=2 ids=[199 129 103 52 238 1 163 171]
CGC-HOOK: ctx=0x152865800 il=38 ntok=2 ids=[231 198 60 179 69 249 175 45]
CGC-HOOK: ctx=0x152865800 il=39 ntok=2 ids=[32 187 112 140 184 150 174 25]
CGC-DECPROF: step=1 segs=41 layers=40 total=614.91 ms | wait=274.67 (45%) cb=308.21 (50%) submit=32.02 (5%) ntok=2
CGC-DECPROF top1: L34 wait=8.84 cb=11.60 submit=0.19 ms n=1
CGC-DECPROF top2: L26 wait=6.56 cb=11.86 submit=0.20 ms n=1
CGC-DECPROF top3: L38 wait=5.38 cb=12.94 submit=0.22 ms n=1
CGC-DECPROF top4: L21 wait=8.96 cb=8.76 submit=0.27 ms n=1
CGC-DECPROF top5: L22 wait=9.00 cb=8.54 submit=0.22 ms n=1
CGC-DECPROF top6: L16 wait=7.99 cb=9.06 submit=0.24 ms n=1
CGC-DECPROF top7: L1 wait=8.84 cb=7.89 submit=2.62 ms n=1
CGC-DECPROF top8: L32 wait=9.02 cb=7.50 submit=0.21 ms n=1
CGC-HOOK: ctx=0x152865800 il=0 ntok=2 ids=[112 249 238 74 216 196 104 105]
CGC-WARM verify n_past=1 warm=2048 fast=0
CGC-PRE: il=0 st[112]=112 st[249]=-1 st[238]=-1 st[74]=74 st[216]=6 st[196]=-1 st[104]=104 st[105]=105
CGC-POST: il=0 st[112]=112 st[249]=11 st[238]=10 st[74]=74 st[216]=6 st[196]=9 st[104]=104 st[105]=105
CGC-HOOK: ctx=0x152865800 il=1 ntok=2 ids=[214 112 156 250 19 217 65 99]
CGC-WARM verify n_past=1 warm=2048 fast=0
CGC-PRE: il=1 st[214]=-1 st[112]=112 st[156]=-1 st[250]=-1 st[19]=19 st[217]=-1 st[65]=65 st[99]=99
CGC-POST: il=1 st[214]=14 st[112]=112 st[156]=10 st[250]=16 st[19]=19 st[217]=15 st[65]=65 st[99]=99
0.09.829.085 W CGC-MMID-ASSERT name=ffn_moe_gate-1 ne02=143 n_ids=16 | id_oob=0 (first=0, total=0) | zero_row=1 (first_id=14, total=1) | zero_full=0 (first_id=-1, total=0) | src0 ne=[2048,512,143] nb02=335872 ids ne=[8,2] | ids_name='ffn_moe_topk_remap-1' ids_op=0 ids_view_op=-1 ids_data=0x1466d0100
0.09.829.095 W CGC-MMID-ASSERT name=ffn_moe_up-1 ne02=143 n_ids=16 | id_oob=0 (first=0, total=0) | zero_row=1 (first_id=14, total=2) | zero_full=0 (first_id=-1, total=0) | src0 ne=[2048,512,143] nb02=335872 ids ne=[8,2] | ids_name='ffn_moe_topk_remap-1' ids_op=0 ids_view_op=-1 ids_data=0x1466d0100
CGC-HOOK: ctx=0x152865800 il=2 ntok=2 ids=[11 187 217 179 41 95 197 85]
CGC-PRE: il=2 st[11]=-1 st[187]=-1 st[217]=-1 st[179]=-1 st[41]=41 st[95]=95 st[197]=-1 st[85]=85
CGC-POST: il=2 st[11]=14 st[187]=17 st[217]=20 st[179]=16 st[41]=41 st[95]=95 st[197]=18 st[85]=85
CGC-HOOK: ctx=0x152865800 il=3 ntok=2 ids=[163 69 196 126 110 113 78 38]
CGC-HOOK: ctx=0x152865800 il=4 ntok=2 ids=[27 88 206 235 127 233 188 33]
CGC-HOOK: ctx=0x152865800 il=5 ntok=2 ids=[64 15 110 60 138 44 13 57]
CGC-HOOK: ctx=0x152865800 il=6 ntok=2 ids=[138 110 46 40 24 91 173 254]
CGC-HOOK: ctx=0x152865800 il=7 ntok=2 ids=[221 112 191 200 142 39 241 114]
CGC-HOOK: ctx=0x152865800 il=8 ntok=2 ids=[123 175 217 17 223 127 92 138]
CGC-HOOK: ctx=0x152865800 il=9 ntok=2 ids=[72 246 210 95 45 122 136 71]
CGC-HOOK: ctx=0x152865800 il=10 ntok=2 ids=[175 120 14 100 249 183 179 203]
CGC-HOOK: ctx=0x152865800 il=11 ntok=2 ids=[180 41 246 96 152 149 143 46]
CGC-HOOK: ctx=0x152865800 il=12 ntok=2 ids=[4 124 68 24 77 52 216 83]
CGC-HOOK: ctx=0x152865800 il=13 ntok=2 ids=[231 119 132 221 167 177 114 64]
CGC-HOOK: ctx=0x152865800 il=14 ntok=2 ids=[217 57 244 211 123 136 191 181]
CGC-HOOK: ctx=0x152865800 il=15 ntok=2 ids=[225 247 218 191 117 82 48 132]
CGC-HOOK: ctx=0x152865800 il=16 ntok=2 ids=[89 245 166 88 203 16 107 141]
CGC-HOOK: ctx=0x152865800 il=17 ntok=2 ids=[96 106 26 171 150 125 25 86]
CGC-HOOK: ctx=0x152865800 il=18 ntok=2 ids=[100 201 174 32 75 172 94 44]
CGC-HOOK: ctx=0x152865800 il=19 ntok=2 ids=[41 204 44 221 142 238 207 173]
CGC-HOOK: ctx=0x152865800 il=20 ntok=2 ids=[17 127 175 217 18 223 11 8]
CGC-HOOK: ctx=0x152865800 il=21 ntok=2 ids=[72 246 184 210 232 113 127 58]
CGC-HOOK: ctx=0x152865800 il=22 ntok=2 ids=[120 175 100 50 231 192 82 90]
CGC-HOOK: ctx=0x152865800 il=23 ntok=2 ids=[180 41 87 152 213 132 96 92]
CGC-HOOK: ctx=0x152865800 il=24 ntok=2 ids=[53 216 124 4 167 24 58 62]
CGC-HOOK: ctx=0x152865800 il=25 ntok=2 ids=[167 52 236 132 221 231 119 78]
CGC-HOOK: ctx=0x152865800 il=26 ntok=2 ids=[217 81 57 136 181 244 211 191]
CGC-HOOK: ctx=0x152865800 il=27 ntok=2 ids=[247 191 225 218 83 82 48 108]
CGC-HOOK: ctx=0x152865800 il=28 ntok=2 ids=[158 107 166 93 88 218 18 89]
CGC-HOOK: ctx=0x152865800 il=29 ntok=2 ids=[106 96 171 25 125 86 112 42]
CGC-HOOK: ctx=0x152865800 il=30 ntok=2 ids=[31 174 75 32 94 160 141 217]
CGC-HOOK: ctx=0x152865800 il=31 ntok=2 ids=[121 36 35 19 15 167 173 241]
CGC-HOOK: ctx=0x152865800 il=32 ntok=2 ids=[252 95 53 112 2 149 8 184]
CGC-HOOK: ctx=0x152865800 il=33 ntok=2 ids=[127 92 164 39 32 231 229 251]
CGC-HOOK: ctx=0x152865800 il=34 ntok=2 ids=[63 85 186 26 42 92 133 219]
CGC-HOOK: ctx=0x152865800 il=35 ntok=2 ids=[72 119 43 84 42 112 203 135]
CGC-HOOK: ctx=0x152865800 il=36 ntok=2 ids=[45 73 212 201 221 75 56 126]
CGC-HOOK: ctx=0x152865800 il=37 ntok=2 ids=[72 219 23 138 36 182 156 245]
CGC-HOOK: ctx=0x152865800 il=38 ntok=2 ids=[209 249 151 120 200 28 193 0]
CGC-HOOK: ctx=0x152865800 il=39 ntok=2 ids=[2 108 162 40 38 222 217 221]
CGC-DECPROF: step=2 segs=41 layers=40 total=402.35 ms | wait=136.79 (34%) cb=256.83 (64%) submit=8.72 (2%) ntok=2
CGC-DECPROF top1: L33 wait=5.30 cb=11.81 submit=0.28 ms n=1
CGC-DECPROF top2: L30 wait=8.91 cb=7.47 submit=0.17 ms n=1
CGC-DECPROF top3: L26 wait=5.22 cb=11.13 submit=0.20 ms n=1
CGC-DECPROF top4: L38 wait=5.37 cb=10.91 submit=0.21 ms n=1
CGC-DECPROF top5: L37 wait=5.31 cb=10.51 submit=0.27 ms n=1
CGC-DECPROF top6: L36 wait=7.72 cb=6.83 submit=0.29 ms n=1
CGC-DECPROF top7: L32 wait=5.44 cb=8.22 submit=0.22 ms n=1
CGC-DECPROF top8: L34 wait=5.42 cb=7.20 submit=0.23 ms n=1
0.10.234.005 I srv    load_model: initializing, n_slots = 1, n_ctx_slot = 4096, kv_unified = 'false'
0.10.246.423 I srv          init: chat template supports preserving reasoning, consider enabling it via --reasoning-preserve
0.10.246.434 I srv  llama_server: model loaded
0.10.246.438 I srv  llama_server: listening on http://0.0.0.0:8080
0.10.246.438 W srv  llama_server: NOTICE: server default port will be changed to :9931 in a future release
0.10.246.438 W srv  llama_server:         ref: https://github.com/ggml-org/llama.cpp/pull/26508
0.13.761.664 I slot get_availabl: id  0 | task -1 | selected slot by LRU, t_last = -1
0.13.810.284 I slot launch_slot_: id  0 | task 0 | processing task, is_child = 0
CGC-WARM verify n_past=7 warm=2048 fast=0
CGC-PRE: il=0 st[38]=38 st[132]=132 st[129]=129 st[213]=-1 st[21]=21 st[253]=-1 st[244]=-1 st[16]=16
CGC-POST: il=0 st[38]=38 st[132]=132 st[129]=129 st[213]=33 st[21]=21 st[253]=49 st[244]=46 st[16]=16
CGC-WARM verify n_past=7 warm=2048 fast=0
CGC-PRE: il=1 st[214]=14 st[148]=-1 st[161]=-1 st[151]=-1 st[110]=110 st[39]=39 st[212]=3 st[139]=139
CGC-POST: il=1 st[214]=14 st[148]=28 st[161]=33 st[151]=30 st[110]=110 st[39]=39 st[212]=3 st[139]=139
0.13.874.509 W CGC-MMID-ASSERT name=ffn_moe_gate-1 ne02=143 n_ids=64 | id_oob=0 (first=0, total=0) | zero_row=1 (first_id=14, total=3) | zero_full=0 (first_id=-1, total=0) | src0 ne=[2048,512,143] nb02=335872 ids ne=[8,8] | ids_name='ffn_moe_topk_remap-1' ids_op=0 ids_view_op=-1 ids_data=0x1466d0100
0.13.874.520 W CGC-MMID-ASSERT name=ffn_moe_up-1 ne02=143 n_ids=64 | id_oob=0 (first=0, total=0) | zero_row=1 (first_id=14, total=4) | zero_full=0 (first_id=-1, total=0) | src0 ne=[2048,512,143] nb02=335872 ids ne=[8,8] | ids_name='ffn_moe_topk_remap-1' ids_op=0 ids_view_op=-1 ids_data=0x1466d0100
CGC-PRE: il=2 st[85]=85 st[138]=138 st[144]=-1 st[197]=18 st[202]=19 st[222]=-1 st[240]=10 st[104]=104
CGC-POST: il=2 st[85]=85 st[138]=138 st[144]=23 st[197]=18 st[202]=19 st[222]=45 st[240]=10 st[104]=104
CGC-DECPROF: step=3 segs=41 layers=40 total=1267.51 ms | wait=442.83 (35%) cb=812.68 (64%) submit=12.00 (1%) ntok=8
CGC-DECPROF top1: L37 wait=20.30 cb=36.79 submit=0.26 ms n=1
CGC-DECPROF top2: L36 wait=19.27 cb=31.78 submit=0.29 ms n=1
CGC-DECPROF top3: L34 wait=12.00 cb=30.54 submit=0.23 ms n=1
CGC-DECPROF top4: L32 wait=7.05 cb=35.33 submit=0.24 ms n=1
CGC-DECPROF top5: L33 wait=8.87 cb=31.97 submit=0.21 ms n=1
CGC-DECPROF top6: L38 wait=15.99 cb=24.11 submit=0.30 ms n=1
CGC-DECPROF top7: L4 wait=19.83 cb=20.26 submit=0.22 ms n=1
CGC-DECPROF top8: L28 wait=15.19 cb=22.66 submit=0.34 ms n=1
CGC-WARM verify n_past=15 warm=2048 fast=0
CGC-PRE: il=0 st[129]=129 st[5]=-1 st[190]=28 st[10]=-1 st[3]=-1 st[67]=67 st[244]=46 st[98]=98
CGC-POST: il=0 st[129]=129 st[5]=60 st[190]=28 st[10]=61 st[3]=55 st[67]=67 st[244]=46 st[98]=98
CGC-WARM verify n_past=15 warm=2048 fast=0
CGC-PRE: il=1 st[192]=-1 st[51]=51 st[0]=-1 st[52]=52 st[220]=5 st[237]=8 st[109]=109 st[174]=-1
CGC-POST: il=1 st[192]=75 st[51]=51 st[0]=59 st[52]=52 st[220]=5 st[237]=8 st[109]=109 st[174]=73
CGC-PRE: il=2 st[225]=50 st[161]=1 st[134]=134 st[9]=-1 st[203]=-1 st[114]=114 st[54]=-1 st[83]=83
CGC-POST: il=2 st[225]=50 st[161]=1 st[134]=134 st[9]=59 st[203]=90 st[114]=114 st[54]=76 st[83]=83
CGC-SEG: wait 7939.4 cb 14998.5 submit 269.8 us (160)
CGC-DECPROF: step=4 segs=41 layers=40 total=1447.44 ms | wait=416.01 (29%) cb=1022.03 (71%) submit=9.40 (1%) ntok=8
CGC-DECPROF top1: L26 wait=13.17 cb=43.14 submit=0.18 ms n=1
CGC-DECPROF top2: L27 wait=13.31 cb=34.30 submit=0.18 ms n=1
CGC-DECPROF top3: L34 wait=14.23 cb=33.31 submit=0.20 ms n=1
CGC-DECPROF top4: L25 wait=10.29 cb=34.66 submit=0.20 ms n=1
CGC-DECPROF top5: L20 wait=15.41 cb=29.34 submit=0.33 ms n=1
CGC-DECPROF top6: L38 wait=6.66 cb=37.89 submit=0.20 ms n=1
CGC-DECPROF top7: L36 wait=14.43 cb=30.10 submit=0.24 ms n=1
CGC-DECPROF top8: L21 wait=17.04 cb=27.20 submit=0.22 ms n=1
CGC-GPUTIME: step=4 segs=40 bufs=341 skipped=19 wait=416.01 gpu_busy_sum=604.47 (145%) gpu_union=405.10 (97%) gap=1016.91 (244%) ms
CGC-WARM verify n_past=23 warm=2048 fast=0
CGC-PRE: il=0 st[226]=-1 st[247]=47 st[96]=96 st[80]=80 st[11]=-1 st[93]=93 st[171]=2 st[198]=70
CGC-POST: il=0 st[226]=127 st[247]=47 st[96]=96 st[80]=80 st[11]=86 st[93]=93 st[171]=2 st[198]=70
CGC-WARM verify n_past=23 warm=2048 fast=0
CGC-PRE: il=1 st[254]=92 st[151]=30 st[195]=-1 st[39]=39 st[2]=-1 st[169]=-1 st[193]=2 st[252]=-1
CGC-POST: il=1 st[254]=92 st[151]=30 st[195]=124 st[39]=39 st[2]=93 st[169]=118 st[193]=2 st[252]=132
CGC-PRE: il=2 st[71]=-1 st[247]=-1 st[83]=83 st[35]=-1 st[118]=118 st[63]=-1 st[182]=-1 st[149]=-1
CGC-POST: il=2 st[71]=117 st[247]=60 st[83]=83 st[35]=111 st[118]=118 st[63]=115 st[182]=127 st[149]=121
CGC-DECPROF: step=5 segs=41 layers=40 total=1111.32 ms | wait=415.26 (37%) cb=685.62 (62%) submit=10.44 (1%) ntok=8
CGC-DECPROF top1: L33 wait=20.23 cb=22.52 submit=0.27 ms n=1
CGC-DECPROF top2: L31 wait=12.44 cb=29.13 submit=0.26 ms n=1
CGC-DECPROF top3: L32 wait=19.09 cb=21.11 submit=0.22 ms n=1
CGC-DECPROF top4: L28 wait=8.25 cb=29.15 submit=0.20 ms n=1
CGC-DECPROF top5: L22 wait=17.31 cb=18.75 submit=0.25 ms n=1
CGC-DECPROF top6: L29 wait=10.93 cb=24.07 submit=0.23 ms n=1
CGC-DECPROF top7: L4 wait=16.29 cb=17.33 submit=0.22 ms n=1
CGC-DECPROF top8: L39 wait=6.78 cb=25.91 submit=0.25 ms n=1
0.17.652.073 I slot print_timing: id  0 | task 0 | prompt processing, n_tokens =     24, progress = 0.12, t =   3.84 s / 6.25 tokens per second
CGC-WARM verify n_past=31 warm=2048 fast=0
CGC-PRE: il=0 st[129]=129 st[190]=28 st[10]=61 st[3]=55 st[5]=60 st[72]=72 st[100]=100 st[67]=67
CGC-POST: il=0 st[129]=129 st[190]=28 st[10]=61 st[3]=55 st[5]=60 st[72]=72 st[100]=100 st[67]=67
CGC-WARM verify n_past=31 warm=2048 fast=0
CGC-PRE: il=1 st[52]=52 st[56]=56 st[220]=5 st[107]=107 st[237]=8 st[109]=109 st[130]=130 st[51]=51
CGC-POST: il=1 st[52]=52 st[56]=56 st[220]=5 st[107]=107 st[237]=8 st[109]=109 st[130]=130 st[51]=51
CGC-PRE: il=2 st[27]=27 st[12]=61 st[245]=-1 st[67]=67 st[61]=-1 st[163]=-1 st[148]=24 st[102]=102
CGC-POST: il=2 st[27]=27 st[12]=61 st[245]=122 st[67]=67 st[61]=20 st[163]=25 st[148]=24 st[102]=102
CGC-DECPROF: step=6 segs=41 layers=40 total=777.05 ms | wait=422.23 (54%) cb=343.86 (44%) submit=10.96 (1%) ntok=8
CGC-DECPROF top1: L32 wait=16.42 cb=16.84 submit=0.29 ms n=1
CGC-DECPROF top2: L34 wait=18.34 cb=14.11 submit=0.26 ms n=1
CGC-DECPROF top3: L37 wait=6.45 cb=21.40 submit=0.25 ms n=1
CGC-DECPROF top4: L4 wait=15.49 cb=10.75 submit=0.28 ms n=1
CGC-DECPROF top5: L6 wait=18.92 cb=6.87 submit=0.25 ms n=1
CGC-DECPROF top6: L5 wait=19.09 cb=6.52 submit=0.26 ms n=1
CGC-DECPROF top7: L28 wait=18.28 cb=6.29 submit=0.27 ms n=1
CGC-DECPROF top8: L33 wait=18.86 cb=5.49 submit=0.27 ms n=1
0.18.434.761 I slot print_timing: id  0 | task 0 | prompt processing, n_tokens =     32, progress = 0.15, t =   4.62 s / 6.92 tokens per second
CGC-WARM verify n_past=39 warm=2048 fast=0
CGC-PRE: il=0 st[97]=97 st[166]=-1 st[142]=142 st[113]=-1 st[205]=-1 st[210]=-1 st[10]=61 st[123]=-1
CGC-POST: il=0 st[97]=97 st[166]=30 st[142]=142 st[113]=74 st[205]=38 st[210]=114 st[10]=61 st[123]=88
0.18.452.073 W CGC-MMID-ASSERT name=ffn_moe_gate-0 ne02=143 n_ids=64 | id_oob=0 (first=0, total=0) | zero_row=1 (first_id=38, total=5) | zero_full=0 (first_id=-1, total=0) | src0 ne=[2048,512,143] nb02=335872 ids ne=[8,8] | ids_name='ffn_moe_topk_remap-0' ids_op=0 ids_view_op=-1 ids_data=0x1466d0000
0.18.452.094 W CGC-MMID-ASSERT name=ffn_moe_up-0 ne02=143 n_ids=64 | id_oob=0 (first=0, total=0) | zero_row=1 (first_id=38, total=6) | zero_full=0 (first_id=-1, total=0) | src0 ne=[2048,512,143] nb02=335872 ids ne=[8,8] | ids_name='ffn_moe_topk_remap-0' ids_op=0 ids_view_op=-1 ids_data=0x1466d0000
CGC-WARM verify n_past=39 warm=2048 fast=0
CGC-PRE: il=1 st[34]=-1 st[26]=-1 st[62]=-1 st[59]=-1 st[158]=-1 st[11]=-1 st[157]=117 st[205]=81
CGC-POST: il=1 st[34]=15 st[26]=10 st[62]=57 st[59]=47 st[158]=21 st[11]=103 st[157]=117 st[205]=81
CGC-PRE: il=2 st[39]=16 st[235]=100 st[149]=121 st[135]=135 st[0]=0 st[59]=-1 st[189]=89 st[97]=97
CGC-POST: il=2 st[39]=16 st[235]=100 st[149]=121 st[135]=135 st[0]=0 st[59]=79 st[189]=89 st[97]=97
CGC-DECPROF: step=7 segs=41 layers=40 total=1317.83 ms | wait=417.15 (32%) cb=887.46 (67%) submit=13.22 (1%) ntok=8
CGC-DECPROF top1: L29 wait=20.65 cb=31.26 submit=0.37 ms n=1
CGC-DECPROF top2: L37 wait=19.81 cb=30.25 submit=0.32 ms n=1
CGC-DECPROF top3: L30 wait=9.45 cb=35.77 submit=0.36 ms n=1
CGC-DECPROF top4: L35 wait=7.65 cb=36.37 submit=0.35 ms n=1
CGC-DECPROF top5: L28 wait=15.45 cb=28.20 submit=0.32 ms n=1
CGC-DECPROF top6: L32 wait=6.03 cb=36.34 submit=0.30 ms n=1
CGC-DECPROF top7: L26 wait=11.71 cb=30.08 submit=0.54 ms n=1
CGC-DECPROF top8: L36 wait=15.09 cb=26.58 submit=0.35 ms n=1
0.19.757.723 I slot print_timing: id  0 | task 0 | prompt processing, n_tokens =     40, progress = 0.19, t =   5.95 s / 6.73 tokens per second
CGC-WARM verify n_past=47 warm=2048 fast=0
CGC-PRE: il=0 st[166]=30 st[97]=97 st[142]=142 st[113]=74 st[205]=38 st[123]=88 st[210]=114 st[150]=10
CGC-POST: il=0 st[166]=30 st[97]=97 st[142]=142 st[113]=74 st[205]=38 st[123]=88 st[210]=114 st[150]=10
0.19.765.467 W CGC-MMID-ASSERT name=ffn_moe_gate-0 ne02=143 n_ids=64 | id_oob=0 (first=0, total=0) | zero_row=1 (first_id=38, total=7) | zero_full=0 (first_id=-1, total=0) | src0 ne=[2048,512,143] nb02=335872 ids ne=[8,8] | ids_name='ffn_moe_topk_remap-0' ids_op=0 ids_view_op=-1 ids_data=0x1466d0000
0.19.765.482 W CGC-MMID-ASSERT name=ffn_moe_up-0 ne02=143 n_ids=64 | id_oob=0 (first=0, total=0) | zero_row=1 (first_id=38, total=8) | zero_full=0 (first_id=-1, total=0) | src0 ne=[2048,512,143] nb02=335872 ids ne=[8,8] | ids_name='ffn_moe_topk_remap-0' ids_op=0 ids_view_op=-1 ids_data=0x1466d0000
CGC-WARM verify n_past=47 warm=2048 fast=0
CGC-PRE: il=1 st[34]=15 st[26]=10 st[11]=103 st[59]=47 st[62]=57 st[107]=107 st[187]=40 st[132]=139
CGC-POST: il=1 st[34]=15 st[26]=10 st[11]=103 st[59]=47 st[62]=57 st[107]=107 st[187]=40 st[132]=139
CGC-PRE: il=2 st[90]=92 st[39]=16 st[146]=80 st[189]=89 st[162]=-1 st[210]=40 st[252]=113 st[64]=81
CGC-POST: il=2 st[90]=92 st[39]=16 st[146]=80 st[189]=89 st[162]=32 st[210]=40 st[252]=113 st[64]=81
CGC-SEG: wait 8985.0 cb 14765.9 submit 287.6 us (320)
CGC-DECPROF: step=8 segs=41 layers=40 total=772.59 ms | wait=350.26 (45%) cb=408.39 (53%) submit=13.94 (2%) ntok=8
CGC-DECPROF top1: L33 wait=16.05 cb=14.77 submit=0.32 ms n=1
CGC-DECPROF top2: L32 wait=15.32 cb=15.39 submit=0.34 ms n=1
CGC-DECPROF top3: L30 wait=13.72 cb=15.66 submit=0.27 ms n=1
CGC-DECPROF top4: L29 wait=11.72 cb=15.56 submit=0.29 ms n=1
CGC-DECPROF top5: L16 wait=16.02 cb=10.94 submit=0.35 ms n=1
CGC-DECPROF top6: L15 wait=16.16 cb=10.46 submit=0.34 ms n=1
CGC-DECPROF top7: L14 wait=12.34 cb=11.90 submit=0.29 ms n=1
CGC-DECPROF top8: L17 wait=11.99 cb=11.87 submit=0.37 ms n=1
CGC-GPUTIME: step=8 segs=40 bufs=353 skipped=7 wait=350.26 gpu_busy_sum=563.15 (161%) gpu_union=337.74 (96%) gap=428.12 (122%) ms
0.20.533.944 I slot print_timing: id  0 | task 0 | prompt processing, n_tokens =     48, progress = 0.23, t =   6.72 s / 7.14 tokens per second
CGC-WARM verify n_past=55 warm=2048 fast=0
CGC-WARM verify n_past=55 warm=2048 fast=0
CGC-DECPROF: step=9 segs=41 layers=40 total=788.01 ms | wait=368.81 (47%) cb=407.31 (52%) submit=11.89 (2%) ntok=8
CGC-DECPROF top1: L28 wait=18.50 cb=12.98 submit=0.51 ms n=1
CGC-DECPROF top2: L38 wait=10.32 cb=17.40 submit=0.23 ms n=1
CGC-DECPROF top3: L2 wait=7.45 cb=19.93 submit=0.31 ms n=1
CGC-DECPROF top4: L10 wait=17.76 cb=6.95 submit=0.27 ms n=1
CGC-DECPROF top5: L9 wait=16.08 cb=8.05 submit=0.26 ms n=1
CGC-DECPROF top6: L36 wait=8.64 cb=15.48 submit=0.24 ms n=1
CGC-DECPROF top7: L18 wait=8.60 cb=14.68 submit=0.19 ms n=1
CGC-DECPROF top8: L29 wait=14.24 cb=9.03 submit=0.35 ms n=1
0.21.326.336 I slot print_timing: id  0 | task 0 | prompt processing, n_tokens =     56, progress = 0.27, t =   7.52 s / 7.45 tokens per second
CGC-WARM verify n_past=63 warm=2048 fast=0
CGC-WARM verify n_past=63 warm=2048 fast=0
CGC-DECPROF: step=10 segs=41 layers=40 total=670.59 ms | wait=357.77 (53%) cb=301.65 (45%) submit=11.17 (2%) ntok=8
CGC-DECPROF top1: L38 wait=7.18 cb=19.75 submit=0.29 ms n=1
CGC-DECPROF top2: L31 wait=17.09 cb=7.00 submit=0.22 ms n=1
CGC-DECPROF top3: L4 wait=16.76 cb=6.88 submit=0.28 ms n=1
CGC-DECPROF top4: L1 wait=11.25 cb=12.14 submit=0.30 ms n=1
CGC-DECPROF top5: L29 wait=11.03 cb=10.24 submit=0.26 ms n=1
CGC-DECPROF top6: L2 wait=9.12 cb=12.06 submit=0.24 ms n=1
CGC-DECPROF top7: L26 wait=12.06 cb=8.99 submit=0.28 ms n=1
CGC-DECPROF top8: L30 wait=16.39 cb=4.01 submit=0.32 ms n=1
0.22.001.508 I slot print_timing: id  0 | task 0 | prompt processing, n_tokens =     64, progress = 0.31, t =   8.19 s / 7.81 tokens per second
CGC-WARM verify n_past=71 warm=2048 fast=0
CGC-WARM verify n_past=71 warm=2048 fast=0
CGC-DECPROF: step=11 segs=41 layers=40 total=673.08 ms | wait=367.85 (55%) cb=293.19 (44%) submit=12.04 (2%) ntok=8
CGC-DECPROF top1: L34 wait=13.88 cb=12.89 submit=0.38 ms n=1
CGC-DECPROF top2: L35 wait=11.54 cb=13.33 submit=0.35 ms n=1
CGC-DECPROF top3: L32 wait=13.09 cb=10.92 submit=0.35 ms n=1
CGC-DECPROF top4: L2 wait=8.78 cb=15.03 submit=0.29 ms n=1
CGC-DECPROF top5: L3 wait=12.10 cb=11.12 submit=0.29 ms n=1
CGC-DECPROF top6: L6 wait=17.24 cb=5.82 submit=0.32 ms n=1
CGC-DECPROF top7: L7 wait=16.00 cb=6.31 submit=0.26 ms n=1
CGC-DECPROF top8: L8 wait=16.30 cb=5.88 submit=0.28 ms n=1
0.22.681.256 I slot print_timing: id  0 | task 0 | prompt processing, n_tokens =     72, progress = 0.35, t =   8.87 s / 8.12 tokens per second
CGC-WARM verify n_past=79 warm=2048 fast=0
CGC-WARM verify n_past=79 warm=2048 fast=0
CGC-SEG: wait 9061.1 cb 12539.6 submit 292.5 us (480)
CGC-DECPROF: step=12 segs=41 layers=40 total=684.44 ms | wait=379.71 (55%) cb=291.75 (43%) submit=12.98 (2%) ntok=8
CGC-DECPROF top1: L2 wait=9.28 cb=16.35 submit=0.32 ms n=1
CGC-DECPROF top2: L16 wait=16.13 cb=8.41 submit=0.32 ms n=1
CGC-DECPROF top3: L12 wait=14.34 cb=8.25 submit=0.38 ms n=1
CGC-DECPROF top4: L0 wait=4.05 cb=17.93 submit=0.25 ms n=1
CGC-DECPROF top5: L15 wait=13.99 cb=7.51 submit=0.30 ms n=1
CGC-DECPROF top6: L30 wait=10.11 cb=10.83 submit=0.28 ms n=1
CGC-DECPROF top7: L4 wait=10.48 cb=10.05 submit=0.27 ms n=1
CGC-DECPROF top8: L19 wait=7.08 cb=11.86 submit=0.32 ms n=1
CGC-GPUTIME: step=12 segs=40 bufs=344 skipped=16 wait=379.71 gpu_busy_sum=530.44 (140%) gpu_union=372.00 (98%) gap=307.65 (81%) ms
0.23.371.375 I slot print_timing: id  0 | task 0 | prompt processing, n_tokens =     80, progress = 0.38, t =   9.56 s / 8.37 tokens per second
CGC-DECPROF: step=13 segs=41 layers=40 total=662.55 ms | wait=352.70 (53%) cb=292.47 (44%) submit=17.39 (3%) ntok=8
CGC-DECPROF top1: L1 wait=17.98 cb=11.95 submit=0.28 ms n=1
CGC-DECPROF top2: L25 wait=18.10 cb=7.64 submit=0.37 ms n=1
CGC-DECPROF top3: L33 wait=8.65 cb=16.70 submit=0.27 ms n=1
CGC-DECPROF top4: L26 wait=14.49 cb=10.56 submit=0.39 ms n=1
CGC-DECPROF top5: L24 wait=14.47 cb=8.71 submit=0.34 ms n=1
CGC-DECPROF top6: L20 wait=12.07 cb=10.81 submit=0.31 ms n=1
CGC-DECPROF top7: L21 wait=14.31 cb=5.43 submit=0.31 ms n=1
CGC-DECPROF top8: L34 wait=7.10 cb=12.06 submit=0.37 ms n=1
0.24.042.174 I slot print_timing: id  0 | task 0 | prompt processing, n_tokens =     88, progress = 0.42, t =  10.23 s / 8.60 tokens per second
CGC-DECPROF: step=14 segs=41 layers=40 total=755.28 ms | wait=361.23 (48%) cb=381.35 (50%) submit=12.70 (2%) ntok=8
CGC-DECPROF top1: L28 wait=18.00 cb=14.47 submit=0.25 ms n=1
CGC-DECPROF top2: L4 wait=15.66 cb=13.46 submit=0.33 ms n=1
CGC-DECPROF top3: L5 wait=17.80 cb=11.10 submit=0.40 ms n=1
CGC-DECPROF top4: L2 wait=13.00 cb=14.26 submit=0.28 ms n=1
CGC-DECPROF top5: L27 wait=10.72 cb=15.16 submit=0.25 ms n=1
CGC-DECPROF top6: L25 wait=14.89 cb=10.89 submit=0.30 ms n=1
CGC-DECPROF top7: L19 wait=9.15 cb=15.35 submit=0.32 ms n=1
CGC-DECPROF top8: L33 wait=6.32 cb=17.37 submit=0.27 ms n=1
0.24.801.419 I slot print_timing: id  0 | task 0 | prompt processing, n_tokens =     96, progress = 0.46, t =  10.99 s / 8.73 tokens per second
CGC-DECPROF: step=15 segs=41 layers=40 total=766.37 ms | wait=527.51 (69%) cb=228.81 (30%) submit=10.04 (1%) ntok=8
CGC-DECPROF top1: L29 wait=22.55 cb=5.29 submit=0.28 ms n=1
CGC-DECPROF top2: L30 wait=15.32 cb=11.95 submit=0.49 ms n=1
CGC-DECPROF top3: L28 wait=18.45 cb=8.09 submit=0.30 ms n=1
CGC-DECPROF top4: L6 wait=14.01 cb=11.00 submit=0.19 ms n=1
CGC-DECPROF top5: L27 wait=16.68 cb=8.27 submit=0.25 ms n=1
CGC-DECPROF top6: L32 wait=16.51 cb=6.89 submit=0.28 ms n=1
CGC-DECPROF top7: L36 wait=14.84 cb=8.17 submit=0.33 ms n=1
CGC-DECPROF top8: L9 wait=18.55 cb=4.10 submit=0.21 ms n=1
0.25.574.469 I slot print_timing: id  0 | task 0 | prompt processing, n_tokens =    104, progress = 0.50, t =  11.76 s / 8.84 tokens per second
CGC-SEG: wait 9340.0 cb 11261.6 submit 300.5 us (640)
CGC-DECPROF: step=16 segs=41 layers=40 total=684.48 ms | wait=386.86 (57%) cb=285.78 (42%) submit=11.85 (2%) ntok=8
CGC-DECPROF top1: L4 wait=15.29 cb=16.98 submit=0.37 ms n=1
CGC-DECPROF top2: L2 wait=12.38 cb=17.09 submit=0.28 ms n=1
CGC-DECPROF top3: L1 wait=15.08 cb=11.57 submit=0.25 ms n=1
CGC-DECPROF top4: L3 wait=11.27 cb=12.88 submit=0.33 ms n=1
CGC-DECPROF top5: L5 wait=16.49 cb=7.06 submit=0.30 ms n=1
CGC-DECPROF top6: L30 wait=16.22 cb=7.24 submit=0.28 ms n=1
CGC-DECPROF top7: L33 wait=7.75 cb=13.91 submit=0.20 ms n=1
CGC-DECPROF top8: L29 wait=14.61 cb=7.03 submit=0.28 ms n=1
CGC-GPUTIME: step=16 segs=40 bufs=348 skipped=12 wait=386.86 gpu_busy_sum=610.16 (158%) gpu_union=375.04 (97%) gap=303.77 (79%) ms
0.26.263.601 I slot print_timing: id  0 | task 0 | prompt processing, n_tokens =    112, progress = 0.54, t =  12.45 s / 8.99 tokens per second
CGC-DECPROF: step=17 segs=41 layers=40 total=699.56 ms | wait=473.27 (68%) cb=214.72 (31%) submit=11.57 (2%) ntok=8
CGC-DECPROF top1: L26 wait=17.27 cb=7.09 submit=0.31 ms n=1
CGC-DECPROF top2: L36 wait=17.02 cb=5.87 submit=0.27 ms n=1
CGC-DECPROF top3: L2 wait=7.68 cb=13.96 submit=0.28 ms n=1
CGC-DECPROF top4: L25 wait=11.82 cb=8.55 submit=0.23 ms n=1
CGC-DECPROF top5: L34 wait=14.78 cb=5.45 submit=0.34 ms n=1
CGC-DECPROF top6: L22 wait=14.64 cb=5.26 submit=0.23 ms n=1
CGC-DECPROF top7: L12 wait=12.57 cb=6.80 submit=0.29 ms n=1
CGC-DECPROF top8: L33 wait=10.87 cb=8.27 submit=0.33 ms n=1
0.26.967.050 I slot print_timing: id  0 | task 0 | prompt processing, n_tokens =    120, progress = 0.58, t =  13.16 s / 9.12 tokens per second
CGC-DECPROF: step=18 segs=41 layers=40 total=738.99 ms | wait=445.21 (60%) cb=283.18 (38%) submit=10.61 (1%) ntok=8
CGC-DECPROF top1: L2 wait=15.85 cb=14.88 submit=0.29 ms n=1
CGC-DECPROF top2: L1 wait=14.74 cb=10.64 submit=0.26 ms n=1
CGC-DECPROF top3: L18 wait=21.13 cb=3.64 submit=0.27 ms n=1
CGC-DECPROF top4: L35 wait=8.15 cb=16.43 submit=0.20 ms n=1
CGC-DECPROF top5: L4 wait=17.28 cb=7.19 submit=0.28 ms n=1
CGC-DECPROF top6: L13 wait=16.87 cb=7.45 submit=0.26 ms n=1
CGC-DECPROF top7: L3 wait=15.91 cb=6.53 submit=0.29 ms n=1
CGC-DECPROF top8: L32 wait=9.59 cb=12.45 submit=0.27 ms n=1
0.27.717.367 I slot print_timing: id  0 | task 0 | prompt processing, n_tokens =    128, progress = 0.62, t =  13.91 s / 9.20 tokens per second
CGC-DECPROF: step=19 segs=41 layers=40 total=729.81 ms | wait=357.89 (49%) cb=358.51 (49%) submit=13.41 (2%) ntok=8
CGC-DECPROF top1: L1 wait=18.05 cb=16.43 submit=0.30 ms n=1
CGC-DECPROF top2: L2 wait=6.21 cb=21.37 submit=0.28 ms n=1
CGC-DECPROF top3: L36 wait=9.27 cb=14.94 submit=0.27 ms n=1
CGC-DECPROF top4: L23 wait=14.13 cb=9.91 submit=0.43 ms n=1
CGC-DECPROF top5: L37 wait=11.33 cb=12.59 submit=0.29 ms n=1
CGC-DECPROF top6: L34 wait=7.28 cb=16.45 submit=0.29 ms n=1
CGC-DECPROF top7: L0 wait=7.21 cb=16.21 submit=0.31 ms n=1
CGC-DECPROF top8: L30 wait=8.70 cb=14.07 submit=0.36 ms n=1
0.28.453.990 I slot print_timing: id  0 | task 0 | prompt processing, n_tokens =    136, progress = 0.65, t =  14.64 s / 9.29 tokens per second
CGC-SEG: wait 9510.8 cb 10390.7 submit 299.0 us (800)
CGC-DECPROF: step=20 segs=41 layers=40 total=614.42 ms | wait=354.67 (58%) cb=248.78 (40%) submit=10.97 (2%) ntok=8
CGC-DECPROF top1: L2 wait=22.83 cb=9.50 submit=0.23 ms n=1
CGC-DECPROF top2: L1 wait=15.88 cb=9.57 submit=0.24 ms n=1
CGC-DECPROF top3: L30 wait=16.84 cb=7.99 submit=0.31 ms n=1
CGC-DECPROF top4: L3 wait=17.20 cb=6.16 submit=0.27 ms n=1
CGC-DECPROF top5: L21 wait=10.91 cb=10.95 submit=0.27 ms n=1
CGC-DECPROF top6: L29 wait=13.09 cb=7.68 submit=0.22 ms n=1
CGC-DECPROF top7: L31 wait=16.41 cb=4.14 submit=0.32 ms n=1
CGC-DECPROF top8: L34 wait=6.73 cb=13.51 submit=0.32 ms n=1
CGC-GPUTIME: step=20 segs=40 bufs=341 skipped=19 wait=354.67 gpu_busy_sum=467.82 (132%) gpu_union=349.03 (98%) gap=264.91 (75%) ms
0.29.075.126 I slot print_timing: id  0 | task 0 | prompt processing, n_tokens =    144, progress = 0.69, t =  15.26 s / 9.43 tokens per second
CGC-DECPROF: step=21 segs=41 layers=40 total=609.91 ms | wait=383.42 (63%) cb=216.79 (36%) submit=9.71 (2%) ntok=8
CGC-DECPROF top1: L29 wait=17.65 cb=5.23 submit=0.21 ms n=1
CGC-DECPROF top2: L30 wait=17.65 cb=4.30 submit=0.18 ms n=1
CGC-DECPROF top3: L28 wait=15.71 cb=4.94 submit=0.23 ms n=1
CGC-DECPROF top4: L27 wait=13.55 cb=6.47 submit=0.21 ms n=1
CGC-DECPROF top5: L23 wait=11.57 cb=8.39 submit=0.25 ms n=1
CGC-DECPROF top6: L32 wait=7.68 cb=12.08 submit=0.18 ms n=1
CGC-DECPROF top7: L20 wait=12.01 cb=7.12 submit=0.30 ms n=1
CGC-DECPROF top8: L17 wait=11.09 cb=6.89 submit=0.27 ms n=1
0.29.688.458 I slot print_timing: id  0 | task 0 | prompt processing, n_tokens =    152, progress = 0.73, t =  15.88 s / 9.57 tokens per second
CGC-DECPROF: step=22 segs=41 layers=40 total=575.16 ms | wait=342.10 (59%) cb=224.26 (39%) submit=8.80 (2%) ntok=8
CGC-DECPROF top1: L12 wait=13.06 cb=10.45 submit=0.17 ms n=1
CGC-DECPROF top2: L13 wait=16.23 cb=7.01 submit=0.21 ms n=1
CGC-DECPROF top3: L33 wait=7.41 cb=13.76 submit=0.27 ms n=1
CGC-DECPROF top4: L10 wait=14.18 cb=6.76 submit=0.18 ms n=1
CGC-DECPROF top5: L14 wait=16.57 cb=3.01 submit=0.20 ms n=1
CGC-DECPROF top6: L37 wait=9.94 cb=9.21 submit=0.24 ms n=1
CGC-DECPROF top7: L11 wait=12.82 cb=5.72 submit=0.17 ms n=1
CGC-DECPROF top8: L1 wait=7.48 cb=10.91 submit=0.24 ms n=1
0.30.267.680 I slot print_timing: id  0 | task 0 | prompt processing, n_tokens =    160, progress = 0.77, t =  16.46 s / 9.72 tokens per second
CGC-DECPROF: step=23 segs=41 layers=40 total=726.91 ms | wait=365.79 (50%) cb=350.67 (48%) submit=10.46 (1%) ntok=8
CGC-DECPROF top1: L4 wait=17.91 cb=17.68 submit=0.21 ms n=1
CGC-DECPROF top2: L29 wait=18.31 cb=13.37 submit=0.26 ms n=1
CGC-DECPROF top3: L2 wait=15.66 cb=11.78 submit=0.23 ms n=1
CGC-DECPROF top4: L28 wait=13.21 cb=13.11 submit=0.28 ms n=1
CGC-DECPROF top5: L27 wait=14.94 cb=9.81 submit=0.24 ms n=1
CGC-DECPROF top6: L25 wait=12.75 cb=11.78 submit=0.22 ms n=1
CGC-DECPROF top7: L5 wait=16.23 cb=7.92 submit=0.30 ms n=1
CGC-DECPROF top8: L26 wait=9.07 cb=14.19 submit=0.26 ms n=1
0.31.000.780 I slot print_timing: id  0 | task 0 | prompt processing, n_tokens =    168, progress = 0.81, t =  17.19 s / 9.77 tokens per second
CGC-SEG: wait 9451.7 cb 9700.7 submit 291.2 us (960)
CGC-DECPROF: step=24 segs=41 layers=40 total=593.47 ms | wait=373.70 (63%) cb=208.43 (35%) submit=11.35 (2%) ntok=8
CGC-DECPROF top1: L9 wait=18.25 cb=7.21 submit=0.26 ms n=1
CGC-DECPROF top2: L8 wait=17.38 cb=7.34 submit=0.23 ms n=1
CGC-DECPROF top3: L28 wait=10.20 cb=12.17 submit=0.27 ms n=1
CGC-DECPROF top4: L36 wait=14.16 cb=7.34 submit=0.29 ms n=1
CGC-DECPROF top5: L5 wait=14.28 cb=5.72 submit=0.27 ms n=1
CGC-DECPROF top6: L33 wait=12.52 cb=7.15 submit=0.22 ms n=1
CGC-DECPROF top7: L2 wait=9.13 cb=10.18 submit=0.26 ms n=1
CGC-DECPROF top8: L38 wait=14.44 cb=4.58 submit=0.25 ms n=1
CGC-GPUTIME: step=24 segs=40 bufs=343 skipped=17 wait=373.70 gpu_busy_sum=502.59 (134%) gpu_union=362.97 (97%) gap=228.79 (61%) ms
0.31.601.713 I slot print_timing: id  0 | task 0 | prompt processing, n_tokens =    176, progress = 0.85, t =  17.79 s / 9.89 tokens per second
CGC-DECPROF: step=25 segs=41 layers=40 total=339.39 ms | wait=231.98 (68%) cb=92.86 (27%) submit=14.55 (4%) ntok=6
CGC-DECPROF top1: L1 wait=16.28 cb=2.76 submit=0.28 ms n=1
CGC-DECPROF top2: L0 wait=10.78 cb=4.67 submit=4.05 ms n=1
CGC-DECPROF top3: L38 wait=5.77 cb=8.66 submit=0.32 ms n=1
CGC-DECPROF top4: L2 wait=6.29 cb=4.86 submit=0.24 ms n=1
CGC-DECPROF top5: L39 wait=4.70 cb=6.04 submit=0.87 ms n=1
CGC-DECPROF top6: L12 wait=6.93 cb=3.27 submit=0.20 ms n=1
CGC-DECPROF top7: L37 wait=8.06 cb=1.88 submit=0.27 ms n=1
CGC-DECPROF top8: L33 wait=5.99 cb=3.89 submit=0.30 ms n=1
0.31.951.251 I slot print_timing: id  0 | task 0 | prompt processing, n_tokens =    182, progress = 0.88, t =  18.14 s / 10.03 tokens per second
CGC-DECPROF: step=26 segs=41 layers=40 total=836.22 ms | wait=395.18 (47%) cb=430.88 (52%) submit=10.16 (1%) ntok=8
CGC-DECPROF top1: L6 wait=17.34 cb=14.28 submit=0.23 ms n=1
CGC-DECPROF top2: L38 wait=10.53 cb=19.72 submit=0.20 ms n=1
CGC-DECPROF top3: L5 wait=16.60 cb=13.44 submit=0.26 ms n=1
CGC-DECPROF top4: L39 wait=7.86 cb=20.43 submit=0.23 ms n=1
CGC-DECPROF top5: L28 wait=19.57 cb=8.53 submit=0.27 ms n=1
CGC-DECPROF top6: L2 wait=9.72 cb=17.98 submit=0.28 ms n=1
CGC-DECPROF top7: L27 wait=18.93 cb=8.43 submit=0.25 ms n=1
CGC-DECPROF top8: L26 wait=14.54 cb=12.22 submit=0.27 ms n=1
0.32.804.840 I slot print_timing: id  0 | task 0 | prompt processing, n_tokens =    190, progress = 0.91, t =  18.99 s / 10.00 tokens per second
CGC-DECPROF: step=27 segs=41 layers=40 total=1000.72 ms | wait=424.26 (42%) cb=564.40 (56%) submit=12.05 (1%) ntok=8
CGC-DECPROF top1: L38 wait=18.48 cb=43.79 submit=0.21 ms n=1
CGC-DECPROF top2: L37 wait=16.04 cb=42.28 submit=0.36 ms n=1
CGC-DECPROF top3: L35 wait=12.34 cb=38.76 submit=0.24 ms n=1
CGC-DECPROF top4: L36 wait=13.79 cb=31.03 submit=0.33 ms n=1
CGC-DECPROF top5: L39 wait=5.03 cb=28.50 submit=0.31 ms n=1
CGC-DECPROF top6: L24 wait=20.27 cb=11.38 submit=0.40 ms n=1
CGC-DECPROF top7: L2 wait=15.98 cb=15.39 submit=0.22 ms n=1
CGC-DECPROF top8: L34 wait=9.22 cb=20.11 submit=0.30 ms n=1
0.33.810.726 I slot print_timing: id  0 | task 0 | prompt processing, n_tokens =    198, progress = 0.95, t =  20.00 s / 9.90 tokens per second
CGC-SEG: wait 9181.3 cb 9438.3 submit 288.1 us (1120)
CGC-DECPROF: step=28 segs=41 layers=40 total=338.17 ms | wait=157.94 (47%) cb=170.06 (50%) submit=10.18 (3%) ntok=2
CGC-DECPROF top1: L33 wait=8.74 cb=9.87 submit=0.30 ms n=1
CGC-DECPROF top2: L34 wait=5.33 cb=10.37 submit=0.29 ms n=1
CGC-DECPROF top3: L35 wait=3.86 cb=9.94 submit=0.32 ms n=1
CGC-DECPROF top4: L36 wait=8.71 cb=5.04 submit=0.27 ms n=1
CGC-DECPROF top5: L28 wait=7.49 cb=4.36 submit=0.26 ms n=1
CGC-DECPROF top6: L32 wait=5.24 cb=6.42 submit=0.26 ms n=1
CGC-DECPROF top7: L23 wait=2.42 cb=8.57 submit=0.21 ms n=1
CGC-DECPROF top8: L38 wait=5.18 cb=5.42 submit=0.31 ms n=1
CGC-GPUTIME: step=28 segs=40 bufs=347 skipped=13 wait=157.94 gpu_busy_sum=220.39 (140%) gpu_union=148.44 (94%) gap=187.95 (119%) ms
0.34.152.548 I slot print_timing: id  0 | task 0 | prompt processing, n_tokens =    200, progress = 0.96, t =  20.34 s / 9.83 tokens per second
CGC-DECPROF: step=29 segs=41 layers=40 total=649.12 ms | wait=403.43 (62%) cb=234.24 (36%) submit=11.46 (2%) ntok=4
CGC-DECPROF top1: L38 wait=10.78 cb=17.71 submit=0.34 ms n=1
CGC-DECPROF top2: L24 wait=12.42 cb=11.13 submit=0.39 ms n=1
CGC-DECPROF top3: L0 wait=8.97 cb=13.07 submit=0.20 ms n=1
CGC-DECPROF top4: L28 wait=12.59 cb=8.18 submit=0.25 ms n=1
CGC-DECPROF top5: L21 wait=13.38 cb=6.11 submit=0.40 ms n=1
CGC-DECPROF top6: L30 wait=8.88 cb=10.46 submit=0.28 ms n=1
CGC-DECPROF top7: L25 wait=11.80 cb=7.12 submit=0.32 ms n=1
CGC-DECPROF top8: L6 wait=12.62 cb=5.82 submit=0.24 ms n=1
0.34.816.448 I slot print_timing: id  0 | task 0 | prompt processing, n_tokens =    204, progress = 0.98, t =  21.01 s / 9.71 tokens per second
CGC-DECPROF: step=30 segs=41 layers=40 total=562.21 ms | wait=255.94 (46%) cb=291.46 (52%) submit=14.80 (3%) ntok=4
CGC-DECPROF top1: L38 wait=12.36 cb=18.81 submit=0.25 ms n=1
CGC-DECPROF top2: L36 wait=12.51 cb=12.37 submit=0.27 ms n=1
CGC-DECPROF top3: L37 wait=9.10 cb=12.73 submit=0.31 ms n=1
CGC-DECPROF top4: L34 wait=7.77 cb=13.95 submit=0.40 ms n=1
CGC-DECPROF top5: L35 wait=5.66 cb=14.28 submit=0.38 ms n=1
CGC-DECPROF top6: L33 wait=8.60 cb=9.39 submit=0.28 ms n=1
CGC-DECPROF top7: L26 wait=5.85 cb=11.93 submit=0.31 ms n=1
CGC-DECPROF top8: L32 wait=8.35 cb=8.46 submit=0.27 ms n=1
CGC-S1: OUT phase=dec graph=0 il=0 ne=[2048 8 1] fnv1a64=cfafd55de145178f vals=[0.00291643 0.00416657 0.00569864 0.00822226 -0.00248935 0.00252986 0.012292 0.00567224]
CGC-S1: OUTSET phase=dec graph=0 il=0 nrows=8 set=3c621f6319c33c5b rows=[0ef2e204bcce2561 c9c5342aa61dede0 c603cd83a9b54b1d a88932ec2d5a7561 ea009603b64b8e40 a2bb6163ad5a9bba 2d1b39d2b9eaa400 765e5efbcb87f6fb]
CGC-S1: OUT phase=dec graph=0 il=1 ne=[2048 8 1] fnv1a64=d9c0d6bc5ae8b9f3 vals=[0.00531926 0.00345365 0.00326642 -0.000973129 -0.00408186 -0.00190875 0.00164136 0.000409748]
CGC-S1: OUTSET phase=dec graph=0 il=1 nrows=8 set=e6af9fe94e9ae898 rows=[fe23ebfe0054d905 418c35bbe665a857 e28d91a39141dfe7 c6c013c0c1833352 a64cd11f06d78731 1c04fca4ac6661ce 52c058e2a969bd46 0c01948adebf28fe]
CGC-S1: OUT phase=dec graph=0 il=2 ne=[2048 8 1] fnv1a64=1b9b5b1e07334b09 vals=[-0.0052236 -0.00828738 0.00110354 0.00298529 0.0144983 0.00671823 0.00308847 -0.00214623]
CGC-S1: OUTSET phase=dec graph=0 il=2 nrows=8 set=3b1b90e51dbba526 rows=[94b112840f93e166 a023aa81223cf183 e68dea85253ce89b 6ddc1add10a779de 54f9efa29da4bb67 dea1edc36cade898 398bcb803cc3fdf1 c6ddafb301d442b0]
CGC-S1: OUT phase=dec graph=0 il=3 ne=[2048 8 1] fnv1a64=7c4f869d86d88113 vals=[-0.0215311 -0.00535295 0.0115796 0.0108053 0.00776567 0.00956636 0.00761594 0.0162642]
CGC-S1: OUTSET phase=dec graph=0 il=3 nrows=8 set=b84a583aad48d636 rows=[9b9a9365605bcfb4 139ab66b4f76232a 9d9905ced092cf0b e8bef5f0c6991ce2 1c05c71e892c34f6 78aebf7c3af2a4c0 a9acc3809657dfd1 300c3eda151235b4]
CGC-S1: OUT phase=dec graph=0 il=4 ne=[2048 8 1] fnv1a64=40b18f4557de2c1e vals=[-0.00052517 0.0100581 -0.00904225 0.0113506 -0.0126868 0.0169457 -0.00868086 -0.0125426]
CGC-S1: OUTSET phase=dec graph=0 il=4 nrows=8 set=ba0f96371a7af4ae rows=[139654aefa7788ae fce929ddc90975e1 40e4a1e2a1e18543 d9bbeac154bfdc26 0d008ff1334cea0f b24597821617af7c dc5861a4f48713cc 49cd01029ab58d8c]
CGC-S1: OUT phase=dec graph=0 il=5 ne=[2048 8 1] fnv1a64=69f3c9f6e2562681 vals=[-0.00318272 -0.0100595 0.0056103 -0.00640394 0.0173791 0.00794089 -0.0017294 0.0179491]
CGC-S1: OUTSET phase=dec graph=0 il=5 nrows=8 set=1a9ef0a91724a87f rows=[34396e53f796efcf 129ed4250eeb4f24 73e123bb79115ae1 73851f02e43d26c4 678b7e56e87b1dd9 613376a7acf4bf8c e239c400b955b81c 168d2544bebef0ed]
CGC-S1: OUT phase=dec graph=0 il=6 ne=[2048 8 1] fnv1a64=dd1a8c3b0179e09f vals=[0.0215015 -0.000550274 0.00085894 0.0513339 -0.00666781 0.0501492 -0.00528357 -0.0342427]
CGC-S1: OUTSET phase=dec graph=0 il=6 nrows=8 set=8125de5b79a6b7dc rows=[949e1cdc51bdecc6 c2362a2c2613c9a4 b135ef59c85fbf20 c8c5c8255b013144 1e142901d5eef86c 53845f3945c0c615 0cf13fc39ab54f30 38496b2b9791e53f]
CGC-S1: OUT phase=dec graph=0 il=7 ne=[2048 8 1] fnv1a64=6a3b05ed5d2c4330 vals=[-0.0110243 0.00331878 0.0548284 0.0268592 -0.055563 -0.0279454 0.0230641 0.0340024]
CGC-S1: OUTSET phase=dec graph=0 il=7 nrows=8 set=39aa366d39639745 rows=[3a4663ebed0fee25 d05bb94797bdcc17 46c895c172b72a30 50f355e4ddb60b54 38f1f572009d7c61 df434b48124088fb 15b9fb9d1ecfc8b3 31836f87357a43e8]
CGC-S1: OUT phase=dec graph=0 il=8 ne=[2048 8 1] fnv1a64=b98508d87839e2b4 vals=[0.0455896 0.012906 0.0150476 -0.0231384 -0.0103959 0.0166968 0.0144094 -0.0118596]
CGC-S1: OUTSET phase=dec graph=0 il=8 nrows=8 set=e321f9a945698cc3 rows=[0eb3ec6ad1b513dd 2b8082fe87b92301 ee08054f0e9a5c70 012698ada9d7c349 2c8f5c73630b106f 4c12eaeaa41920ef 8be2cd800a8865f1 2fe5045350de87ef]
CGC-S1: OUT phase=dec graph=0 il=9 ne=[2048 8 1] fnv1a64=82a8aee7e08b8705 vals=[-0.0184244 -0.00116047 -0.0412908 0.0431955 -0.00633101 4.70243e-05 0.0214801 0.0360723]
CGC-S1: OUTSET phase=dec graph=0 il=9 nrows=8 set=237e4874fcea6d32 rows=[58eb2c7aa48b4ac7 bd884f19d3a80394 cc2dae129f0e01a0 8fcae9a6563a8b95 481fe92bb75ae2ec 60a0c9503812dde9 339ca9d3f37a3d54 65d7d3a8e0e496e1]
CGC-S1: OUT phase=dec graph=0 il=10 ne=[2048 8 1] fnv1a64=a8f6e2c11422f59a vals=[0.0283143 0.0334282 0.000216041 0.00588179 0.00651036 -0.0173193 -0.0293234 0.0189353]
CGC-S1: OUTSET phase=dec graph=0 il=10 nrows=8 set=ea3237cc9e8e2e38 rows=[e0bdfa952b387698 ca28fb6c63b55225 f090ddcb0f97ea8a ab8c6de03b5343b9 7db05aec0dd1a716 1c87c1f8930ec436 8592c15de7e979b8 cb7366ef4cebe613]
CGC-S1: OUT phase=dec graph=0 il=11 ne=[2048 8 1] fnv1a64=465cf18828914c00 vals=[-0.044294 -0.0193578 -0.0360673 -0.0268725 0.0230936 -0.0101892 -0.0144857 0.0367829]
CGC-S1: OUTSET phase=dec graph=0 il=11 nrows=8 set=2538572ea0c69338 rows=[3780d1df89e390fd 6cd8fa9b4a43c50e 01795df85237ba8a 8bed33122f4f3d7a a2b152d80d39c885 2cd37bf85bd142b5 1261b7aad85f947a cf718a8e3a06ba36]
CGC-S1: OUT phase=dec graph=0 il=12 ne=[2048 8 1] fnv1a64=f34c8683a64dc617 vals=[0.00093253 -0.0475231 -0.0105286 0.0349305 -0.0470043 -0.0422604 0.0158211 0.00544846]
CGC-S1: OUTSET phase=dec graph=0 il=12 nrows=8 set=a49f12e232ee0462 rows=[847debf9adda5ba0 68742439ea2f0d3b 1798f165fa7470cc 8e55120d7118f882 62575577ab2b1aee 9e0eaebcd1582b1c 9f063a1c07d2641d 6fa60a6ddab0ac0e]
CGC-S1: OUT phase=dec graph=0 il=13 ne=[2048 8 1] fnv1a64=064f7e777870a167 vals=[0.0317165 0.0230686 0.0104901 -0.0578989 0.0662255 -0.0154568 0.0743529 0.0328067]
CGC-S1: OUTSET phase=dec graph=0 il=13 nrows=8 set=02499564ff1187cb rows=[1ac4caf7d7ced8e5 9dc3f153f0f556bf 2f57ede873cce7da 4734ddd2cb3c3814 c4e9ff5c81e92c2d 310620302983ac97 5bf2774d4c9cca08 f9dd97ee4209c9d2]
CGC-S1: OUT phase=dec graph=0 il=14 ne=[2048 8 1] fnv1a64=965d89a58d62dfaf vals=[0.0198656 -0.0538689 -0.0168955 0.0736486 -0.0037158 -0.0127941 0.0633287 0.0448589]
CGC-S1: OUTSET phase=dec graph=0 il=14 nrows=8 set=0f32a21e1f0b1f84 rows=[8886778e0eb70dee 8d42dee340203320 e6b13f291f471870 97890b84166871e6 de572d7a38635b56 88c1d53cf11403b5 42395245bc7f7bdc 6f9c21cbc4d81733]
CGC-S1: OUT phase=dec graph=0 il=15 ne=[2048 8 1] fnv1a64=b98563f0fd563a70 vals=[-0.00280727 0.0882996 0.0254945 0.0327819 -0.0252513 -0.00387197 0.013216 -0.0177902]
CGC-S1: OUTSET phase=dec graph=0 il=15 nrows=8 set=27956590f16a0052 rows=[845b6cd3531f0df8 a02950c2c3e5c95e c37fe4365f46cd31 2d3cd5702cb6445b 226f815a655d4f96 0a9b3daad121a08d 914617c853894dbe 872beca2cf6cbefe]
CGC-S1: OUT phase=dec graph=0 il=16 ne=[2048 8 1] fnv1a64=44c60a450f44a9c2 vals=[0.0347081 0.0486616 0.000207029 0.0309705 -0.00737164 0.018236 0.00622042 -0.0292161]
CGC-S1: OUTSET phase=dec graph=0 il=16 nrows=8 set=070f93b334b9a71d rows=[7c486e1d2a9685cc 18758ecb875a44c0 663353df8373250a de42e14cfa1839b4 0d8806eefa2c584d 10524b7d067a5713 f672b792bb681cd8 8518ed31fbbb2dad]
CGC-S1: OUT phase=dec graph=0 il=17 ne=[2048 8 1] fnv1a64=12cf85ed7e2a49d0 vals=[0.0167138 -0.0346887 -0.0250025 0.0507589 0.040055 -0.0147899 0.0399735 0.0475902]
CGC-S1: OUTSET phase=dec graph=0 il=17 nrows=8 set=18072374f5ffccdd rows=[d40c8f2e955ac157 81807cb1cea146c2 9f0dba60fbbdeb1a e59c067f8af625c0 f40936382a9eba88 19ad15e77772a200 1e4bcc67a78a2102 c5288704f1cb19a6]
CGC-S1: OUT phase=dec graph=0 il=18 ne=[2048 8 1] fnv1a64=0bc461e0a05d7c37 vals=[0.00678104 0.00353497 -0.0429817 -0.0348066 -0.016089 -0.0411124 -0.0162709 -0.0363135]
CGC-S1: OUTSET phase=dec graph=0 il=18 nrows=8 set=a9dba55b4fa80993 rows=[44718dba63c1ff52 20b90d3eb21ff20b 08d544e5c4c36bc8 60cfb11bd225e069 1cd678490730924d ec06b9f91f84aef6 f94020067e845905 fab7c361595fee52]
CGC-S1: OUT phase=dec graph=0 il=19 ne=[2048 8 1] fnv1a64=faff9772a0d85b71 vals=[0.0768158 -0.060443 0.0105101 -0.0152164 0.0122552 0.0652519 0.0326543 0.0269563]
CGC-S1: OUTSET phase=dec graph=0 il=19 nrows=8 set=501adcf01119359e rows=[9fa888c91c801740 8ed5c50d3d3e45a8 a21058bae64e9fa7 01b28b6e30afd600 453a0d36cc074585 6a52b85fdd70d3e7 7a3e9f15f7956bdd ee2adc36ded754ae]
CGC-S1: OUT phase=dec graph=0 il=20 ne=[2048 8 1] fnv1a64=2ee6e61c05ae66f3 vals=[-0.0111912 -0.0801808 0.0245968 -0.0346408 -0.0233767 0.0506129 -0.00991137 -0.0106874]
CGC-S1: OUTSET phase=dec graph=0 il=20 nrows=8 set=4212e944092fd091 rows=[a515677715fce9d1 5f4cedf40d4a72bc 9a09692a1b218f75 bc3597ce0d23dbd4 245b91f6e3086405 144d9b686db8272c f8a9d27226984123 6dc1fa91721d9436]
CGC-S1: OUT phase=dec graph=0 il=21 ne=[2048 8 1] fnv1a64=802b9b7e2756bc6d vals=[-0.0239421 0.0806708 -0.0119884 0.0568677 -0.0938046 0.00459663 -0.00643224 0.0804956]
CGC-S1: OUTSET phase=dec graph=0 il=21 nrows=8 set=fc7004419cd4ca8c rows=[d15a8fc54dca3a7b 04d9405100fd3f56 690b2d9506c44c27 cebd25f7190998cf 330a4db62fca62f7 9ed1febd3455e271 2271aed2d2afb408 820c4a90425551b5]
CGC-S1: OUT phase=dec graph=0 il=22 ne=[2048 8 1] fnv1a64=1e7c4ce696d6cbd3 vals=[0.0033726 -0.0244062 0.035576 -0.0228496 0.066524 -0.0137441 -0.034308 -0.0342637]
CGC-S1: OUTSET phase=dec graph=0 il=22 nrows=8 set=3a7f29a23559fcd3 rows=[05f4a3fb581df394 d74d0dc62632470e 0762377c892a7a2e 11f2a9e4e25c8ace c50606169c6a28e3 48ca8a3dd30450ce a8bb55265124e147 46c14f613d2d2ad0]
CGC-S1: OUT phase=dec graph=0 il=23 ne=[2048 8 1] fnv1a64=2df6a2602b87e973 vals=[-0.0168776 0.0550046 0.024136 0.0284818 -0.0172303 0.0352334 0.0220825 -0.076561]
CGC-S1: OUTSET phase=dec graph=0 il=23 nrows=8 set=0616d56b76f78f6a rows=[53b6ea07cb23a14b 115a9c921db122f5 cb8d9f7efd615740 f69f5aa905f8cde3 83cd4a3432119e72 3c368b3c8a056e20 6cfbe7fb3f15f50e eafb527811b6b6bd]
CGC-S1: OUT phase=dec graph=0 il=24 ne=[2048 8 1] fnv1a64=a45f898ebf4b5541 vals=[0.0511354 0.00611714 0.0447422 0.00289252 -0.0291109 0.060444 -0.0155809 0.0512819]
CGC-S1: OUTSET phase=dec graph=0 il=24 nrows=8 set=9c0ffae228901582 rows=[721a65bf8c90ded4 94f70844b59699a5 ad23e2bb633ee38f 3f941c30800c207f f8ce3c6922db832c 2dee614649b2b0d9 acf130ad88161b38 483b737379e1ecee]
CGC-S1: OUT phase=dec graph=0 il=25 ne=[2048 8 1] fnv1a64=7ecb29dbca2443bf vals=[0.0161202 -0.0281847 0.0165263 0.0234115 -0.0423285 0.0209028 0.0558209 0.0365147]
CGC-S1: OUTSET phase=dec graph=0 il=25 nrows=8 set=55ce977bddeafecf rows=[8e0b23375a89dcc3 0f52a67717a6c456 bf0bb44be96087da e379f75502cd9647 9d1b9756513b6518 81b28061432ca73c bbf0a4e1ce009cd7 07effc6944fa58b7]
CGC-S1: OUT phase=dec graph=0 il=26 ne=[2048 8 1] fnv1a64=9357dc208dfcbf60 vals=[-0.0283708 -0.0198631 0.00806122 0.0314669 -0.00971685 0.00257046 -0.0260231 -0.00621715]
CGC-S1: OUTSET phase=dec graph=0 il=26 nrows=8 set=789d33bd90b3dcef rows=[18927bd9175bc6c8 deca4a01722cfd39 f5b4afaf59031eba c1e18b0b5a2c8110 cc6fae1a162e7c98 29f9ebc66c4603f2 833e3b0ca17bedfb e2f53dad7ce85831]
CGC-S1: OUT phase=dec graph=0 il=27 ne=[2048 8 1] fnv1a64=6962fc75cb566eaf vals=[-0.0135225 -0.0132334 0.00074521 0.0238554 0.0925321 0.00452325 -0.0651194 0.0649971]
CGC-S1: OUTSET phase=dec graph=0 il=27 nrows=8 set=9da3a7082d1fe1c3 rows=[bea4c356d5fe988a 954cfedc8a5f9bfd 18ab69a8e9ed50f3 48c497bb94e6e488 b2719630cee054d1 fc26ff27c01ae8b0 cd30f107ac71ff9e abc34e978348b1ab]
CGC-S1: OUT phase=dec graph=0 il=28 ne=[2048 8 1] fnv1a64=0715b82d3177502a vals=[-0.000174347 0.00780995 -0.00590606 0.0490844 -0.0621074 0.014352 -0.0777042 0.0175214]
CGC-S1: OUTSET phase=dec graph=0 il=28 nrows=8 set=66dc3e28a6796edc rows=[6795711bea1d8a5e 57e025adba3367ad d8649a9421b79822 fe73ba1a27eb89e1 1b5a08b8d353e6c1 5fb2f075d5b71589 f2c1002d55975e8d fff34e367113fee4]
CGC-S1: OUT phase=dec graph=0 il=29 ne=[2048 8 1] fnv1a64=0c192f2488b6714c vals=[0.00321037 0.0429343 0.048926 0.0336629 0.014881 -0.0850636 0.0302991 0.0414133]
CGC-S1: OUTSET phase=dec graph=0 il=29 nrows=8 set=20b6853cea183f62 rows=[000eb46376d0280a f6c24d6c1cbc9b7f 3ae977b904633015 d4f0f64cc9cf1dbf 5a918319a7610788 631f8174dc86cd1c 7b248bd8a8e99240 ee1067a451614218]
CGC-S1: OUT phase=dec graph=0 il=30 ne=[2048 8 1] fnv1a64=46f960f3f63305b7 vals=[0.102526 0.0332164 -0.0221966 -0.0345615 -0.0454902 -0.00665379 0.0124302 0.118553]
CGC-S1: OUTSET phase=dec graph=0 il=30 nrows=8 set=94b31a885c2b184d rows=[da9d6712d1c31289 5a56eeaa04b8889b 7f263999ca205dff 9071c79c57e87c1a e3c1d459b45ce15a a036c2a9b0ad29d4 bc797bcb6d5d82e9 dc549ba54eb3ce98]
CGC-S1: OUT phase=dec graph=0 il=31 ne=[2048 8 1] fnv1a64=1adca15c88b9cd61 vals=[0.0703762 0.113848 0.0969227 -0.039138 -0.00497174 0.0393451 -0.0129602 -0.0903875]
CGC-S1: OUTSET phase=dec graph=0 il=31 nrows=8 set=ee55a7fa7d15ef2d rows=[d9f09f1a9e672d1b 82fd6c66bbc77090 25cb32ba5cd5a8e7 09677e3ac2e0cbe8 b117c488404df27d f64eea70308de8cc 7905a4f2beb7e14f 47045f1f36f58330]
CGC-S1: OUT phase=dec graph=0 il=32 ne=[2048 8 1] fnv1a64=539ae01666eab995 vals=[0.0152503 -0.0464785 -0.0243999 -0.053986 -0.0135455 0.104996 0.0160255 -0.00567921]
CGC-S1: OUTSET phase=dec graph=0 il=32 nrows=8 set=df67f511d3d184e8 rows=[8fd5e55ac3e9daee 4d6efc36f40a3e25 95ea6e887f709d52 ab9b79bb7f5ea454 800a21d90fd86ea5 fdccecff2e45228f 13fa78221ca9d31c 07c383c45b92b2b9]
CGC-S1: OUT phase=dec graph=0 il=33 ne=[2048 8 1] fnv1a64=fb9e7f835b1ff5a9 vals=[0.0802972 0.0259282 0.000931785 0.0466879 -0.0292361 -0.0322879 -0.0301691 -0.140134]
CGC-S1: OUTSET phase=dec graph=0 il=33 nrows=8 set=ffe502f841624383 rows=[2243d1d1733ad054 c1dd93e3d8847b0a 617ddcec57cc35fd a4c3e44eca9bbd0b 62603102249db942 1fac1ca49930868c 3a53f308dfa2a322 84215e6f6dea6206]
CGC-S1: OUT phase=dec graph=0 il=34 ne=[2048 8 1] fnv1a64=45a8ed62a43a3102 vals=[0.270848 0.356172 0.105923 -0.200859 0.158162 -0.140431 0.00205947 0.106768]
CGC-S1: OUTSET phase=dec graph=0 il=34 nrows=8 set=c68824fc6aff8577 rows=[ac6e62bfa7db3b0b 45106661b90b3063 851470f5a921d4fa 06ebc73a5c861b1b cac873def3c7cf37 e9f34af2ffcbf4d8 75c4388c6f9a728d 0ab02163630a6dca]
CGC-S1: OUT phase=dec graph=0 il=35 ne=[2048 8 1] fnv1a64=be0de13ad8fe469f vals=[0.0270555 -0.178263 -0.131847 0.0622611 0.119675 -0.102404 0.0855974 -0.00940051]
CGC-S1: OUTSET phase=dec graph=0 il=35 nrows=8 set=1b7c31df57bdfa2e rows=[e8730fdbd067506f 2612e66623b6320b 1c5b1876b3facc37 037e51998a0f0aa0 75f6930795b0f087 928ed4c519ad60d6 1e08ef0a2fffad42 9e9cb919c41ae590]
CGC-S1: OUT phase=dec graph=0 il=36 ne=[2048 8 1] fnv1a64=fe37a0dc9ea64725 vals=[0.109481 0.0191581 0.0684249 0.0772845 -0.127432 -0.0560031 0.192906 -0.22933]
CGC-S1: OUTSET phase=dec graph=0 il=36 nrows=8 set=3379da8b440cd291 rows=[ac25c2f076b929cf bf390c3375ff86c9 3bbf2fc5a999b2b8 27f94596b217187c d68d819bdb26d796 f56103a3551c196a 60454e04619737ec c95ff39d0f1e0c0c]
CGC-S1: OUT phase=dec graph=0 il=37 ne=[2048 8 1] fnv1a64=7864da15b2edcb0d vals=[-0.0498354 -0.0508146 0.181964 -0.276137 0.0136726 0.183787 -0.153621 0.0556098]
CGC-S1: OUTSET phase=dec graph=0 il=37 nrows=8 set=e81fbde3f1bebdb5 rows=[4a40076f0aae2189 1c4e418431de4676 95154c2788bec333 0ccb42ff32e960ec 22d9e8d6d35b6f2d 6f2cfeb282f456eb 6d059ee3a09f678c 0ca4463d3261d03c]
CGC-S1: OUT phase=dec graph=0 il=38 ne=[2048 8 1] fnv1a64=1d9eef656b3771cb vals=[0.0202734 -0.109642 -0.145388 0.252308 0.0905317 0.0164406 0.0770994 0.000185005]
CGC-S1: OUTSET phase=dec graph=0 il=38 nrows=8 set=7682cebd95a49126 rows=[983c2794aeba4bad 575e0cc3527e2a9a e525da505ad16d61 83dc172daed9eb0d 6a8b5d3d2e35577d d0df143f39360ae1 290eb9297d9d4ac6 f8a4080d66086641]
CGC-S1: OUT phase=dec graph=0 il=39 ne=[2048 8 1] fnv1a64=f1e675468dbe0c35 vals=[-0.011695 -0.0395421 -0.129109 0.011629 0.0219376 0.0530474 0.106293 0.0407043]
CGC-S1: OUTSET phase=dec graph=0 il=39 nrows=8 set=058143b03d440637 rows=[77152ab252fcbcac e531fef85f26c479 5c7fd43fe952ae13 b345c4a2db528a9f 32bae4b343a19089 8f35558f3bd006c9 f5d1273fc1befab9 504403fc16919e1a]
CGC-SEG: wait 8641.4 cb 8686.9 submit 287.9 us (1280)
CGC-DECPROF: step=32 segs=41 layers=40 total=90.59 ms | wait=60.90 (67%) cb=19.45 (21%) submit=10.25 (11%) ntok=1
CGC-DECPROF top1: L32 wait=1.83 cb=2.66 submit=0.30 ms n=1
CGC-DECPROF top2: L2 wait=3.57 cb=0.03 submit=0.71 ms n=1
CGC-DECPROF top3: L24 wait=1.82 cb=1.33 submit=0.26 ms n=1
CGC-DECPROF top4: L23 wait=0.95 cb=2.15 submit=0.21 ms n=1
CGC-DECPROF top5: L36 wait=1.74 cb=1.34 submit=0.20 ms n=1
CGC-DECPROF top6: L8 wait=1.59 cb=1.18 submit=0.20 ms n=1
CGC-DECPROF top7: L19 wait=2.70 cb=0.01 submit=0.20 ms n=1
CGC-DECPROF top8: L28 wait=1.54 cb=1.14 submit=0.16 ms n=1
CGC-GPUTIME: step=32 segs=40 bufs=353 skipped=7 wait=60.90 gpu_busy_sum=63.13 (104%) gpu_union=55.52 (91%) gap=33.69 (55%) ms
CGC-S1: OUT phase=dec graph=1 il=0 ne=[2048 8 1] fnv1a64=0271716c0e1c5520 vals=[0.0231953 0.00233284 0.00347873 -0.00136655 -0.00160809 -0.013889 0.00514994 0.0063299]
CGC-S1: OUTSET phase=dec graph=1 il=0 nrows=8 set=37d7e8c882fc16da rows=[9d87f2532e013843 ef65a0584f792a23 8ed26c523c206465 684b306542bcf2ac bd87771217810ca1 cd738eb9d653523b 51b0541705c1b3d7 b0b798773fde4727]
CGC-S1: OUT phase=dec graph=1 il=1 ne=[2048 8 1] fnv1a64=d6e2b3f9b20fac25 vals=[0.0346496 0.00359783 0.00656055 -0.0124058 -0.0150534 0.016863 -0.00259269 -0.0111186]
CGC-S1: OUTSET phase=dec graph=1 il=1 nrows=8 set=7255fd507b0dffc2 rows=[29411eaf7b1f622e 26bfb7ea8a4f7a59 49a2d08de0c8a82d 0e6a33855a3956b7 db44526b512f7f46 d0031e7f8cdae38d 1060de6783838ab0 84c4467c364e413c]
CGC-S1: OUT phase=dec graph=1 il=2 ne=[2048 8 1] fnv1a64=6aee0d5745979d06 vals=[0.00278497 0.0170801 0.0317235 -0.0158593 0.00322197 0.000524571 0.00417236 0.010016]
CGC-S1: OUTSET phase=dec graph=1 il=2 nrows=8 set=f08d7086c5736c89 rows=[48d996bc1074fff3 eabce36c2df0e956 3c6ad703476fc04d 60b12a8aa376920c 2a9bb1f3f7f59fa3 d8722fa4ad63faa4 6e948d8fa4cbac76 04ff23a72ca99404]
CGC-S1: OUT phase=dec graph=1 il=3 ne=[2048 8 1] fnv1a64=e2a60414d2027af6 vals=[0.00585288 -0.00553116 -0.0136652 0.0310741 0.0063616 0.0049972 -0.0174599 0.0114925]
CGC-S1: OUTSET phase=dec graph=1 il=3 nrows=8 set=da849c5eda59296f rows=[9c893225d9d4e67a 95017f603369ba3a 646f61d8c072fac7 de34db82f7d4bbd6 60b032315566a6b5 e5b84e689481e8e2 832094228ad57f99 9d2f91efd270abaa]
CGC-S1: OUT phase=dec graph=1 il=4 ne=[2048 8 1] fnv1a64=ae0c60cacfb542e9 vals=[0.00464528 0.0238022 0.0105309 -0.038451 -0.0333927 0.0168728 0.0139998 0.0376916]
CGC-S1: OUTSET phase=dec graph=1 il=4 nrows=8 set=eab4a1c8f943ae5c rows=[86130c553fc76c23 3be09cb9de6d8e72 f395cf07f9c1d275 ab91c4db6a4aba98 f59dbf14f2ade72b c94b843cfe064228 37a890f230081126 da3800220719ca83]
CGC-S1: OUT phase=dec graph=1 il=5 ne=[2048 8 1] fnv1a64=ad34938b8ca5135b vals=[-0.0582152 -0.0338238 0.0026583 0.019168 -0.0175538 0.00431913 -0.00750753 0.0257298]
CGC-S1: OUTSET phase=dec graph=1 il=5 nrows=8 set=981d9a40018f871d rows=[75744f4955ad1143 d04feca010d0d8e8 d5ab0505ac685fd8 20e0df88c8f18241 ef99a42b59cfa1f0 5847af04057394c3 f1f7fcd0614c2ce9 c24c7b82de4eb6e4]
CGC-S1: OUT phase=dec graph=1 il=6 ne=[2048 8 1] fnv1a64=6cee1b51d1b3792b vals=[0.0393284 -0.0394149 0.0103705 0.0372001 -0.0421765 0.0492688 0.00633594 -0.00300027]
CGC-S1: OUTSET phase=dec graph=1 il=6 nrows=8 set=e0923125b82abde6 rows=[82cbc20c090488d3 8c4c4753ebd782b1 febd45265a347531 82d28c392c012dff cfbb4cb5b517b45c 6cc262b864a5ef3a 80e30361d6cc3b2f 116316fca4c0aaa5]
CGC-S1: OUT phase=dec graph=1 il=7 ne=[2048 8 1] fnv1a64=4dc66be3717c7d87 vals=[0.0541665 0.00262388 0.0372619 0.0286367 0.00180209 -0.000670906 0.0380473 0.0119907]
CGC-S1: OUTSET phase=dec graph=1 il=7 nrows=8 set=363b611250a270ab rows=[a1b084c2a05fb762 c4116e26990cb6f7 0b61771dac0e37c1 5246be44d8ba7422 128794342b622b83 64e941487b6d9207 1f4635d2006b6d63 43b7b23085a2c851]
CGC-S1: OUT phase=dec graph=1 il=8 ne=[2048 8 1] fnv1a64=154e54a46e5102f8 vals=[-0.0158713 -0.0259997 0.012077 -0.0261678 -0.00458723 -0.0301728 0.0307068 0.0227285]
CGC-S1: OUTSET phase=dec graph=1 il=8 nrows=8 set=1d8bbdc36779f1a1 rows=[16f73344fa749f2a 1d58905c3a33ff08 7432198ef7b0a3b2 b0cbb93702f0f885 75e201bb8f95b60d e7d13a7bfd8793b5 dd7cb81023bc0a00 c716c26145e56e9e]
CGC-S1: OUT phase=dec graph=1 il=9 ne=[2048 8 1] fnv1a64=41a41801d7ce7bff vals=[-0.0432664 -0.0476138 -0.00698285 0.0307189 0.0372562 -0.00339172 0.00156697 0.026141]
CGC-S1: OUTSET phase=dec graph=1 il=9 nrows=8 set=b5e7dabaa0e94573 rows=[de4fd30251da1606 6a2e66aa1da1c6e3 7d11135babbc18ca 0dc32375083e4167 0a49e2c8b1c03c9e 8f28555d33518f76 d6cea79f060919d4 2ada5f19a90e3668]
CGC-S1: OUT phase=dec graph=1 il=10 ne=[2048 8 1] fnv1a64=45a8a78648aeb52b vals=[0.00461395 -0.00365822 0.0195858 -0.0361257 -0.0106163 -0.0548013 -0.0282622 -0.00817512]
CGC-S1: OUTSET phase=dec graph=1 il=10 nrows=8 set=4db791d5bb3345a6 rows=[1987b897ce2c0fec 3e1360200a6fc65d a75885d68832913b 7af5f1cae927285a e3f3d42e56d07f96 ae44da8ab73da2cd 3be6df04d1c0ecfa c2aee4d67b25849d]
CGC-S1: OUT phase=dec graph=1 il=11 ne=[2048 8 1] fnv1a64=5214792a9ac80b54 vals=[-0.0172324 -0.026751 0.0139091 0.0690568 0.000630223 -0.0197361 0.00282831 -0.00478048]
CGC-S1: OUTSET phase=dec graph=1 il=11 nrows=8 set=069d7dc6065d1e10 rows=[cda87658a4fe7ff8 6c6d3ef8dcbb48dc e2252200be7b8306 354c9d9de39e0263 434b720f5b02e8c4 89cbaa20f8f0d278 acd378fef047955e 2ef4948634038b28]
CGC-S1: OUT phase=dec graph=1 il=12 ne=[2048 8 1] fnv1a64=cf38436d33ab8197 vals=[-0.0585967 0.0222903 0.0295902 -0.00417379 -0.0190394 0.0209309 0.0567202 -0.0459619]
CGC-S1: OUTSET phase=dec graph=1 il=12 nrows=8 set=bed3824f03ad88ee rows=[a7abc94ca8eadf33 6999b422ca2937db 71d43352ece90fc0 d60ec6417cc10d7f 95aa0891a085bd75 3a863a12d480671b ef1ca722fd10fe54 fd5b78163dfe0959]
CGC-S1: OUT phase=dec graph=1 il=13 ne=[2048 8 1] fnv1a64=653c29ab5a30cd02 vals=[-0.0387661 0.0186764 -0.00621072 0.0798789 -0.0983244 0.0556721 0.0254165 0.00907086]
CGC-S1: OUTSET phase=dec graph=1 il=13 nrows=8 set=6690163b47d48655 rows=[9308b321c7e2140f d316d2ff6ab4cc37 2d23b88c68f6e775 865cad7c3aba4caa 81bac9fb0805e446 d3cd33e3543f91b4 f6e011e275aa5c6d f899ca1d81059579]
CGC-S1: OUT phase=dec graph=1 il=14 ne=[2048 8 1] fnv1a64=347c8a7ebb2946eb vals=[-0.0257568 -0.0294081 0.0130889 0.0137923 -0.034822 -0.000392884 0.00479101 0.039048]
CGC-S1: OUTSET phase=dec graph=1 il=14 nrows=8 set=22a4e68726b39dd0 rows=[be739b60f2723ad6 5dc8bdf42a2844f3 370777f67a08c5da cc6d7476529aca1d e2a8d1259ae08442 a53d69f05d6d254f d3d5c5deaa797608 93ba366eaacdf85f]
CGC-S1: OUT phase=dec graph=1 il=15 ne=[2048 8 1] fnv1a64=34a5459296cee9ce vals=[-0.00669483 -0.0535423 0.060163 0.0150346 0.00509845 0.0152276 0.0151075 -0.0142879]
CGC-S1: OUTSET phase=dec graph=1 il=15 nrows=8 set=c5e991759667d856 rows=[e5d20a556597a893 310d9638c1ee1bec 53a3c44cb99922ed a3a80ed68b4f3f25 13fb20ad4dfcdace cc31847703d9a963 c4790e7db1fe9593 9db781e142a3e210]
CGC-S1: OUT phase=dec graph=1 il=16 ne=[2048 8 1] fnv1a64=59136bf16ccfaa8a vals=[0.00234879 0.045036 9.26889e-05 0.025033 -0.00680116 -0.00461864 -0.0395329 -0.0622018]
CGC-S1: OUTSET phase=dec graph=1 il=16 nrows=8 set=e86d8df36853cc8a rows=[937d06bc93437c82 37d072cf2a5bfa9b c2987a3720b0f48c 29c976c3253cb062 11fc63c87e90c2bd 2ab7c3d62ba337e8 d79c41eff17c994a 8c2b36639632a0e1]
CGC-S1: OUT phase=dec graph=1 il=17 ne=[2048 8 1] fnv1a64=4d163bb2d27fc0b5 vals=[0.00574343 -0.00429367 -0.0392846 -0.0213544 -0.0370231 0.0557245 0.019224 -0.00962735]
CGC-S1: OUTSET phase=dec graph=1 il=17 nrows=8 set=15ec8883ec22df98 rows=[f4705f828a5e929a ef6ed3b5dad36f44 8fd15c38f6de628f c3e5f4d018644d9a f57af2a87cb77185 dff1a2427651275c 1db8acf4f81cbc99 31b2617ffd563845]
CGC-S1: OUT phase=dec graph=1 il=18 ne=[2048 8 1] fnv1a64=db93b81340b11809 vals=[0.00190299 0.0318443 -0.0480023 -0.0219202 0.0103509 -0.0299241 0.0585052 -0.0153125]
CGC-S1: OUTSET phase=dec graph=1 il=18 nrows=8 set=95ba94873fbfcebd rows=[1fc1a07c18d239a8 a2f537abe747d246 7e6cc1a2ad8818e2 e294c8b18d221aff 07e35dc62b71349a c49351f1f7ea8803 151c334755dcee1b 7ec6715e0e0230d3]
CGC-S1: OUT phase=dec graph=1 il=19 ne=[2048 8 1] fnv1a64=c87203bb334b0a42 vals=[-0.0223662 -0.0675727 0.00478169 -0.023773 -0.00053869 0.0386501 0.0192533 0.0255238]
CGC-S1: OUTSET phase=dec graph=1 il=19 nrows=8 set=6988c0fb6eb72d71 rows=[b9404ff1cba56619 1478b7710ca69112 380a8134e4c6203d 4654c8d3760fa97f e622dfe164464ab2 a32a9459f21859ca 7e73325fef636973 ea4948a83207d573]
CGC-S1: OUT phase=dec graph=1 il=20 ne=[2048 8 1] fnv1a64=0ddc5f3616e315a1 vals=[0.0249815 -0.0435976 0.0303743 0.0279647 0.00755472 0.00281293 0.029395 -0.0280915]
CGC-S1: OUTSET phase=dec graph=1 il=20 nrows=8 set=bef5a5597a58328f rows=[92633ef63c57028e dd1cbad10796da7e f1cf5cc7f9f9aa0d 5fce0220c6854df8 a1ba593ec507f09a f9279471de767158 c25d739d120a2d07 a6b2055911f6ecbe]
CGC-S1: OUT phase=dec graph=1 il=21 ne=[2048 8 1] fnv1a64=c490baa4ef2e9847 vals=[0.0289283 -0.0867166 -0.0955783 -0.0589672 -0.110067 -0.170668 0.0146489 -0.0372998]
CGC-S1: OUTSET phase=dec graph=1 il=21 nrows=8 set=9e43b1e93c2a0930 rows=[418f88ed2039bb8d ad2fca92df41971a 9518abf5b395e3f5 97921e72f0179190 4b3aba9611a86ccf d9509d16ed15846d 0186a713390dd195 0baffc87ba2bf8bd]
CGC-S1: OUT phase=dec graph=1 il=22 ne=[2048 8 1] fnv1a64=a0471476e8e83fde vals=[0.00550188 0.0035994 0.01448 -0.0290873 -0.0377059 -0.061926 0.0792136 0.0245835]
CGC-S1: OUTSET phase=dec graph=1 il=22 nrows=8 set=b691ed38eae784df rows=[b82532c042b545a6 12b1d65c7878c901 453fef39d8d384b9 6b09d662d58d5d75 5a0d78f3cceaef10 232174fab538f7ad e5ab864e585605f5 df3522fa169579b6]
CGC-S1: OUT phase=dec graph=1 il=23 ne=[2048 8 1] fnv1a64=c72d9e3827229924 vals=[0.0665418 0.0629872 -0.0608116 0.0229957 -0.0543276 -0.00466725 -0.127515 0.0834074]
CGC-S1: OUTSET phase=dec graph=1 il=23 nrows=8 set=2a1bdf2f74b91a99 rows=[1cb046410a01a650 32f78e3c4a269992 5dcbcfb3aa9be566 7bdbedb79f547798 a67812159e44730a e8ec5b33a43d64bb 05ded8283050d64f 6736b688d27a6601]
CGC-S1: OUT phase=dec graph=1 il=24 ne=[2048 8 1] fnv1a64=adb65e527bb78e93 vals=[-0.0683342 -0.021739 0.00276173 -0.000373542 0.0165663 0.0843885 -0.0392166 0.0284291]
CGC-S1: OUTSET phase=dec graph=1 il=24 nrows=8 set=7163b3a5b770c9f0 rows=[8214d78262aaf184 56809c50bc66a685 7d335e3b6a6252c8 ef775da38dd553e5 1f1fab88f515463e 6d3c34798fb01757 093970e8adff9547 07362d807c60474e]
CGC-S1: OUT phase=dec graph=1 il=25 ne=[2048 8 1] fnv1a64=faa7ef212adaac8b vals=[-0.00331862 -0.0342774 0.00887085 -0.0754149 -0.0298389 -0.00995296 -0.0520565 0.0216704]
CGC-S1: OUTSET phase=dec graph=1 il=25 nrows=8 set=a474a0433b5bc4fc rows=[3d45170c31e14fbc 22e1b388189c6dca 1885a57752f9c358 370f2ee6a4b34de8 2b6dd8e5eeca29d6 eb0728d526343249 8736c9174c9df2e1 01b1c2ff0760f01c]
CGC-S1: OUT phase=dec graph=1 il=26 ne=[2048 8 1] fnv1a64=d46643ecfd7f7895 vals=[0.00624929 -0.0252497 -0.0355627 -0.00585044 -0.0268663 -0.0326211 -0.051179 0.0108447]
CGC-S1: OUTSET phase=dec graph=1 il=26 nrows=8 set=e36daceedb5ee72c rows=[4a407f006a963028 b6171d991daa356d 8559010417009b1b a5d2989d80fe0488 912173a1b77135c6 e5ef05caeb10326d 47dc531886498324 4a3613dd042dac4f]
CGC-S1: OUT phase=dec graph=1 il=27 ne=[2048 8 1] fnv1a64=3f3dd1a9c4dc1b7f vals=[0.0523263 -0.0118344 0.044911 0.0527718 0.0067191 -0.0327942 0.0913915 -0.0110832]
CGC-S1: OUTSET phase=dec graph=1 il=27 nrows=8 set=98bf1a4721b130fc rows=[ec19a4e8259bb8e0 52e6694f1ce2bbdd d847a88f3c195f54 b057d85d08651226 d4b28ad8ce28fa5e d0c4eecac8340fab a7e84ce640af7426 a5d1f3f921a494c4]
CGC-S1: OUT phase=dec graph=1 il=28 ne=[2048 8 1] fnv1a64=a350bd2f9e86ac2b vals=[-0.0421705 -0.0611503 -0.00914493 0.0333456 0.0653302 0.111603 0.0505725 -0.0439908]
CGC-S1: OUTSET phase=dec graph=1 il=28 nrows=8 set=7b0118ea97e63380 rows=[58e39f62f8e878d1 caae3d2746871c6b 9d295e24e7c88ce5 3df3f061098b2b6d 87f3ddccd7efa1de 5f0f19175f28ae76 4ac7bf33f7df4df2 4ab9945711bcd130]
CGC-S1: OUT phase=dec graph=1 il=29 ne=[2048 8 1] fnv1a64=842ef0c3abd673d4 vals=[-0.0369933 -0.0730819 -0.035399 0.00377437 0.032438 -0.0638546 -0.110575 -0.0409757]
CGC-S1: OUTSET phase=dec graph=1 il=29 nrows=8 set=048a4b0504e777d5 rows=[d90e62aeb8645650 820815a4ca00f86f 7be835f677d7a9e3 6168752fbeefc6c2 ba3594643fdaba18 4962f6ea46967b9f 367860dddcdabeb2 da2fc8c42293c7c4]
CGC-S1: OUT phase=dec graph=1 il=30 ne=[2048 8 1] fnv1a64=d151435d781c0ab0 vals=[0.0438661 0.0273833 0.00583244 0.00269191 0.0232226 0.0150269 0.0255742 0.0481164]
CGC-S1: OUTSET phase=dec graph=1 il=30 nrows=8 set=72d622e39f54ab8f rows=[c778554dd89cf6c9 8bc7aa2701bfd44f 49192fefeecc2e1b 8302f94be807d454 2e76505383ff7e4e 16a1ad8e28e6aa8d 4e1b5ddc5f8ff7a4 8de06205986dd081]
CGC-S1: OUT phase=dec graph=1 il=31 ne=[2048 8 1] fnv1a64=598888e0bf705ae8 vals=[0.0353527 0.154301 0.0574551 0.0299934 0.00341696 -0.0990291 0.0508277 -0.0688973]
CGC-S1: OUTSET phase=dec graph=1 il=31 nrows=8 set=7b78bad8a80bb336 rows=[65ee43ab3c9f93b4 d62990e1df3a9e3a 12bb054551809506 efd0c8dca54a46cc 26926d4782a199ef b616eef93be7a10f ba9b91cb7f4c57d0 344cbaf022926cdf]
CGC-S1: OUT phase=dec graph=1 il=32 ne=[2048 8 1] fnv1a64=c4587c7b7054c61b vals=[-0.0676126 0.0133423 -0.0170675 0.0748514 -0.106205 0.033203 0.0445654 -0.0507173]
CGC-S1: OUTSET phase=dec graph=1 il=32 nrows=8 set=4583727b2d451bd8 rows=[c1de6f9dc5f47d88 b51e9366b34ff8f9 c77ec66106217b1c cf31fca8f19e25be b82a1f8b3c896b59 ae78bfb18dba4690 8b58a2c0d40776ee dc2e0feac8baf23c]
CGC-S1: OUT phase=dec graph=1 il=33 ne=[2048 8 1] fnv1a64=1f30075cfe609a88 vals=[0.0645877 -0.101176 -0.0544163 -0.00183887 0.0128472 -0.0860747 0.0163749 -0.0990183]
CGC-S1: OUTSET phase=dec graph=1 il=33 nrows=8 set=876b0df3ba02d66e rows=[106b4b7281368f14 55fad22e380e7a61 ed88415e59e65661 7e74dacdc3acc321 7e81e3edecb35d75 22814b5df34fd049 b83dbe051cc452a5 38abc4763b6e41ab]
CGC-S1: OUT phase=dec graph=1 il=34 ne=[2048 8 1] fnv1a64=7463a883f759d580 vals=[0.0595658 0.14263 -0.150132 -0.0240829 0.0996188 0.0813161 -0.0599058 0.0589812]
CGC-S1: OUTSET phase=dec graph=1 il=34 nrows=8 set=ab37ef8d8d7abb55 rows=[6cd32e27681d3624 005c3cd820ec1380 aeedb2a6a19b44f0 fbec62a29100a73c a842ac04bfa7c023 745749e677ea79cb 45c9c030e8ea9117 42c00e83ee821134]
CGC-S1: OUT phase=dec graph=1 il=35 ne=[2048 8 1] fnv1a64=303a9a094c512333 vals=[-0.0749484 0.0380856 0.152605 -0.117419 -0.093171 -0.0624074 0.0226732 -0.0916912]
CGC-S1: OUTSET phase=dec graph=1 il=35 nrows=8 set=a21965f86a325699 rows=[8a1a4e30c5a6e1ce 0af8a3dca5a33cda 2d10bebfa3c18090 07c489cbdac7744b 99fa929f276407a1 7f194b8aeeac93d3 57ff649419da9af8 e160f9ab20358cb5]
CGC-S1: OUT phase=dec graph=1 il=36 ne=[2048 8 1] fnv1a64=6e2bd126e4663db7 vals=[0.0531134 -0.359365 -0.353337 -0.297134 0.0778593 0.039253 -0.0764331 -0.0564355]
CGC-S1: OUTSET phase=dec graph=1 il=36 nrows=8 set=3418a347ac429797 rows=[dcacdef20ee0fa92 f89fa6ea1c8059ec be5818abf4154246 f2dc1970935b3d2c 656d0a40544699b7 468004ffc728bb34 b67e46cce4b14cc5 9803a54800b72ebe]
CGC-S1: OUT phase=dec graph=1 il=37 ne=[2048 8 1] fnv1a64=867a6540c0797521 vals=[-0.0608697 -0.0652348 0.193984 0.133202 -0.0667136 -0.128306 0.0203221 -0.13613]
CGC-S1: OUTSET phase=dec graph=1 il=37 nrows=8 set=540f750567847be0 rows=[547961f28e29f508 ade390f53786acbd 8b847c3a1bfce0ba 5ced35968b257142 47bef0bfa4826a8a 2cf83cdba5a4db78 0224a6efcd6761c9 53f5ffa46b78dd60]
CGC-S1: OUT phase=dec graph=1 il=38 ne=[2048 8 1] fnv1a64=6f8d3cb970a09ea3 vals=[0.066321 0.0597329 0.0280357 0.0454143 -0.0476824 -0.152962 -0.235661 0.0982549]
CGC-S1: OUTSET phase=dec graph=1 il=38 nrows=8 set=9d988e6d37a4b3aa rows=[1cae7518633cfdfa c8b071c5bea94843 b424dc9d04089303 670903ecaa7968aa 4ea8372747a3eb04 d499efb6ba8a8397 7a1d55e133ca1b44 b0c5eb6c88cc6e97]
CGC-S1: OUT phase=dec graph=1 il=39 ne=[2048 8 1] fnv1a64=fcb4c84587d616d9 vals=[-0.268915 -0.320562 0.190002 0.141313 -0.650187 -0.716518 0.424847 0.167997]
CGC-S1: OUTSET phase=dec graph=1 il=39 nrows=8 set=e992fb4a24d6e75a rows=[c161d38d7cd5f176 34ab7506c0417d4d fb33f93def267fe5 7a8b902280519383 9c71d5a4825f4664 fea19a70d8acfba6 14a5005ef513868c b0c27525ab2f64a5]
CGC-S1: OUT phase=dec graph=2 il=0 ne=[2048 8 1] fnv1a64=bdd58625b1c46ccd vals=[0.015467 0.00958108 0.00285261 -0.0101125 0.00710996 0.00662202 -0.0166369 -0.00132463]
CGC-S1: OUTSET phase=dec graph=2 il=0 nrows=8 set=10b7efe0741bac6b rows=[3f6e8d3561da81af 0f2bf634902eb3a7 c84d8c32294d4742 0b806b59ce1aeac3 0650569bdd4ffaf9 115fef65d83c17ff 9c878ced90c7ac16 a79ceb75addef08f]
CGC-S1: OUT phase=dec graph=2 il=1 ne=[2048 8 1] fnv1a64=7f6701df2f3024af vals=[0.0179432 -0.0124793 0.011124 -0.0390529 -0.000471474 0.00771806 -0.0012056 -0.0140464]
CGC-S1: OUTSET phase=dec graph=2 il=1 nrows=8 set=18c817b5fe94c987 rows=[4f165224c299d73f e4f025a9b54f83c6 57f2eb36c942ba37 8159713d9e83de64 6809f2f1198d2dc3 2789546cb87fba9c b1ee343a90d508cd 0a30a7fbf78786c4]
CGC-S1: OUT phase=dec graph=2 il=2 ne=[2048 8 1] fnv1a64=d716c9c0346d8dda vals=[0.0200527 -0.0285023 0.00530921 -0.00700176 0.0138604 0.000968291 0.00269212 -0.00506786]
CGC-S1: OUTSET phase=dec graph=2 il=2 nrows=8 set=8667f2eeeab19317 rows=[79eac3839d2f60bd 1c79516f8810927c ee75abcded4fff3a bcd6c38eeb00c192 cf88a5e06b3f110f 53e05948f8ad1998 0fe4b70904390f75 806e288899af645e]
CGC-S1: OUT phase=dec graph=2 il=3 ne=[2048 8 1] fnv1a64=2961e52ca0d00464 vals=[0.00461269 -0.00156545 -0.0206287 -0.00638732 0.016633 -0.00813666 -0.0151362 0.0116822]
CGC-S1: OUTSET phase=dec graph=2 il=3 nrows=8 set=f52b0a883ea8ca0d rows=[f76d3f4b4ae96c91 464b6c85f5327417 742c3367281adc72 f0c1e3a9f367d20c b28bfc08b858de23 91656af726375d71 c08f870ba3a65f67 802d4b81a7791006]
CGC-S1: OUT phase=dec graph=2 il=4 ne=[2048 8 1] fnv1a64=0e0b7b451d2dcc07 vals=[0.0104977 -0.000134365 0.0195665 -0.01647 0.0183266 -0.0222326 0.00147879 0.0134957]
CGC-S1: OUTSET phase=dec graph=2 il=4 nrows=8 set=dfe4c532780d7c5c rows=[956b15d57a980403 41ba87481c9da75f ce4ea6ab0f81ef56 0e5a337e4029348a 0a6d2f102f12f55b eb646332e7e4bcb7 91b9c711edda73d7 045cb5c3b85e28ef]
CGC-S1: OUT phase=dec graph=2 il=5 ne=[2048 8 1] fnv1a64=cefd5c9f67cca82d vals=[0.0205867 -1.73617e-05 0.00857814 -0.0189784 0.0167765 -0.0134476 0.00464789 -0.00438342]
CGC-S1: OUTSET phase=dec graph=2 il=5 nrows=8 set=52537f86a741a1a5 rows=[6db9fbba3d08a1d3 f7718206f6ee3ee2 20060474f597217a 13d56658d2023f69 d68bf4ee60212f63 83d2be0753676304 a1deac488688e306 e12ad194b4cd6ec9]
CGC-S1: OUT phase=dec graph=2 il=6 ne=[2048 8 1] fnv1a64=bd7442be8efe604f vals=[-0.00980125 -0.00119239 -0.00209731 -0.00165347 0.00636119 0.00915012 0.00418956 -0.0023748]
CGC-S1: OUTSET phase=dec graph=2 il=6 nrows=8 set=2a70b3394e82ec87 rows=[e1c0872ae0c9dc62 3181c1d642725dd4 d4284ffc06d812a3 0a70cc20f253f02a 61e20b0389952390 3341ea044c813394 9c52bba2ad8c4faa 88505b1b59536cc1]
CGC-S1: OUT phase=dec graph=2 il=7 ne=[2048 8 1] fnv1a64=acb8eabcb2cfc476 vals=[0.0246596 0.00803119 0.0215529 -0.000869945 -0.0168894 -0.00590405 0.0215559 -0.00964831]
CGC-S1: OUTSET phase=dec graph=2 il=7 nrows=8 set=cc59ba3abd1b5891 rows=[261528be116269c7 0d3e74cef6778dc4 57baf38ca4c5c219 a6fb75570ac58ecc 5b15dc95334230c4 198a44863c1f43af 61f42548820fb92c 3fb86b35a712a1f0]
CGC-S1: OUT phase=dec graph=2 il=8 ne=[2048 8 1] fnv1a64=0a8db1067d3f82a8 vals=[0.0391499 0.0209826 -0.0084073 -0.0102924 -0.0271003 0.00521025 0.0197659 -0.0091986]
CGC-S1: OUTSET phase=dec graph=2 il=8 nrows=8 set=0a72ff5665ffeae9 rows=[103112e906f3a104 98b82444d501024c 9d45f7233f26c328 71b9bfec7f7942a9 ea04f5329cbc31b4 39f765435e7c72a6 140eb536266a37ad 108cd2138ffd5f91]
CGC-S1: OUT phase=dec graph=2 il=9 ne=[2048 8 1] fnv1a64=b775ce3905028489 vals=[-0.0224868 0.0324419 -0.0385134 0.02346 -0.0163917 0.0220413 -1.94353e-05 0.0228151]
CGC-S1: OUTSET phase=dec graph=2 il=9 nrows=8 set=79630ee3fe64ec7e rows=[eed2588e5debba96 4b7127763193ae6d 43c0b1eedb3ec3b3 738ce73779f2417c e58343e32369fed7 0bf1050f5824b6f2 31e0a4224f103275 ee0c5c0ee7b9d39a]
CGC-S1: OUT phase=dec graph=2 il=10 ne=[2048 8 1] fnv1a64=50169bb52151ef23 vals=[0.0419631 -0.0171279 -0.0104964 -0.00783687 -0.0161814 -0.0190544 -0.00965438 0.0374186]
CGC-S1: OUTSET phase=dec graph=2 il=10 nrows=8 set=679f80737af533fa rows=[cf6031167ada353f d0bd92650a2f0fa7 b955ca4a5bf117f4 85cd684b6a0e59d8 95cc548968c908dd 448157fcb83c4b84 62bf4595218e0a99 fe66b024cc464f54]
CGC-S1: OUT phase=dec graph=2 il=11 ne=[2048 8 1] fnv1a64=6a42e6b1669ac0f8 vals=[-0.0308437 -0.010753 -0.0214733 0.0275346 0.00570248 -0.0398383 -0.0103128 -0.0190208]
CGC-S1: OUTSET phase=dec graph=2 il=11 nrows=8 set=0ef96b583730fc26 rows=[6e7c613713b06533 0e963c5bcbaa8347 65377d75aacab396 2c023e46b381dd18 43c33c6db93ffbf5 4e2d542d861a912a bf75d147b4111a14 d0855dc210f6693a]
CGC-S1: OUT phase=dec graph=2 il=12 ne=[2048 8 1] fnv1a64=f0f936f5de52714a vals=[0.0204999 0.0203975 0.0227278 0.0131229 0.0266266 0.0237948 0.0308842 0.0154584]
CGC-S1: OUTSET phase=dec graph=2 il=12 nrows=8 set=7efbec57fe02d906 rows=[4644253e293558a7 d54c5c847a155838 a03de86833f2184f 341d7097c9a66348 1815cb01cd141897 b473720bcaafaddf 9821477e17c71fc8 42bdce45d1794401]
CGC-S1: OUT phase=dec graph=2 il=13 ne=[2048 8 1] fnv1a64=bd280e93dbc7042b vals=[-0.0149074 0.0253774 -0.00342628 -0.00524276 0.0232147 -0.0148706 0.00402346 0.0457337]
CGC-S1: OUTSET phase=dec graph=2 il=13 nrows=8 set=5af4449c63dbc63f rows=[5986760a912c8730 d3215291dadd71e1 b33456af2ee1ed46 d79665e427f3e06b 8c51e06dc25dd7a5 3bf9fdf28af0f45c 4a4ae224926df6e2 6d070efd11d894cb]
CGC-S1: OUT phase=dec graph=2 il=14 ne=[2048 8 1] fnv1a64=bfbb3592c287b456 vals=[-0.00739672 -0.0259269 0.0162773 0.00173082 -0.0354827 0.0150396 -0.0856507 0.031774]
CGC-S1: OUTSET phase=dec graph=2 il=14 nrows=8 set=c6a22242a71aa42d rows=[b799031c10fed87e 67c0af4c2b05646e 6fa06ea6ce0d7015 431c6a060865bce5 61805f4888d432e3 c8e8b8ef6e728ced 8f4bb30626c3dfaa 36e821c30fbdbe09]
CGC-S1: OUT phase=dec graph=2 il=15 ne=[2048 8 1] fnv1a64=4bb1a15b7615735a vals=[0.0466297 0.0510633 0.0235043 0.054526 -0.0281051 0.0354116 0.0339105 0.0407713]
CGC-S1: OUTSET phase=dec graph=2 il=15 nrows=8 set=101d31d911dae5ba rows=[06ce94e9835a5684 768f6c4ee2cae8a4 f1533dd02eeb4347 c18841e63ef3d3ac de1d4bd2b986b510 8c6d6865f404ffae 5d2d7a05d9af3780 5fb74d637da30dc4]
CGC-S1: OUT phase=dec graph=2 il=16 ne=[2048 8 1] fnv1a64=0fe6da910815df43 vals=[0.001305 0.0462291 -0.043328 0.0268535 0.0341407 -0.0165777 -0.0566926 0.021963]
CGC-S1: OUTSET phase=dec graph=2 il=16 nrows=8 set=032567cba32df377 rows=[c8bdc37693795783 bc8ce6d6d1133d79 323bf0f9c91b1dd0 ecf7a183dffc852c fd17fdd13998fb69 240e3938357f87d3 c8d36c564ce7900e 20a326946999d1f2]
CGC-S1: OUT phase=dec graph=2 il=17 ne=[2048 8 1] fnv1a64=7928c7fe92587204 vals=[-0.0247157 -0.0150652 -0.0227911 0.0210217 -0.062489 0.051754 -0.0496864 -0.0203904]
CGC-S1: OUTSET phase=dec graph=2 il=17 nrows=8 set=4e88283f0fc4a3ad rows=[8e10d0e9c70021fa 7cedaadd2d922cd8 ad9da670564da43e 0025558a603dc290 19c5067cfd59408d 5882be90f90d19cf ea452d97ed614c84 2fb454cf805e0339]
CGC-S1: OUT phase=dec graph=2 il=18 ne=[2048 8 1] fnv1a64=69e0c321c721147f vals=[0.00164574 -0.0336168 -0.0132722 0.0394199 0.0305517 0.0341876 -0.00162577 0.0521951]
CGC-S1: OUTSET phase=dec graph=2 il=18 nrows=8 set=38f734d4e32bb621 rows=[068c77a3d7e4593a 56f4796557fb846b 4adf59c2f59da7b9 84219c426fd739a4 6af5b64e5e2b6018 ef2de51405b2a654 1b46fa1a8d45038d b2976fdb2ed8e0f5]
CGC-S1: OUT phase=dec graph=2 il=19 ne=[2048 8 1] fnv1a64=d310e649610c72c8 vals=[-0.0494311 0.0382767 -0.00933443 0.0546569 -0.00857053 0.0483902 -0.0435005 0.0126393]
CGC-S1: OUTSET phase=dec graph=2 il=19 nrows=8 set=002f82e7be2e03eb rows=[d71fc70c1509787e b8a92bd3c25a2d53 c123bf2c2e2e9acb a56f43740e93efcf 97cc5dff7fd41263 10d5d852e070671e 324b9824a5150cf5 158dfa4c99951f66]
CGC-S1: OUT phase=dec graph=2 il=20 ne=[2048 8 1] fnv1a64=107c2d6e28314da3 vals=[-0.0175875 -0.000606485 -0.0354792 0.0972795 -0.0560855 -0.0777045 0.0339201 -0.0221258]
CGC-S1: OUTSET phase=dec graph=2 il=20 nrows=8 set=5d2eabddd2549a54 rows=[9784330f10fcd2bc 5e172ba1d159a57d 75d21ba3244c132e 9ead90d3c6cd94c6 fe2c316c0ed797ec 2f676af4b4e1134d edca759d18b5d674 0c35a3f495f61520]
CGC-S1: OUT phase=dec graph=2 il=21 ne=[2048 8 1] fnv1a64=5ef6880bc1a51853 vals=[-0.0183754 -0.00861393 -0.0373569 0.0104839 0.0679941 -0.00409333 -0.0189962 -0.0266386]
CGC-S1: OUTSET phase=dec graph=2 il=21 nrows=8 set=a25d96c5e558aeb2 rows=[a3c2f933c9560f92 6ea44953459ecd4e ea381c81e946311d 4be5d1d78cf4f768 358dc4534845e84d 14743728c027490c 9f18a99ac46295a9 30f61a024ec2d401]
CGC-S1: OUT phase=dec graph=2 il=22 ne=[2048 8 1] fnv1a64=8880979a380470a5 vals=[-0.0383266 0.0105252 0.0276044 0.00468582 0.0134289 -0.00399337 -0.0501076 -0.0428882]
CGC-S1: OUTSET phase=dec graph=2 il=22 nrows=8 set=7133a8733041863c rows=[f71bbdcdd3bd1311 6ca94090254e7945 213e1d0f62439cd7 306d58906c70e522 996fe8ea0feec160 315e052ca9761534 d8d0df96c6191670 a92f6e7ca9f56f67]
CGC-S1: OUT phase=dec graph=2 il=23 ne=[2048 8 1] fnv1a64=042cb9b152fd8c21 vals=[-0.0321573 0.00914428 -0.0149639 -0.0402056 -0.0125255 -0.0245779 0.00170822 0.00569867]
CGC-S1: OUTSET phase=dec graph=2 il=23 nrows=8 set=c7e06bb9d96fe9e3 rows=[7c7b6917b8461633 6232415652c5927a 72b7548bfc0811ed e701dbe1c0d5dd22 c3cec1dad7fc0e08 cecac281052a96e7 a06adbe2fbf45ba9 144f5d63d9671f5a]
CGC-S1: OUT phase=dec graph=2 il=24 ne=[2048 8 1] fnv1a64=9f84c9c839951d95 vals=[-0.0578693 -0.0501997 0.0275289 -0.0285377 -0.0220197 0.00453401 -0.0767995 0.0319639]
CGC-S1: OUTSET phase=dec graph=2 il=24 nrows=8 set=564bc0366d6587e7 rows=[9633ca7ed7a3299d ef116f992a1d4676 37b90bba241bbd3b 0ac264f14d88a0f9 9164f84fbc224c9a ddc529f596c6ac56 2fce381e2a3503a0 a9c40b2ddf28676f]
CGC-S1: OUT phase=dec graph=2 il=25 ne=[2048 8 1] fnv1a64=e0d1fec240f7a233 vals=[0.0663104 0.0255753 -0.0232419 -0.102815 -0.0352262 -0.0330932 0.0684739 0.00439392]
CGC-S1: OUTSET phase=dec graph=2 il=25 nrows=8 set=d7a13fb1389b83a3 rows=[f7aed939d1872c5f 8c19533a3e4121b2 42f50b4d09140491 494fc0368ee0b1f1 db1f934ff21a5768 4dac0b7e85833b0f 8aefc5476653f3bd 9908229c1e9e98e7]
CGC-S1: OUT phase=dec graph=2 il=26 ne=[2048 8 1] fnv1a64=11a89cc4602336d7 vals=[0.0452387 -0.0323464 -0.0061484 0.0373969 -0.0843218 0.0129961 -0.0529155 -0.0238227]
CGC-S1: OUTSET phase=dec graph=2 il=26 nrows=8 set=8a0854ecd9b66819 rows=[1b706c049638602d 577d2bf0736af700 d1899e7144b48d99 f4c581ef9c3ed4b7 b1e8c80886617eca bf281b513a97ff61 323412bb4bf841a4 b34f815aca67194c]
CGC-S1: OUT phase=dec graph=2 il=27 ne=[2048 8 1] fnv1a64=87f282bc4be93786 vals=[0.064158 0.127237 0.184227 0.114331 0.127652 -0.0515312 -0.00321683 0.010073]
CGC-S1: OUTSET phase=dec graph=2 il=27 nrows=8 set=ff8de2139dab5c92 rows=[b3771974c6a1b7c7 bf1bfa8a17c30b68 b7fc77a94db842d0 9d77a423566dd60f 1779aa843f966228 c119514b1f0d8df9 9e6a38ed3357b8dc 9fffffc7efa987b8]
CGC-S1: OUT phase=dec graph=2 il=28 ne=[2048 8 1] fnv1a64=9569482f71acad6f vals=[-0.0491753 -0.0408566 -0.0209722 0.0550089 -0.0426261 -0.0195999 0.00534977 0.0832262]
CGC-S1: OUTSET phase=dec graph=2 il=28 nrows=8 set=18b528c2543d7191 rows=[d51c414d7c7c1f1c ec0a218f5940f71b 4ea91104953daa54 544c5e281ef2436c 46fec41978e58e86 c8bd3a38ced857cf 1f19b3f4fc37247c de6bb1ae76a4591a]
CGC-S1: OUT phase=dec graph=2 il=29 ne=[2048 8 1] fnv1a64=94aed1e5376763c0 vals=[0.018912 -0.0118597 0.0820548 -0.0908188 -0.00248729 0.0586302 -0.0506665 -0.0432677]
CGC-S1: OUTSET phase=dec graph=2 il=29 nrows=8 set=24474779a86f6dbd rows=[2975be1f891f560c fe958133b9619d52 19383fe16eb77f89 fe1944b34c3353ab 40401b76970fecc2 8cdb5910a8be9cb8 5fca35d3463460aa a0f26d3e249b835b]
CGC-S1: OUT phase=dec graph=2 il=30 ne=[2048 8 1] fnv1a64=56270f0302b207a3 vals=[-0.00383363 -0.0404626 -0.0437361 -0.017176 0.0895856 -0.0447788 0.0734365 0.0766626]
CGC-S1: OUTSET phase=dec graph=2 il=30 nrows=8 set=26e25d64a0a3a675 rows=[ea7b86a52eae1a0c 6ae04b5e81228b55 51a2b0667d39db2d bf1c8d7d1e0645eb 3fcd3d969d0018c2 6f44aefd534a2fbf e766fa65027887dd 4ff3ea0895b0d347]
CGC-S1: OUT phase=dec graph=2 il=31 ne=[2048 8 1] fnv1a64=d5d72374a4994c58 vals=[0.164754 0.0101545 -0.0300793 -0.0153717 0.068438 -0.0498751 0.0573587 0.169678]
CGC-S1: OUTSET phase=dec graph=2 il=31 nrows=8 set=db7c9da297eacb74 rows=[8fd84f5dde452ae7 f3195f6aaced7601 b789a8bbc3bb2d22 01b0f59c4d4b76e9 59c3b5d86bd261b1 37192acc1c962524 63c99630815360d4 a6ad1db4da8afec7]
CGC-S1: OUT phase=dec graph=2 il=32 ne=[2048 8 1] fnv1a64=e5182ca9cd8eb450 vals=[-0.0740589 -0.062412 -0.0289048 -0.0361958 0.14393 0.0976935 0.0466611 -0.262487]
CGC-S1: OUTSET phase=dec graph=2 il=32 nrows=8 set=8c314093bc38e623 rows=[0b06107519adf095 ff5e83189e9749ca 9c74bd964b618de3 c0c79d1e59b8b058 377798f95fdb24e1 a907144e100fa6fe b13e9bd1f149fc2f 0a5fda5939b0e877]
CGC-S1: OUT phase=dec graph=2 il=33 ne=[2048 8 1] fnv1a64=3847bf5b78ea3971 vals=[-0.000414286 0.0247386 -0.0526614 -0.0382212 0.0639663 0.0933245 0.0431046 0.159934]
CGC-S1: OUTSET phase=dec graph=2 il=33 nrows=8 set=39ee722438c71ed1 rows=[5a332f1a9e13a7e7 433b20ec9359dcea 64d01de09a4717a9 96ac4fac92c9a0dc cb87899bd302be7b 435a15729241528e 1d54e91409690580 1c8047f2c8759457]
CGC-S1: OUT phase=dec graph=2 il=34 ne=[2048 8 1] fnv1a64=2ff0d17eff29bd76 vals=[0.117329 0.142497 -0.138745 -0.0733452 -0.0421089 0.056916 0.0419455 -0.146179]
CGC-S1: OUTSET phase=dec graph=2 il=34 nrows=8 set=281a10ecd0a08ade rows=[1c6225e29d641db3 9554b7fcc51d4816 3d816052e1ff8bfb b0084992c838a73e 68ab62379423f7d1 8cad6709a34c742b c3788ee131b394dc e926be8878b6e74f]
CGC-S1: OUT phase=dec graph=2 il=35 ne=[2048 8 1] fnv1a64=7eded3e1887ce700 vals=[-0.112109 0.212261 -0.223879 0.0731106 0.100507 0.261416 -0.120749 0.244418]
CGC-S1: OUTSET phase=dec graph=2 il=35 nrows=8 set=5061ee67d2c43189 rows=[6e9f07aa06ef5bc0 43e215f3ea1bc7f8 3ad86c7fa8b92b91 7986f32e5a642160 f178101a8609c15c d767d67532ad6129 bf103c78b21a51eb ad3c668a81bb1524]
CGC-S1: OUT phase=dec graph=2 il=36 ne=[2048 8 1] fnv1a64=ae8fb4454fb6a824 vals=[0.214748 -0.0719762 -0.037725 -0.0502997 -0.0991829 -0.0180624 0.147162 -0.0523109]
CGC-S1: OUTSET phase=dec graph=2 il=36 nrows=8 set=a66ec43adf3cf80b rows=[07a42a4c87e7b27e bc51279021b62e9d 2550987d8a8f0a75 239a51fd882cffe3 0304c39fe6e487e3 08f00b398458151a 1ad87b996be9a608 36766ab2dac96e7b]
CGC-S1: OUT phase=dec graph=2 il=37 ne=[2048 8 1] fnv1a64=592ae79dc0cd3d25 vals=[0.0784374 -0.171383 -0.215414 -0.0276842 -0.0472448 0.0606149 0.165089 0.357458]
CGC-S1: OUTSET phase=dec graph=2 il=37 nrows=8 set=41fa5d872dcf03fb rows=[f14f3acb4b119f9b 2c03d36be48a31b2 44d49f04ed33c1d9 0d2c3742aa935ce0 af63577d0a1e3a37 be9fa674e22bf2bf ef957ed48e418b9e 9acae36b1acac16c]
CGC-S1: OUT phase=dec graph=2 il=38 ne=[2048 8 1] fnv1a64=aa65d87f02d27aa9 vals=[0.0377777 0.0237121 -0.0859021 0.112619 -0.0380803 -0.173834 -0.116534 -0.0444964]
CGC-S1: OUTSET phase=dec graph=2 il=38 nrows=8 set=a98138ef97d07963 rows=[553c773b812c6e47 43c0a54ad9e5ff78 2c8c92b0c86689d4 03ac2d8e0790851d c4ade276e7fd8bf5 15bf7c5867da75ea 81e76f1c387626d9 efbfd91361e7692a]
CGC-S1: OUT phase=dec graph=2 il=39 ne=[2048 8 1] fnv1a64=ca8c2a5f0a447867 vals=[0.127471 -0.298666 -0.386159 0.159572 1.06927 0.251245 0.604833 -0.799225]
CGC-S1: OUTSET phase=dec graph=2 il=39 nrows=8 set=bc4cb5939381243d rows=[497d189395b33b65 791d2a9d706f2607 d44c410fcfed1b27 62e2d27a53434dce d1f333a521a81c5a 5e48b8549bc4d55a 4d72e2a3e28307a0 a7d9ba6c9e92e143]
CGC-S1: OUT phase=dec graph=3 il=0 ne=[2048 8 1] fnv1a64=5707740799237a86 vals=[-0.00515564 0.000688995 0.00319178 -0.00334842 -0.00781789 -0.0057841 -0.00385621 -0.0063561]
CGC-S1: OUTSET phase=dec graph=3 il=0 nrows=8 set=a23e276f40f9fcbb rows=[aedd769083e842ee 9737e61dea1bbbb5 099699504863982e 1f665c3fe451cde4 f313f1ef6ceda1e5 a4a81b978d95b66d 5bb71337a7986739 84d2109b86201861]
CGC-S1: OUT phase=dec graph=3 il=1 ne=[2048 8 1] fnv1a64=a0c79335991886e0 vals=[0.0137156 0.00243376 -0.00324364 -0.00531461 -0.00512631 0.011661 0.0131242 -0.0199568]
CGC-S1: OUTSET phase=dec graph=3 il=1 nrows=8 set=fc4068c8046a359e rows=[560aec0276a58613 4674f57b8973d638 ff3d941e6f66c43f 93e7c0685caa82f2 427b11f5276c816f 67197fdd659a3382 22e1b3bfab67e812 462ab1ad28e38f9a]
CGC-S1: OUT phase=dec graph=3 il=2 ne=[2048 8 1] fnv1a64=00dbc9b70b511d2e vals=[0.00679187 0.0140515 0.00040165 0.000883804 0.00237794 0.00481169 0.00884624 2.93865e-05]
CGC-S1: OUTSET phase=dec graph=3 il=2 nrows=8 set=349a4f2e54aa7d71 rows=[2c93e8c082d482d1 f6239d511a0fe506 5b406781b4e0aec4 823aad3d68277211 fe6dffa406f736a0 cd3321fc78e1992d 8d59dd149bfeaaf8 bf795888a277c872]
CGC-S1: OUT phase=dec graph=3 il=3 ne=[2048 8 1] fnv1a64=786815923bc5d2ad vals=[0.00423032 -0.00189286 -0.0296266 0.00564365 -0.00548577 0.00351291 0.0100215 -0.000340818]
CGC-S1: OUTSET phase=dec graph=3 il=3 nrows=8 set=a4224c592fa9ba4c rows=[6f49412f92643b5d 9b2d5f1512c204b4 e314752092929fee 175087c429520275 791d1c3ff864b60e 9ede0edeed778e32 1de9c1a126b260bd 44ca88c89f19c735]
CGC-S1: OUT phase=dec graph=3 il=4 ne=[2048 8 1] fnv1a64=8efefa5e126695f2 vals=[-0.00598516 -0.0377152 -0.00615938 0.0171678 -0.0161712 0.000846407 0.0205354 0.0243246]
CGC-S1: OUTSET phase=dec graph=3 il=4 nrows=8 set=c6d59e478e914059 rows=[019e650bca9cc8e6 a5c664b227ba8e2c 66f27f1168a4b8ea 28c6c3b31c545518 80883f1b54882ea3 e064064f3a16631c bf714b12664bf489 9e1d70498afa7303]
CGC-S1: OUT phase=dec graph=3 il=5 ne=[2048 8 1] fnv1a64=3f7dc3b32c0e7078 vals=[0.0126058 -0.00916116 -0.00823458 -0.0137715 0.014105 2.73027e-05 0.0180772 0.000675411]
CGC-S1: OUTSET phase=dec graph=3 il=5 nrows=8 set=8263be7a39773c57 rows=[e85a77d7c5e97f5f a438a71f80d19e7d 678dd4bc57cb7b2e 1af6799006cc02f3 855c0e57b1a56f34 7d78e40ba6fed9f4 234e4b4c7ebe1711 006258729f0ee9fd]
CGC-S1: OUT phase=dec graph=3 il=6 ne=[2048 8 1] fnv1a64=d7829e0a4b227808 vals=[0.0123054 -0.029993 -0.0281756 -0.0143139 0.0194118 0.0269463 -0.00332714 0.0346091]
CGC-S1: OUTSET phase=dec graph=3 il=6 nrows=8 set=19f42b9f2e89177b rows=[a41c07ff6878f213 3615631ed77bf776 91c58d0363b19933 2879e7023f8bed6c 1d73e313d212baaf ce137943fbb218ce 6502afa8cd24ad59 9773f4a463ae23f5]
CGC-S1: OUT phase=dec graph=3 il=7 ne=[2048 8 1] fnv1a64=44e6703b8596d9ea vals=[-0.00153788 0.0142174 0.0338623 0.0382799 -0.0158152 0.0643702 0.0195152 0.0155608]
CGC-S1: OUTSET phase=dec graph=3 il=7 nrows=8 set=92d50a4dcd0154a7 rows=[60126f21e0e00e4d eb4c7305afb51775 55a80fdef4d3629a 27c228d851bc53b4 992f84a07b6616bb 0b54d32db15f861d 11f5bebc0ba453a0 b5dee77dde7e6e4d]
CGC-S1: OUT phase=dec graph=3 il=8 ne=[2048 8 1] fnv1a64=ac59ed63d7aa2559 vals=[0.0508369 0.017134 -0.0635324 -0.0279316 -0.0436824 0.0262225 -0.0134957 0.0246447]
CGC-S1: OUTSET phase=dec graph=3 il=8 nrows=8 set=c77693a0b196b9ef rows=[49ffb2eb8dd0694b 465f31def4adaade 9e0471647e1dd3de fdad237711e292d6 bd932e8c58ab631c c9c777a04485c36e 6f15a0140472b60d 0c9ea20ce4a87bcc]
CGC-S1: OUT phase=dec graph=3 il=9 ne=[2048 8 1] fnv1a64=a921b495373e60f0 vals=[-0.031815 0.00723585 0.0440509 0.0175448 -0.0328794 0.00830532 0.0104894 0.0286311]
CGC-S1: OUTSET phase=dec graph=3 il=9 nrows=8 set=c8b594f81ece101b rows=[ed45308e3c7b4c33 df930791d2712f1d 5c85ac32b711eae2 86a1c387d174b8bc 386a0e95d07d36d6 17b23a1235c315bb 0fca13265f6179ac fb67e6c8188bbfc2]
CGC-S1: OUT phase=dec graph=3 il=10 ne=[2048 8 1] fnv1a64=ef8846f0783085eb vals=[0.0278233 0.00261435 0.00413677 0.0337656 -0.0136081 -0.003848 0.0124343 0.0165559]
CGC-S1: OUTSET phase=dec graph=3 il=10 nrows=8 set=9d64d4ec4153212f rows=[e8980376e2e5be63 2ca4c3132b24fd71 312ac79a86cc0ff9 2c24519adc919504 5912a5dcf1c8b00f 018ca1a82f0845f3 d223899f00661780 6b1415799183be97]
CGC-S1: OUT phase=dec graph=3 il=11 ne=[2048 8 1] fnv1a64=def43f676e466e2a vals=[0.0256934 0.0492587 -0.0383849 -0.0369098 0.00151858 0.0951276 -0.0228234 0.0123711]
CGC-S1: OUTSET phase=dec graph=3 il=11 nrows=8 set=5dc5d9a2a3a079a3 rows=[adde09d609a5ed4c 33583a1bb1f7d431 012f7ea88eb3e652 13bc3541140af74a 469a786a0fc2269e 5b40e77eebc98f4a 231f98d35889364f 4cd496c3050cd343]
CGC-S1: OUT phase=dec graph=3 il=12 ne=[2048 8 1] fnv1a64=83bd9b256535d176 vals=[-0.027101 -0.0177031 -0.0214026 -0.0104715 0.0145141 0.00497703 0.0287247 0.016385]
CGC-S1: OUTSET phase=dec graph=3 il=12 nrows=8 set=3dbacf9fd70efb9d rows=[811e53e7faf6f2ce 7f9a97188ca9fd15 205edd31f015b128 2d25e258c38503a4 626e6504e472c750 2985a86b4e204aad 8c9b6f404a0cec75 3a402556b04acfa2]
CGC-S1: OUT phase=dec graph=3 il=13 ne=[2048 8 1] fnv1a64=2d5318164059d384 vals=[0.0249875 -0.0331713 0.0197686 0.0293453 0.00477458 0.0111139 -0.0212094 -0.0263276]
CGC-S1: OUTSET phase=dec graph=3 il=13 nrows=8 set=7ef6e284621c4a15 rows=[090654a7d270c818 0c73aff07323939e 13b41fbb65304a94 f908f9c36f07ce26 657d36b741d5a90a 6a96dff6db7386c7 6fe338bcd2258791 39db119cc1f0d47f]
CGC-S1: OUT phase=dec graph=3 il=14 ne=[2048 8 1] fnv1a64=cb40d2c875bb92c5 vals=[-0.0274037 -0.00174552 0.0123846 -0.0475626 -0.0502812 0.0464704 0.00335689 0.00441404]
CGC-S1: OUTSET phase=dec graph=3 il=14 nrows=8 set=e8f64926d509b789 rows=[ca42308bb8179904 10907c66377fa228 365a4ede8d3bb754 d865dd7fea37d51c e0b12d1235fa31ae 826ac98ab12904eb 2154fbef9bed8cfe 9a53b9a03a30a9c9]
CGC-S1: OUT phase=dec graph=3 il=15 ne=[2048 8 1] fnv1a64=bfa15fe5a7bc491d vals=[-0.0554156 0.020482 4.46197e-05 0.0235361 -0.00375555 -0.0516733 0.0077457 -0.0208051]
CGC-S1: OUTSET phase=dec graph=3 il=15 nrows=8 set=5344aae7b8bca1a4 rows=[3b0952f86513e8cb dcaffefb90e0170f a26f864308a45ee6 3117c86a3be00971 ed6bb163b570db35 b9e1fb7bd716dedb c1dfb42d8fc719ea 4e0d19c6ecb041b1]
CGC-S1: OUT phase=dec graph=3 il=16 ne=[2048 8 1] fnv1a64=58794ad8a133fae0 vals=[0.156016 -0.0421984 0.0232779 0.00638362 0.0313276 -0.0211903 -0.0893805 0.0155776]
CGC-S1: OUTSET phase=dec graph=3 il=16 nrows=8 set=82e252f0708a0e26 rows=[fdd3abcbb6d5c3c8 90901719f74b389c 2cbea08a1a4873d7 06ea631f339aedc0 c187d761d199792f b7479a29104c4eab 77d3d404f318222d 19d3d0a42ad282dd]
CGC-S1: OUT phase=dec graph=3 il=17 ne=[2048 8 1] fnv1a64=c684307ea402ea15 vals=[0.0026258 -0.010013 0.0819865 -0.0276344 -0.0371248 0.0574291 -0.0221973 0.01771]
CGC-S1: OUTSET phase=dec graph=3 il=17 nrows=8 set=17b5ed3c7b49094d rows=[ff1759eebd107a2b b528e6636a24eb26 d9830580e160df27 7cccef842cd7bb13 5e24f1401ecfccda a80231c4879fa977 b9b3ab3f999cbb87 577bd548af6528fd]
CGC-S1: OUT phase=dec graph=3 il=18 ne=[2048 8 1] fnv1a64=056a449738378b3d vals=[0.0405583 -0.0375021 0.0197986 -0.0363017 -0.0691496 0.0142426 0.0408623 0.0409188]
CGC-S1: OUTSET phase=dec graph=3 il=18 nrows=8 set=bf22a31c598a67a2 rows=[da9f11517e13315b bdc9ef877f7bd532 a29844b60cd2046a 5d3c40e36648ab66 fbf1c2258e71f24a feabdfba9b8d6e79 46ca9ab5a0434e0f a69f717bfaeb067f]
CGC-S1: OUT phase=dec graph=3 il=19 ne=[2048 8 1] fnv1a64=a7de705d9634af32 vals=[0.0900278 -0.141018 -0.0120537 -0.0678899 -0.0407079 0.234173 -0.0372822 0.0345168]
CGC-S1: OUTSET phase=dec graph=3 il=19 nrows=8 set=f1e686f82f42e05e rows=[e5cc47102a18bc2a bc23d861ec9e9f72 255306f378f3e87d 9c67502a15141a6d fb01f33bac754b9e c40ed03ab49c1490 f5c5f20d99bce953 5a9c048a690f2814]
CGC-S1: OUT phase=dec graph=3 il=20 ne=[2048 8 1] fnv1a64=3b927e8afff76af0 vals=[0.00809467 -0.0251993 -0.0600565 0.00754958 -0.056546 -0.0668598 -0.023201 -0.0317106]
CGC-S1: OUTSET phase=dec graph=3 il=20 nrows=8 set=d83142a2dda5391d rows=[a1158cd893d7214a bdc76bc1e70fbb18 38183c71657a8081 267597b9184e8cce 7e56a1fea6bca715 102e2451f3449e9a e5026648e1d96f48 a1e694fa0f890781]
CGC-S1: OUT phase=dec graph=3 il=21 ne=[2048 8 1] fnv1a64=649d5c192969adfc vals=[-0.0487325 -0.0484013 0.0154409 -0.00793593 0.0529336 0.0584258 0.0753921 -0.0124482]
CGC-S1: OUTSET phase=dec graph=3 il=21 nrows=8 set=1fd67d0c1d82adc1 rows=[61c26d75044b1a95 11d618155fc756e9 a96848390df6972a c79abe9b6a63f3ae 7a9fcee553d10e60 6cef406cbbf2adf3 c4ade79004b47112 dee14593871bfee6]
CGC-S1: OUT phase=dec graph=3 il=22 ne=[2048 8 1] fnv1a64=3c9c9e3b6d3a0bb9 vals=[-0.0248042 -0.0218018 -0.00482483 -0.0181744 -0.0660863 -0.0205186 0.0695084 0.0106611]
CGC-S1: OUTSET phase=dec graph=3 il=22 nrows=8 set=310af5405a9927ff rows=[e4c78508daf307db 6c2448345a8851e7 5eeba36b5ee2363d ad0f6eb57de75e9c a4dee4b6dcd38930 f74d37950e02e81a d62188e047a0ab9e cdea324096de7557]
CGC-S1: OUT phase=dec graph=3 il=23 ne=[2048 8 1] fnv1a64=7431fa04c2e6e5f4 vals=[-0.0296972 0.0462527 0.0236404 0.000523057 -0.0298013 0.0567355 0.0391584 0.0294593]
CGC-S1: OUTSET phase=dec graph=3 il=23 nrows=8 set=ace49f85c5884bec rows=[df82c8c85b3c37b1 b9dab319d4aea202 daf79a68717804a6 71690d9a38b024bd 5e89b6df8f867411 a0eb264dbc660f74 a5de8942dfe1a648 60f49eebd7351442]
CGC-S1: OUT phase=dec graph=3 il=24 ne=[2048 8 1] fnv1a64=04fa35a10e55e54e vals=[-0.0277142 0.00430105 0.0319508 -0.00141872 -0.0135542 -0.00368394 0.0182839 0.0546633]
CGC-S1: OUTSET phase=dec graph=3 il=24 nrows=8 set=5ab008b426b2b8f6 rows=[1928b6bd97b62cb8 772cf1e16ae40bba 6b1a253654f555e3 d38f6c46481687db 551cc9e13aea3bfd 84f513fc260cacb0 3521e256c0350f75 7d4d086c43b6277f]
CGC-S1: OUT phase=dec graph=3 il=25 ne=[2048 8 1] fnv1a64=3c8e80726b7448ec vals=[-0.00449672 -0.0196451 -0.0105097 0.00598636 -0.00450987 -0.0251984 0.0450072 -0.0344067]
CGC-S1: OUTSET phase=dec graph=3 il=25 nrows=8 set=4a1dcc4df6ebbc39 rows=[e961b4ce3fe8dd7d 13b6705a8ef22dfd 90e00650f080850f 6215e47d7800f025 4d16ae5238f18fa1 7ce90fc427d4d703 a025bd6b3af5531e c46806360ad925c9]
CGC-S1: OUT phase=dec graph=3 il=26 ne=[2048 8 1] fnv1a64=cad9b8b254b98d29 vals=[-0.0380828 -0.00230935 0.0522764 -0.0199474 -0.0105116 0.0143877 -0.0414675 0.0286259]
CGC-S1: OUTSET phase=dec graph=3 il=26 nrows=8 set=f0cc345b91b3e1c5 rows=[1c1685a2196bf220 d1f6086b6008a592 7d6f49ee7b6b5ef0 914b591ce506b091 8dc56baa614f781f 2333fee750df95da a9d4a13b37737f47 42c95b1d8429350f]
CGC-S1: OUT phase=dec graph=3 il=27 ne=[2048 8 1] fnv1a64=24e31a5206f13dc2 vals=[-0.0172303 0.14366 -0.0228973 0.143963 0.0578448 -0.0796495 -0.0692157 0.0584203]
CGC-S1: OUTSET phase=dec graph=3 il=27 nrows=8 set=8898ebfc00900eeb rows=[be4d83bb23d684cd bdb678e5fcbfb231 9b56991fc8b589a6 5a8d40f5f6c64997 cbe70c99aa7d84e7 4c7e2702f37dea5d d8212bb5090b3f9b 1a02349980524ea9]
CGC-S1: OUT phase=dec graph=3 il=28 ne=[2048 8 1] fnv1a64=8d74e67db1df059c vals=[-0.0309613 -0.0207851 0.0742674 -0.0117786 -0.0236794 0.0427762 -0.0427363 0.0375427]
CGC-S1: OUTSET phase=dec graph=3 il=28 nrows=8 set=74fd3fcf03c0be22 rows=[89e9bc60e28a3eec 2aaf49dc22092d3f 30a6af510d06d2ed 1f9be5abe3fff7db d7a004b68abc2c7a 892482d7d0eb7621 908829b7492e8191 1f7d336959b42578]
CGC-S1: OUT phase=dec graph=3 il=29 ne=[2048 8 1] fnv1a64=57de2c23357dbc52 vals=[-0.0790327 0.00043661 0.0366356 -0.00212919 0.0174793 -0.00835736 -0.069999 0.0659628]
CGC-S1: OUTSET phase=dec graph=3 il=29 nrows=8 set=219bc75a5ba7fe16 rows=[735fdd579daea0d5 4b3278ee639f3aa5 eee37589762c53cc b6b02e67f32834f6 fdcbd8536c37b88d 866f27961c81c960 7e1c028b3826595d ad945a8a2e194e27]
CGC-S1: OUT phase=dec graph=3 il=30 ne=[2048 8 1] fnv1a64=742015bed1332b19 vals=[-0.00263033 -0.0117187 0.017767 -0.0826811 0.0326347 0.011574 0.0238368 -0.0900489]
CGC-S1: OUTSET phase=dec graph=3 il=30 nrows=8 set=544f8501407b93d4 rows=[fa58202d1131ae8f 2144bfa2fdfbc0be 0177fd7449dd5593 3764aac8c7e2a3d6 52dbe67e520e2fd9 b1f8a2a993e8c9b8 eeeed88c5778f4af 06a516c4905fec08]
CGC-S1: OUT phase=dec graph=3 il=31 ne=[2048 8 1] fnv1a64=8762eb96ba15103a vals=[0.0243862 -0.0390742 -0.0185837 0.0719265 0.0962829 0.0255116 -0.0321238 -0.0136157]
CGC-S1: OUTSET phase=dec graph=3 il=31 nrows=8 set=b8c025df851737e4 rows=[0ac6db3d06401f73 7608438ec40850db 243cb9b3f126f945 83146273da835c77 2b41a8e90403100c d71afe7bf861c242 d1f87c14cca68a3d d55544bf7015a150]
CGC-S1: OUT phase=dec graph=3 il=32 ne=[2048 8 1] fnv1a64=2616aab61736b76d vals=[0.0214223 -0.0214692 -0.0396702 -0.0480997 0.206652 0.0356912 -0.0369558 -0.0866913]
CGC-S1: OUTSET phase=dec graph=3 il=32 nrows=8 set=a7d8e66e2340f289 rows=[76f071f31481fb90 561222ad48fd9070 02bfd31efe6d2a30 d1f9239ac34f1208 d73a00db7b32318e 144766c8de5e12eb e732aa5fa4ba0301 6cd9e51715dad05e]
CGC-S1: OUT phase=dec graph=3 il=33 ne=[2048 8 1] fnv1a64=5d80e6df17706dcc vals=[0.124394 -0.131447 0.198496 0.0587596 -0.0189901 0.179219 -0.058805 -0.143191]
CGC-S1: OUTSET phase=dec graph=3 il=33 nrows=8 set=ccb215d9d57bade1 rows=[52d56ef585855898 5cb38c9d1dcd130b 14b2caa519fbaf77 e570effa68ecba7a 86a32524393e8bc2 5672640675e3aeb6 b81bf797316cb924 553e51f3e868ea41]
CGC-S1: OUT phase=dec graph=3 il=34 ne=[2048 8 1] fnv1a64=201618dfc6f0ecf0 vals=[-0.118797 0.0726508 0.119463 0.0344947 0.0223537 -0.0487648 0.0591968 -0.0652793]
CGC-S1: OUTSET phase=dec graph=3 il=34 nrows=8 set=ddb2129e35c516ef rows=[aa7d6d998d171527 de639bc3adbc7982 cb6bc32054fa73c6 a4db7a749ebbdbd1 4bb68a9a02363896 adde009509010528 0baf37bc2915edf9 5f39119d9e8d52b6]
CGC-S1: OUT phase=dec graph=3 il=35 ne=[2048 8 1] fnv1a64=57468848732e33ef vals=[0.0574129 -0.127311 0.188244 0.262248 -0.154419 -0.435097 -0.0995901 0.23493]
CGC-S1: OUTSET phase=dec graph=3 il=35 nrows=8 set=f167b84bc04b8c67 rows=[588d8eb9bbca0949 71adb70fa8496117 23c3fb1244be8caa 8f9b80c22a6a3bdf b57b6ad64cad7e13 ae049ac7820575c4 266693b16c9626bc 33c1f50d12a333e4]
CGC-S1: OUT phase=dec graph=3 il=36 ne=[2048 8 1] fnv1a64=a7f009823197a2ce vals=[0.101366 -0.0667447 0.323872 -0.20364 -0.187301 -0.089239 -0.0794378 -0.128029]
CGC-S1: OUTSET phase=dec graph=3 il=36 nrows=8 set=518112a757802794 rows=[75cfc6877eb2291a d9b9efc98c66efdd 8d980968141c364a 0a11eb7ac7f53254 a7e13142f491abd0 d26f22cc8b25810f 9743deee0244e646 e750d11763723811]
CGC-S1: OUT phase=dec graph=3 il=37 ne=[2048 8 1] fnv1a64=10c6509eea316e4e vals=[-0.0530696 0.0147546 0.0154399 -0.000860149 -0.156765 0.00501647 -0.113364 -0.0153904]
CGC-S1: OUTSET phase=dec graph=3 il=37 nrows=8 set=6afb8dffcd3fadec rows=[1061e4013c3b848a 76a2036672202c35 12fa0f011bc3d6c3 93ec36a3674b408a 4b1e376f1c8bdf96 ea7213a5edd60dfc 89dec2b1991a05f6 d65cf9c678c0c8c3]
CGC-S1: OUT phase=dec graph=3 il=38 ne=[2048 8 1] fnv1a64=6b92dbbb4c053efc vals=[-0.00643204 -0.0672263 0.237662 0.356265 -0.0276947 -0.193712 -0.183163 -0.10384]
CGC-S1: OUTSET phase=dec graph=3 il=38 nrows=8 set=b2bcbdfae8e4afe6 rows=[2fc448456840edb3 8a8cf8ebe700f320 ea1fc01c28348457 2e3d9821892729a2 f95d86a69668bcbe 283a411a562bb998 e8c81f249a79788c 692e767cdd61c273]
CGC-S1: OUT phase=dec graph=3 il=39 ne=[2048 8 1] fnv1a64=4bf0ffff3a83d743 vals=[-0.310047 0.0443033 -0.0690225 0.16473 0.0394821 0.116897 0.0186303 0.478122]
CGC-S1: OUTSET phase=dec graph=3 il=39 nrows=8 set=003b4e05de87f46b rows=[f6503a38090ae700 21a3466e6e157528 56bfe3473f513b5a f35c65503d80bb5d 9ca2ff310c8ade0b 415f273103ba8eac e834f07ae74d1849 cce9477d5643e5bd]
CGC-S1: OUT phase=dec graph=4 il=0 ne=[2048 8 1] fnv1a64=20ca043a05f82c08 vals=[0.00529809 -0.0155822 -0.0126504 0.00524108 0.0103051 -0.00286124 -0.0215472 0.00254015]
CGC-S1: OUTSET phase=dec graph=4 il=0 nrows=8 set=2fd4557b93d0c05d rows=[c5249ddf098a8118 ea7307a750da7aa3 325e7b01546454b2 a3db1f86f0f75257 746a9ba547bc5d12 64305de3a5c7e27e 2c6f2352c45cb162 9a17ae1eab82e4df]
CGC-S1: OUT phase=dec graph=4 il=1 ne=[2048 8 1] fnv1a64=7e62e5921982e326 vals=[0.00683363 2.5684e-05 -0.00649026 0.0137207 0.0094159 0.00875628 0.00415756 -0.00680459]
CGC-S1: OUTSET phase=dec graph=4 il=1 nrows=8 set=79159e3c9cce9ce3 rows=[13b4fe71a355711f d768cdb675f356ac 378d90fad67c4df8 3843be387620a2f6 e8f46a1cb5998815 8732ce98b2d31b84 f9c52637e054453c 351788f4fc8c4709]
CGC-S1: OUT phase=dec graph=4 il=2 ne=[2048 8 1] fnv1a64=bbac40fcc8220b9b vals=[-0.00913938 -0.00241741 0.0111012 0.0154692 0.0178264 -0.00217044 -0.00146631 0.0121314]
CGC-S1: OUTSET phase=dec graph=4 il=2 nrows=8 set=fe69557f3e94a030 rows=[6d011d8853ae600e 12a81d626a740489 08b2ab28b8791e1f cffa64c2504a4c75 c29325f600cf3f6f 8b591260686b7012 cf7c0de5c840aa5e fc37e7a7b8c80cea]
CGC-S1: OUT phase=dec graph=4 il=3 ne=[2048 8 1] fnv1a64=135acec87be117b9 vals=[0.0260613 -0.0175484 -0.00681427 0.0073857 -0.0143485 -0.00564257 -0.0104847 -0.00821717]
CGC-S1: OUTSET phase=dec graph=4 il=3 nrows=8 set=6fdb1af9a5df6efe rows=[1f4dc0b8b07ab286 0a3be989f4dc9e0e 0b84377768d8046f cc55201b53129b75 c94d3fcc661ce8ce 56cd2b268fa72755 c5a23d7cbfdabd02 c9fd7b17e568c2d1]
CGC-S1: OUT phase=dec graph=4 il=4 ne=[2048 8 1] fnv1a64=dbc29def7cc67984 vals=[-0.0014385 -0.0100535 -0.00323985 0.0119053 -0.00216421 -0.0197735 -0.0314467 -0.0127633]
CGC-S1: OUTSET phase=dec graph=4 il=4 nrows=8 set=6ec5bd051f7ca46c rows=[5d4ca45eafdc9fef fdffe2e589257312 bffda561380863c4 53dd783cf8115703 54af80ba94424ec5 74cb949ddc11406a d869f8474301c1ea b4388f508c4a02d0]
CGC-S1: OUT phase=dec graph=4 il=5 ne=[2048 8 1] fnv1a64=d49b4e0cda852e4c vals=[0.0189939 -0.0359396 -0.0282649 0.0366245 0.00465221 0.027308 -0.020052 0.00354237]
CGC-S1: OUTSET phase=dec graph=4 il=5 nrows=8 set=c754899a16b0fd95 rows=[a67dfbc420612ea8 b6ccb41f278dbf9c f91f1cc4d4ce23bf 740016289ff53b78 38a8b3cc11ac312a c333f27459388b95 5d267a645bbfeb91 8a4a51a93af380c6]
CGC-S1: OUT phase=dec graph=4 il=6 ne=[2048 8 1] fnv1a64=2c3842b5f9c67126 vals=[-0.00876392 -0.0291527 0.0257611 0.0212732 -0.0194623 -0.00433492 -0.0072784 -0.0208999]
CGC-S1: OUTSET phase=dec graph=4 il=6 nrows=8 set=79d9b9617008862a rows=[0228aea670189e9c be32626339687fb2 28147a7d11cee9ba bf23f12c295d8f9b 998b63f54b0260ad 5b1f5b2c03b81c2d 01ccf26cadaf1a21 5f075ba27fa39f1f]
CGC-S1: OUT phase=dec graph=4 il=7 ne=[2048 8 1] fnv1a64=718b20d6625667fe vals=[0.0244449 0.0442176 -0.00819559 -0.0256164 0.0423145 -0.0151483 0.00117298 -0.00106494]
CGC-S1: OUTSET phase=dec graph=4 il=7 nrows=8 set=5556b60cf2a9246d rows=[c1ea72f7f672b484 44b183b4e514f10d 9f0cce09903c1218 d2116e97e7d192a4 60f50fce8d94071d 60cc97e0cb9af290 730630732264cb2e 4f2a6f06073fceaf]
CGC-S1: OUT phase=dec graph=4 il=8 ne=[2048 8 1] fnv1a64=7ac83e825320fe7c vals=[0.0186891 0.0347527 0.0506224 -0.0247052 0.00847547 0.019214 -0.0540315 0.0165672]
CGC-S1: OUTSET phase=dec graph=4 il=8 nrows=8 set=cba00ea99e3b8bd3 rows=[d145285228169f62 9139cdfbde5e46e0 4588f6577b64f6a7 a893d5d3622fadb6 3f2a0dbb5831b5d5 ea933619fcd38cec ced80194661409b8 f329ed481d28f87d]
CGC-S1: OUT phase=dec graph=4 il=9 ne=[2048 8 1] fnv1a64=17bf1632383f6ac3 vals=[-0.00774287 0.0510084 0.0244113 0.00804315 -0.0133836 -0.00358682 0.0334055 0.0379467]
CGC-S1: OUTSET phase=dec graph=4 il=9 nrows=8 set=cb6ff64dba85b6fd rows=[ec5cf841f3279f13 47407833bbab1b68 7b1c10e61090d54f ffffeaec14eccbc6 7776f57b020ca6e5 7c33d74b5852640c 148c26b8f1c2248f d31a6227dade4b1c]
CGC-S1: OUT phase=dec graph=4 il=10 ne=[2048 8 1] fnv1a64=38e547b05fc43d26 vals=[0.0598187 -0.0367757 -0.0487993 0.0450612 0.0140016 -0.0337071 0.0648915 0.0249794]
CGC-S1: OUTSET phase=dec graph=4 il=10 nrows=8 set=8e11cf42fe7bb04f rows=[00f241193716a764 3396207009fe4529 52f4f40eb84610d0 6102f9b9fa6b8446 98f1a31d39e340f5 9767097d5464e415 a09cf4e83e01edec 0afeb40f9eb47ee6]
CGC-S1: OUT phase=dec graph=4 il=11 ne=[2048 8 1] fnv1a64=dda57f38fbfd467f vals=[-0.0685767 0.00582224 -0.00559462 0.013104 0.016661 0.0125219 -0.0235864 0.0678138]
CGC-S1: OUTSET phase=dec graph=4 il=11 nrows=8 set=2546db566acceb1b rows=[1777e9cbd5040300 d07ad2fed31f1895 a94a6971acd8c7ac e051b9f824480f61 ec9f3231eaeb1e0e e5029a6f1dcd0a83 9ed49d9747472efb e63c1d8c5a919a82]
CGC-S1: OUT phase=dec graph=4 il=12 ne=[2048 8 1] fnv1a64=abdc1058bb0ca3b5 vals=[-0.0137149 0.0110569 0.0544323 -0.0421925 0.00107106 0.0346054 -0.0297246 0.0516972]
CGC-S1: OUTSET phase=dec graph=4 il=12 nrows=8 set=9825aba642a5729c rows=[a87ff889cca29c36 0b0697e7ca30da72 916042dc19cf8641 61c545b5fffde839 9ccf2769316a81f8 2ea5bbc1ff0288cc c4e2d1369500efcb f921282448217025]
CGC-S1: OUT phase=dec graph=4 il=13 ne=[2048 8 1] fnv1a64=44b712e2d7917b33 vals=[0.00735559 0.0559508 0.00873627 -0.00842443 0.0371824 0.0155975 -0.00530933 -0.0443902]
CGC-S1: OUTSET phase=dec graph=4 il=13 nrows=8 set=8ef3b391ef614407 rows=[4fcabe39343615c6 5c306b0073cf4c45 eb5d676cb538a9be 89665b2978e268d2 e0d0ba98f6fe919e 082dae83a149e5ac 2350ea20031499bf 8c326510331b429a]
CGC-S1: OUT phase=dec graph=4 il=14 ne=[2048 8 1] fnv1a64=ead93f8ea40f36bd vals=[0.0498932 -0.000683847 -0.0121977 0.0344997 -0.0425257 -0.0104154 0.0147856 0.0272195]
CGC-S1: OUTSET phase=dec graph=4 il=14 nrows=8 set=ee65f080f1178279 rows=[9d99ea2eec4137dc 1ea4911eb22a7527 8aa06dc04cce334a 6a9452a4a5444a42 ec59c9d254586ab5 4532fcc29f452a9e d76f7eb7f55ab87e 63688e08cd9cf488]
CGC-S1: OUT phase=dec graph=4 il=15 ne=[2048 8 1] fnv1a64=36aeec4a461a2c23 vals=[-0.0127194 -0.0130379 0.0193932 -0.0411834 -0.0127554 -0.0113793 0.0373332 -0.0065518]
CGC-S1: OUTSET phase=dec graph=4 il=15 nrows=8 set=ef6d491b6d577dfa rows=[2d78e8333d1050a8 f519aa1f1bc0a385 c5e7d387805376a2 6c5721d8bd6eee59 1075b8b770ef18d3 872a8cd181835627 381f2ced39729c26 38632f86dd0232f4]
CGC-S1: OUT phase=dec graph=4 il=16 ne=[2048 8 1] fnv1a64=9326f2d4a3674efe vals=[-0.0264747 -0.0463904 -0.00775313 0.0420305 0.014107 0.0226435 -0.0382454 -0.0532574]
CGC-S1: OUTSET phase=dec graph=4 il=16 nrows=8 set=413374f35b306c9a rows=[86a4b22f5c573e0e ff910ca5d28d564e c42511489b429829 4023a56fea6024cd 2ee938d002971b8a 6880747e5267cf48 3c687be7f30a98f7 a9ec92d1d21030e0]
CGC-S1: OUT phase=dec graph=4 il=17 ne=[2048 8 1] fnv1a64=c737f41f66db4b21 vals=[0.0172961 0.00225299 -0.0117817 -0.0128767 -0.0418075 0.0498278 0.0228817 -0.0261612]
CGC-S1: OUTSET phase=dec graph=4 il=17 nrows=8 set=20ff68627e6a02d9 rows=[83176b55becbdc0a 13226fa700b7193c 47758d191763897e eba6a0b757e62712 2585e22d465e5c68 06b683201d6532bd 28fb1c4db4d758a9 3d1e14940db721f0]
CGC-S1: OUT phase=dec graph=4 il=18 ne=[2048 8 1] fnv1a64=172032c22e0a7486 vals=[0.006454 -0.0352972 -0.00292147 0.0267087 -0.0575856 -0.0133638 0.0222083 0.00120158]
CGC-S1: OUTSET phase=dec graph=4 il=18 nrows=8 set=eade0f02d5ecb208 rows=[721ee52b7e071229 108a0cb72ae20854 4e34c9e4c04b88d7 4ed5d2887d5c1ac4 fc76a8d589005385 b3a5190eb2b466b7 6af92be5e8d34acf 5a72a40f13348676]
CGC-S1: OUT phase=dec graph=4 il=19 ne=[2048 8 1] fnv1a64=bdc49bd41a97cb5c vals=[-0.0295827 0.0210014 -0.00396396 -0.00860222 0.0473987 0.000105483 -0.0615021 -0.0256457]
CGC-S1: OUTSET phase=dec graph=4 il=19 nrows=8 set=a66b4e2744274f77 rows=[b881aa67d3fddb46 a344317cf384d61c 86dc416224736e54 2f861d8452bafccd d0ab24998cc050ae 98f4c45251b19374 052dafa4604450d9 47f91c6100ef491b]
CGC-S1: OUT phase=dec graph=4 il=20 ne=[2048 8 1] fnv1a64=1579648bc63416ed vals=[-0.00619951 0.083607 -0.0639579 0.0198235 -0.0385739 -0.0175104 -0.0181399 0.0287213]
CGC-S1: OUTSET phase=dec graph=4 il=20 nrows=8 set=e1e47d28d538b125 rows=[71741ec523ed060e 62d84434a77a59e1 7ef86b52ef650c0c ee72f104a2fd4f30 13ac6411c53175b1 18ad31043530941c 198717c95fc7f9e5 67cc796475700c11]
CGC-S1: OUT phase=dec graph=4 il=21 ne=[2048 8 1] fnv1a64=8b80caa835b21e04 vals=[-3.24696e-05 -0.0226242 -0.0346826 -0.0628148 0.0145893 -0.0416125 0.0554452 -0.0394048]
CGC-S1: OUTSET phase=dec graph=4 il=21 nrows=8 set=9c4251c96f64b750 rows=[b926454d3ed7b110 ca56b5f41bcd8956 c89e762a6e83ca2a 40d712c553d3cb70 65a9c8f7f63098c0 a5c7bf5e38aab543 3f15e2b6fb6ce1db c65b1840937e8a3b]
CGC-S1: OUT phase=dec graph=4 il=22 ne=[2048 8 1] fnv1a64=4c4004af4334763a vals=[-0.0937499 0.0422222 -0.0305662 -0.0110013 0.151262 -0.0699367 0.0154722 -0.0792199]
CGC-S1: OUTSET phase=dec graph=4 il=22 nrows=8 set=7856e9f9eb798e43 rows=[908daea08c203bc6 2a3b730f0f47831b 8f94309d25fcad81 98a5923b771fa74f 710575e02ca171d3 d247a34f1f4a998a 71bcdbf49a7cf846 e5a0e2560a7b8af1]
CGC-S1: OUT phase=dec graph=4 il=23 ne=[2048 8 1] fnv1a64=5369e7fff71f105e vals=[-0.0204316 -0.0239443 0.0211479 0.00624028 0.023303 0.0534067 -0.0623587 0.00925355]
CGC-S1: OUTSET phase=dec graph=4 il=23 nrows=8 set=5a5be2f417cf1320 rows=[2f1a0a0ca6757af6 4228c7a8fd75ef9d 2a78f5ef8c2f46c7 bf9754d626435fcd a4d07759089e7647 b0596fea18a99fc0 b134d00a15c92ed7 308a08a7316e0aa0]
CGC-S1: OUT phase=dec graph=4 il=24 ne=[2048 8 1] fnv1a64=9ad1baa562da9287 vals=[0.0429906 -0.00591079 0.064297 -0.0637973 0.0311803 0.0373072 0.0196211 -0.0319926]
CGC-S1: OUTSET phase=dec graph=4 il=24 nrows=8 set=5bfe7a7c546fde66 rows=[2aad59ed28e9c591 9536e65d4ba14770 6ee5030f427eea90 dff5584903209dfb db71232d3856dee8 94102def1d92617c ecd3e4125e39d5d7 1ce64bc656c6050d]
CGC-S1: OUT phase=dec graph=4 il=25 ne=[2048 8 1] fnv1a64=f0b23a59d00068e5 vals=[-0.0083256 -0.0207791 0.0775473 -0.0032322 -0.0236116 0.016562 0.0450677 -0.00735535]
CGC-S1: OUTSET phase=dec graph=4 il=25 nrows=8 set=b7c4a5440cb08898 rows=[230e9de262d1bf18 457424d398a05d3b 0772c17fb950e594 7dc2fa974c030236 de5a522cb7cc2074 72203e11caa9b50b 522cd0941a24287e 5f1acdd21b92a1ee]
CGC-S1: OUT phase=dec graph=4 il=26 ne=[2048 8 1] fnv1a64=50726f1198e7d98f vals=[-0.0434618 0.0613093 0.00236902 0.0338247 -0.0354839 0.0284911 -0.0083231 0.0716435]
CGC-S1: OUTSET phase=dec graph=4 il=26 nrows=8 set=269487fe31069f06 rows=[1f27eb96b21d0089 95416ef443f6d4e4 ee36217aba6f29f9 e41f7cf7a31e1b6c fb6454f7a816e72d abb3dbdce54ce887 0fb95d89f6997320 21858b31bc85b5be]
CGC-S1: OUT phase=dec graph=4 il=27 ne=[2048 8 1] fnv1a64=ecc89c3f3305cd84 vals=[0.00533645 -0.00167015 0.01426 0.00744907 0.0331919 0.0255921 0.00847008 0.0190626]
CGC-S1: OUTSET phase=dec graph=4 il=27 nrows=8 set=f51cb3b1778895b7 rows=[2dd739d929956e84 c52c87b053639fe9 29ea4fa87ae9eff7 a3908957c961cbf2 c710812725fc4e6c d9b413e3ce6d5e1c 791257d13f6e29c0 c72e424ea5963543]
CGC-S1: OUT phase=dec graph=4 il=28 ne=[2048 8 1] fnv1a64=b046fde34ba41bea vals=[0.0263177 0.0764616 -0.105385 -0.0372562 0.0950484 -0.0141261 0.105742 0.100857]
CGC-S1: OUTSET phase=dec graph=4 il=28 nrows=8 set=0c8dd425aff1eac8 rows=[fba58962dd98de2a 1f4f611c4552d6cd ee724da1cffb2c1c a88200fd419600ef 1d24ab7806674112 e96f563c6b3e4d37 16facde487483849 32f273c393645f59]
CGC-S1: OUT phase=dec graph=4 il=29 ne=[2048 8 1] fnv1a64=98024006d545f7c4 vals=[0.0346201 -0.0301255 -0.0596101 0.0207263 0.00222874 0.0524408 0.0330233 0.00183691]
CGC-S1: OUTSET phase=dec graph=4 il=29 nrows=8 set=a4bf98e0335ebd1b rows=[9f927428a48afc79 f8b6615d13c50321 97dcebef3914489d e383e495ce9c5eaa 5fa414d264277603 5f6ee54e643d5e8c c1e9928f303a972a a033e30e438de961]
CGC-S1: OUT phase=dec graph=4 il=30 ne=[2048 8 1] fnv1a64=0b9608673cf63727 vals=[-0.0218495 -0.0354088 -0.0144768 -0.0247113 -0.0465796 -0.0109062 0.034906 0.0547427]
CGC-S1: OUTSET phase=dec graph=4 il=30 nrows=8 set=a0e55e4dab6e4dca rows=[81e96e65210be326 3fbbdc40d5d82132 01e844dc18cd5a89 22e5d966196c851f 34185543d33212f3 df6cc417c48f28f9 7b1d616c90fba5f4 fe70bf379423b3e8]
CGC-S1: OUT phase=dec graph=4 il=31 ne=[2048 8 1] fnv1a64=59ea98300fc0c856 vals=[0.0411683 0.173556 0.0282614 -0.118605 0.000608405 -0.00178334 -0.132851 -0.0601573]
CGC-S1: OUTSET phase=dec graph=4 il=31 nrows=8 set=645439bf228690ad rows=[e4d648f6219774f2 7095272693ac28ee ff6dba5da4f05828 858b6469dfbd785f 2a499a698749a9fa f888fa14a71375c5 1e3b769159d29713 97eaa22c05c9f532]
CGC-S1: OUT phase=dec graph=4 il=32 ne=[2048 8 1] fnv1a64=d4cff7efc83927d4 vals=[0.0777352 -0.0400368 -0.0587852 -0.0355105 0.0112814 0.0639787 -0.0949974 -0.0592544]
CGC-S1: OUTSET phase=dec graph=4 il=32 nrows=8 set=8e9954005ea75daf rows=[b32e82336ad4d48d 8488d2bfb3180129 dc1d8d2541de460e ebe41e651e4f31be 63038b3988659f14 af14aaf92621b56c 0c6a3143fd2afcdb 128dcec6a0dd5f1c]
CGC-S1: OUT phase=dec graph=4 il=33 ne=[2048 8 1] fnv1a64=b503374aef7870bf vals=[0.146143 0.00097708 -0.00690777 0.0413584 0.071554 -0.0169918 0.0220548 -0.0813669]
CGC-S1: OUTSET phase=dec graph=4 il=33 nrows=8 set=4e5df1eeb402a8ba rows=[754a35c908afed5e 7662afd7d9793511 61678e04df02a870 e9e636454526656b 33268d4730369cfc ac822f2377384af3 618d8666c60e0ba1 7f3087aa2dbd6b86]
CGC-S1: OUT phase=dec graph=4 il=34 ne=[2048 8 1] fnv1a64=71bf7e841ee2c05a vals=[0.0278851 -0.0615593 -0.0605813 -0.0182383 -0.109767 0.0114178 0.0623387 0.102101]
CGC-S1: OUTSET phase=dec graph=4 il=34 nrows=8 set=692c03d301eab490 rows=[2cb8284d5e857f6e f3590e73c00394a6 69c6c7527e86fec4 00cdfa9ac6868d92 5487a1a82fdf33cf a983f95a032c636d 4848485d1e6c2338 9b086e625e03d36d]
CGC-S1: OUT phase=dec graph=4 il=35 ne=[2048 8 1] fnv1a64=2eeae1bb1b37f741 vals=[0.0461662 -0.0146266 -0.156898 -0.0355387 -0.00390688 0.0156208 -0.130651 -0.145567]
CGC-S1: OUTSET phase=dec graph=4 il=35 nrows=8 set=ad56755f8c79a431 rows=[855d9357eb395a9a 783e429cfd51eb46 0af16cb767ec043e 8a57c645ca3d50fb d4f57c96226d73b3 d11828d2ed423e5e 0a9b63f5eea2a74a 78df59d4993df448]
CGC-S1: OUT phase=dec graph=4 il=36 ne=[2048 8 1] fnv1a64=fe05050aca2ebf41 vals=[-0.0381759 -0.100636 0.00226682 -0.122112 -0.0228057 -0.124395 0.0797311 -0.127908]
CGC-S1: OUTSET phase=dec graph=4 il=36 nrows=8 set=2a563040c21d5cf7 rows=[2763b6cb91f4fa00 b21dab8aff3523c0 78f99f65a22fbb5d bfae71f41699ac96 7e25506e689bae8c 7b5ec8ef8dc36a6b 76fe44460a8a6850 9eabd5608f6cb4ea]
CGC-S1: OUT phase=dec graph=4 il=37 ne=[2048 8 1] fnv1a64=fff149197ea37a5f vals=[-0.0191878 -0.0455273 -0.327265 -0.119039 0.0979567 -0.0338082 0.0435927 -0.139229]
CGC-S1: OUTSET phase=dec graph=4 il=37 nrows=8 set=6d9e24f2dde6c188 rows=[8a9c27e27d9a8a6d 445039d8e9c3bd3f 576ddd6eb5e88671 b0557054ffbb90ed 5e69ad7c005d19e6 5ec132e122ee1f16 4d729af238990ed5 b319145d64bf4783]
CGC-S1: OUT phase=dec graph=4 il=38 ne=[2048 8 1] fnv1a64=cff8e00d8c15b29a vals=[0.285618 -0.111196 0.141352 0.128887 0.0890821 0.15643 -0.00960584 0.209584]
CGC-S1: OUTSET phase=dec graph=4 il=38 nrows=8 set=b52ca86e679cc219 rows=[7ff9765117adb750 a03bec48e9b9197a 6f45d9698d10900a b60cce0c5f5a7ee4 dd95b156c42f374a f61bad9dc085b38e e95f4ed91928e865 a0891eb5ac1e77ac]
CGC-S1: OUT phase=dec graph=4 il=39 ne=[2048 8 1] fnv1a64=6fc269ed8543568e vals=[-0.429282 0.0716158 -0.077476 0.132784 -0.170381 -0.0658139 -0.152286 0.318884]
CGC-S1: OUTSET phase=dec graph=4 il=39 nrows=8 set=eb0986cccd650c40 rows=[cd29d3772de47403 6a1374559b6e46f6 f6787424e1ed8ebf 4027f7a9988c7b2c fcdbf3aec87a6885 325aea9d23ec9dcc 60a94ff461a3ecae ad2714813ff19e3c]
CGC-SEG: wait 8012.3 cb 7839.9 submit 281.2 us (1440)
CGC-GPUTIME: step=36 segs=40 bufs=352 skipped=8 wait=161.12 gpu_busy_sum=219.49 (136%) gpu_union=158.32 (98%) gap=71.62 (44%) ms
CGC-S1: OUT phase=dec graph=5 il=0 ne=[2048 8 1] fnv1a64=5d0467cd026fe6eb vals=[-0.000350254 -0.000716248 -0.00549118 0.00704434 -0.00268259 0.00493821 0.00441428 -0.0116191]
CGC-S1: OUTSET phase=dec graph=5 il=0 nrows=8 set=2f10e7a8e56b92b1 rows=[be50ddefd0e50843 f6baf48a638fd82c 96d973fc89d97c09 6cd8f74d1bbc8c71 0709f203378f648e 150d8ff7ff42d81c b6861b214da95169 c23b58000754335c]
CGC-S1: OUT phase=dec graph=5 il=1 ne=[2048 8 1] fnv1a64=30dd9d09b05e660b vals=[-0.0032882 0.00891914 0.0016328 0.00308544 0.00132555 -0.0171094 -0.00369922 -0.0248337]
CGC-S1: OUTSET phase=dec graph=5 il=1 nrows=8 set=b84b8b23c645a6fe rows=[d5560a3aa6e8d1a8 071ea7f4c5dee82f 51f8750c24ad8bf4 5ec3f3d51ad9c137 2cc856b0fbd3df01 d68a6e99d1cb00c8 c2fe32e4ffbf4279 393110863c469bac]
CGC-S1: OUT phase=dec graph=5 il=2 ne=[2048 8 1] fnv1a64=15456d9c68aac637 vals=[0.0120478 -0.0107395 0.00956007 0.00179946 0.0124506 0.00968468 0.0246155 0.000987385]
CGC-S1: OUTSET phase=dec graph=5 il=2 nrows=8 set=7fce8748958346ad rows=[d352f1a3ee2e0fa7 fbc8d7974acd0cb9 1575ce274a725305 be390f557306f2ab 475b04d07371c3a4 a9506adb3206f776 8b8daac4c2050bc9 b3779e670d1533a7]
CGC-S1: OUT phase=dec graph=5 il=3 ne=[2048 8 1] fnv1a64=62db511fe21803db vals=[0.00959405 -0.0301547 -0.00581727 -0.00415268 0.00467248 -0.0119998 -0.0202827 -0.0138386]
CGC-S1: OUTSET phase=dec graph=5 il=3 nrows=8 set=ffaccf2feb09009c rows=[ff74c40ac1b729fe a40eb9dece2f7956 c98c45c08242d85f 66db835016c07ef6 f6bd0bbfa8732ffe 1563c79504dae875 77669cf06c56b8c2 3cdc9989734d085c]
CGC-S1: OUT phase=dec graph=5 il=4 ne=[2048 8 1] fnv1a64=ff541e0df1aae8d4 vals=[0.0178877 0.00576925 -0.0106289 -0.0608049 0.0186707 -0.0200409 -0.0149113 0.0132975]
CGC-S1: OUTSET phase=dec graph=5 il=4 nrows=8 set=83eee61b3b2f8443 rows=[38f8a6c7fd38af60 37267da8299e3346 984de82927f26605 8d8c0a209f71a2f9 84cb3472d3cd0416 a09d4813b09a092f 473ead16c04972f9 ab0d47e2ff62aff9]
CGC-S1: OUT phase=dec graph=5 il=5 ne=[2048 8 1] fnv1a64=5b281a2c3e6a58e5 vals=[-0.0180041 -0.0193195 0.0259032 -0.0157458 0.0209451 -0.0208087 0.00959752 0.0202911]
CGC-S1: OUTSET phase=dec graph=5 il=5 nrows=8 set=add8093c7c2db555 rows=[dea918a1a145bb96 121dd1575270d3f1 86ed4f5e2b7aad22 dc0a525b33717c0f 3c1fd92299469707 bec3fd23707eacfd d070577c48305a7a 4849630f4a145ffc]
CGC-S1: OUT phase=dec graph=5 il=6 ne=[2048 8 1] fnv1a64=fb1714a8d6db63cd vals=[-0.00947889 -0.0207479 0.00501416 0.0293396 0.0247373 -0.00188229 -0.024782 0.0194971]
CGC-S1: OUTSET phase=dec graph=5 il=6 nrows=8 set=c580e154985ccc58 rows=[f459092a39915b6d 70bfa8b68a508bcd 55f00392df48c118 fcfce9348bc1d6cc 91b12a94481dab0f 9af2a845bd0bc3d1 80efa834672b9d1a db643daa3d2240ea]
CGC-S1: OUT phase=dec graph=5 il=7 ne=[2048 8 1] fnv1a64=92b88f63f1f0c300 vals=[-0.0111316 0.0229627 -0.0234195 -0.00430071 0.0276079 0.0170336 -0.038428 0.0240956]
CGC-S1: OUTSET phase=dec graph=5 il=7 nrows=8 set=f94092310e692526 rows=[1fb210bb239dfbca c1ce133443b07727 bcbfb2c692aeb914 d15fd24bc31c403e 0aa86668941bfcb5 5d5c9a21a5c4d47e 5a12729e09c5ec68 0547312dcf668047]
CGC-S1: OUT phase=dec graph=5 il=8 ne=[2048 8 1] fnv1a64=f2c2e79631c9b6ce vals=[-0.0449742 -0.00455448 0.00515866 0.089032 0.0160314 0.0169871 -0.0142011 -0.00325524]
CGC-S1: OUTSET phase=dec graph=5 il=8 nrows=8 set=81028a3227fbb25f rows=[31c452f46de8ad39 bdd8c0c091d95c98 49b6b4f3c642259e 974ff64f9583ade5 c6716a4b64c27d41 f6d2cecec21d60e6 d42ea1d29c7c54e5 3b1d3a2c9e650ef1]
CGC-S1: OUT phase=dec graph=5 il=9 ne=[2048 8 1] fnv1a64=cfe49faec74b6347 vals=[0.00641442 0.00221615 -0.00629012 -0.0137544 0.00317223 -0.0433152 0.00278182 0.00748748]
CGC-S1: OUTSET phase=dec graph=5 il=9 nrows=8 set=88941bbf9b4a9af5 rows=[c31a72f3a8133402 3bdcf1518e1c1f52 b95683f24d1e1c49 abdc0215c17227ca f091f85b579f2c4f 55fe3a2a4c859c92 bf83e4f94b177e50 c9afd4ec5c6b620a]
CGC-S1: OUT phase=dec graph=5 il=10 ne=[2048 8 1] fnv1a64=2b05a73f14612dc1 vals=[-0.0159477 -0.0307306 -0.019746 0.0490451 0.00750102 -0.0589306 -0.0225762 -0.00623244]
CGC-S1: OUTSET phase=dec graph=5 il=10 nrows=8 set=143a0bcdc48735f4 rows=[6afb408d824d6d4a 145c49adbc6f5923 32d2b3964276bbfd 5f5a68256f70a42b 047b65f7c2aea138 06fa90fdc69cfbd3 40002ccb36d9c13e 58a8fa271bcf1054]
CGC-S1: OUT phase=dec graph=5 il=11 ne=[2048 8 1] fnv1a64=c433701d51fdbd60 vals=[0.0348486 0.00632661 -0.0279181 0.0460944 -0.0236034 0.0365346 0.0199129 0.0618404]
CGC-S1: OUTSET phase=dec graph=5 il=11 nrows=8 set=fd3084b0fc28f028 rows=[3b63184043a9a006 b21c3a020f826454 2f7ce649267b4215 fe521e3ee3548458 7248e5d3e534e7b6 1a3fd7cfb16467b7 95e312d06bf0eda5 7ec40d04b6bb32f4]
CGC-S1: OUT phase=dec graph=5 il=12 ne=[2048 8 1] fnv1a64=2214a81b758ead69 vals=[0.00731672 0.0407641 -0.0118556 0.0429405 -0.00062857 0.00503753 -0.00362093 0.0350196]
CGC-S1: OUTSET phase=dec graph=5 il=12 nrows=8 set=ba74788b65a54f03 rows=[b948ce297350a28b 5f7a6db1d1b84a12 d97a47e421fd153c 4a1bc472e173f019 cd9b4d81aaca9db7 74131730d296533e c9bbc30d03a29fa4 d14af9cda6f55553]
CGC-S1: OUT phase=dec graph=5 il=13 ne=[2048 8 1] fnv1a64=9e1ce14e7b2a9077 vals=[0.0275675 0.017733 0.0483393 -0.0456664 -0.000686971 -0.0203125 -0.0411535 0.0431992]
CGC-S1: OUTSET phase=dec graph=5 il=13 nrows=8 set=8ea70f1076982ab6 rows=[577b98fc50cc157c 73984c07311b01f2 08bf9551fb030e09 9feee83bce58d82e 39b2802a79d7f0f2 8e9b3af826b00bdd 63d68b7691401ba2 a3f579dcbdce3b1c]
CGC-S1: OUT phase=dec graph=5 il=14 ne=[2048 8 1] fnv1a64=e16495cbdb8879c2 vals=[0.0141919 -0.0429453 -0.00419927 -0.00399247 -0.0141754 -0.00121842 -0.0535669 0.00468322]
CGC-S1: OUTSET phase=dec graph=5 il=14 nrows=8 set=7615a5a61ed7e02e rows=[5c0eba3c86493ec0 203b9c58078f809d ae5b53909d219a78 1f1c7d229383b42e 60c3a2f2ca0fb30b 58e6fda4e2ff0fe7 56b26ec31477e535 16519f427f3686ef]
CGC-S1: OUT phase=dec graph=5 il=15 ne=[2048 8 1] fnv1a64=473ca2afaaf5913e vals=[0.0236179 0.0192294 0.145966 -0.0435405 -0.0589358 -0.0602831 0.0387543 0.0686357]
CGC-S1: OUTSET phase=dec graph=5 il=15 nrows=8 set=847ea42b49c238cc rows=[bc4b29c6da646030 c86d60e1cdbe4efc 8e6074d28bc11aa6 2b75d15e1e12741c 93a2c9a0a65498b8 acd01b581f9e53f7 28c5057b6043fc23 53f8ed9e99d74bcf]
CGC-S1: OUT phase=dec graph=5 il=16 ne=[2048 8 1] fnv1a64=b48c53314cf72c5c vals=[-0.024454 -0.02076 -0.0465624 -0.0152916 0.0301316 0.0789039 -0.00268159 -0.058699]
CGC-S1: OUTSET phase=dec graph=5 il=16 nrows=8 set=86c387493bc1f3b4 rows=[92ab0bbc4bb94cb4 71dbc241f0d63c33 7d4f10220f5e8fe2 e8697008025010c5 0d47e1bb38f241d1 7474abd6f2f6ba85 94d9933c00e0bc25 a1f3e6fd7fe4c05e]
CGC-S1: OUT phase=dec graph=5 il=17 ne=[2048 8 1] fnv1a64=cd7a7db33397871a vals=[-0.159047 -0.0481127 -0.128204 -0.0454631 0.044052 -0.0594675 0.149243 -0.053495]
CGC-S1: OUTSET phase=dec graph=5 il=17 nrows=8 set=33b2a86f0499d16c rows=[522d3c9f7a336e3b af3fb86d5faa8f63 ea6533c75c361883 95e8939283641989 c361d80d01f2e773 3ff8ccd702d77306 5912faad37bd419f 56de393b6d57d5f1]
CGC-S1: OUT phase=dec graph=5 il=18 ne=[2048 8 1] fnv1a64=826a6fa3da035d9e vals=[-0.0215884 -0.00167221 -0.0115072 0.02616 0.0069096 -0.00610339 0.00398463 0.0474908]
CGC-S1: OUTSET phase=dec graph=5 il=18 nrows=8 set=9b9fded74f66df56 rows=[ab689c360f97c3ad 495570634776c9ce 601e98c50d745293 67a2e3976cd4f599 4fcebefb46f33294 2ca6225b90d9d2b4 ac83d28a31510806 2370870338b75b26]
CGC-S1: OUT phase=dec graph=5 il=19 ne=[2048 8 1] fnv1a64=ef217a599a13cd05 vals=[0.0878753 -0.0402137 0.0483533 0.0162812 -0.0206217 0.00712744 -0.0633719 0.0244523]
CGC-S1: OUTSET phase=dec graph=5 il=19 nrows=8 set=828e67f77f7afbca rows=[e28fbf045ba346e2 275ae983e5bfd3c9 07ed19d42aeace8b d435b11d6a936522 9daccfba79671f8c e015785c9b372e63 50419eb84ebb73f0 a05750340d9f7f63]
CGC-S1: OUT phase=dec graph=5 il=20 ne=[2048 8 1] fnv1a64=b0eaff06555e77a4 vals=[-0.129583 -0.036677 -0.0803608 -0.0101467 0.0200893 0.0562064 -0.0342614 0.0150791]
CGC-S1: OUTSET phase=dec graph=5 il=20 nrows=8 set=0c34c07ddacb659b rows=[af02953993d1e7a8 4d2985bf024263cb bd3cdf65b1110840 1d93767239e56394 1dadeeee509ba79e 66a2b48b02377c1c 693349b611bf9633 236d43bee6258195]
CGC-S1: OUT phase=dec graph=5 il=21 ne=[2048 8 1] fnv1a64=603d0734603ded94 vals=[0.0026101 0.00545852 -0.0309618 -0.0199824 -0.052353 0.0576313 -0.0481172 -0.0299245]
CGC-S1: OUTSET phase=dec graph=5 il=21 nrows=8 set=986b0255fe73752e rows=[fd97d190506d40fa 96bf062b8d8e4fe4 729d7aafe7fe9f18 872563391a4e353e a9a479772acc9d31 9c9e1087dd19d637 55ac2e515eacf5ff 8bf53b14ee312dba]
CGC-S1: OUT phase=dec graph=5 il=22 ne=[2048 8 1] fnv1a64=916c7b7811bb3648 vals=[0.0313299 0.0316308 0.0501871 0.0122211 -0.0721211 0.0283662 0.0644808 0.0343249]
CGC-S1: OUTSET phase=dec graph=5 il=22 nrows=8 set=0ab56efc356792c4 rows=[b75c1942745ae63d f1387d87e86775c8 356f6cede2efcf62 1c33e6aa4ffe5f02 8d8805ec79a6838e 24b65d019715f301 b02bc47fb977e465 7ac8e6a9b9a15378]
CGC-S1: OUT phase=dec graph=5 il=23 ne=[2048 8 1] fnv1a64=47ec9f3ec22ef626 vals=[-0.0153645 -0.000433154 0.0384452 0.0489529 0.0244856 -0.00182319 0.0309758 0.0163913]
CGC-S1: OUTSET phase=dec graph=5 il=23 nrows=8 set=fa6b112faeaab91f rows=[6c61f8da01cc6972 88da0c86a80e798f 2e3649476e264f8e 1baa260a84a80df1 c78f5891e20c5217 82e72c3b3b11bf7d 964ff489eb5dc769 981028d5b79cd9d4]
CGC-S1: OUT phase=dec graph=5 il=24 ne=[2048 8 1] fnv1a64=aaca923a27708b7b vals=[-0.00883174 -0.00917167 -0.0115621 -0.0237106 0.0345387 -0.0314366 0.096846 0.00669339]
CGC-S1: OUTSET phase=dec graph=5 il=24 nrows=8 set=2f4b043a71614560 rows=[c6051f83ed828951 150623fb598bc540 e0a830a5385b0969 6affd5eb462e3fb7 c92ee70694539607 50b493228dd7f441 e0efda1671b7f342 ba5270bdc0c7cbbf]
CGC-S1: OUT phase=dec graph=5 il=25 ne=[2048 8 1] fnv1a64=966f55995b36b053 vals=[-0.122564 -0.0408088 0.225421 -0.0177043 -0.0218203 0.0255964 0.0855652 -0.0269033]
CGC-S1: OUTSET phase=dec graph=5 il=25 nrows=8 set=79c85c02f2b2b99c rows=[2db14caa6f165962 8bc1bd1393437e0d 6168cef876edf760 1b33576bbf49edea 424593d09d13950c 1b863c620083e948 8e6e3b356dbaf321 777c3596c5ba4eac]
CGC-S1: OUT phase=dec graph=5 il=26 ne=[2048 8 1] fnv1a64=7828fa635aaf965e vals=[-0.0617569 0.0435563 0.0338064 -0.0390666 -0.0564552 -0.0593924 -0.000598909 -0.0051449]
CGC-S1: OUTSET phase=dec graph=5 il=26 nrows=8 set=e549136ba1e87e32 rows=[7cd62b74a99c1d49 484ea3bd3b344683 595f188f784665ed c0ec8d014951a495 d686323db1c67de6 b973b19c317df987 78d1d05978a17742 4f7d3a69c66b9b78]
CGC-S1: OUT phase=dec graph=5 il=27 ne=[2048 8 1] fnv1a64=bf92c4183485d9ac vals=[0.0333984 -0.0476651 0.0692094 -0.0512727 0.0832347 -0.0347864 0.0116865 -0.00312773]
CGC-S1: OUTSET phase=dec graph=5 il=27 nrows=8 set=f812f58555b361cf rows=[03c56daa3cbf6a2b 0e8532ed32de35ca 9a4202f7519b500e 1e95d165f73ceb76 d90a7b19a6e38eb6 bf3e4ef20ec34f2a 454941b155c719c5 d44027b1ef4102c7]
CGC-S1: OUT phase=dec graph=5 il=28 ne=[2048 8 1] fnv1a64=980873d2d41dbe6f vals=[0.0605591 0.00960547 -0.217577 0.112618 -0.0656181 0.107761 0.0968203 -0.00255898]
CGC-S1: OUTSET phase=dec graph=5 il=28 nrows=8 set=4f0f70ee71ffbc7f rows=[e6a5b06843cf42e3 13209f400820d3ff 226cd222adbe8213 743620b1346218a2 57da80223cd94cfa 71dac2654b56d95b b52eedd624362a75 6f7bbbce598343b5]
CGC-S1: OUT phase=dec graph=5 il=29 ne=[2048 8 1] fnv1a64=e5de5f1bdfd787b9 vals=[0.122634 0.0909547 -0.0763451 0.0215908 -0.0172504 0.0369644 -0.111371 -0.0321268]
CGC-S1: OUTSET phase=dec graph=5 il=29 nrows=8 set=70e1e599b3366a29 rows=[9e74ca2376f13802 c30170c74782f735 296c8c4cb2b81bcb 8a4f81088bc27159 d3eaf459a6be5bb7 78fc00e90319a0ea 5fd29dbb7e5115e3 af36a2de4e165f61]
CGC-S1: OUT phase=dec graph=5 il=30 ne=[2048 8 1] fnv1a64=b8c78e85bfea1dc6 vals=[0.0713292 -0.201764 -0.0272435 -0.278074 -0.13644 -0.138807 0.0459562 0.0568548]
CGC-S1: OUTSET phase=dec graph=5 il=30 nrows=8 set=1a8ebea494eddeb5 rows=[e96cf5db263e381c 904f7ac3e825bbf7 f451686a90a560a9 dd3526cbb0c1bb24 c26887f335902fab ce44b02e07f443da 6e71ba13c75be5c3 74cb211653340301]
CGC-S1: OUT phase=dec graph=5 il=31 ne=[2048 8 1] fnv1a64=2c63087fbae0981b vals=[0.0305433 0.030302 -0.18169 0.0918776 -0.048295 0.0738305 -0.210114 -0.143255]
CGC-S1: OUTSET phase=dec graph=5 il=31 nrows=8 set=14174cf088a8c791 rows=[0054d4e9e6900052 0782b9cb4244139d f4e39907e83a3efb b7a1f574e6921844 84372cab106deb77 2a48cde4fc0520ad d92e36301fcdb544 49bb0deea5ee0b2e]
CGC-S1: OUT phase=dec graph=5 il=32 ne=[2048 8 1] fnv1a64=fc33e75f32b72207 vals=[-0.1531 0.0692149 -0.222388 0.119355 -0.153833 -0.0100183 -0.158365 0.029553]
CGC-S1: OUTSET phase=dec graph=5 il=32 nrows=8 set=151a0aa0bf777d91 rows=[950338488f6bf662 7dc851fd4d889f1f 66b54d1456efc7ec 9d2cfaad2494ed63 56f5111602593780 3daacbcb0ec77078 f1f4b825baeb99b2 01affd7173ff78b4]
CGC-S1: OUT phase=dec graph=5 il=33 ne=[2048 8 1] fnv1a64=41849176f16f6cbf vals=[0.0631039 -0.102796 -0.0218342 -0.0462425 0.0333896 -0.0186637 -0.0191947 -0.058727]
CGC-S1: OUTSET phase=dec graph=5 il=33 nrows=8 set=2f8b2414a56a4b0f rows=[c28126da7e9bd129 13973addc24c0ac8 6e88dd400348e00e a51127c95f3961a2 9cfe886be888e8d0 76952e82d6046cbe 2ea75a92876106a6 eaa2118d7a11990d]
CGC-S1: OUT phase=dec graph=5 il=34 ne=[2048 8 1] fnv1a64=aeff1aea1397a9d4 vals=[0.0165821 -0.103896 -0.111343 0.0408177 -0.167852 -0.00717729 0.0722894 -0.0561651]
CGC-S1: OUTSET phase=dec graph=5 il=34 nrows=8 set=60f055e2b2aed200 rows=[6f7b0cd04d5990f4 50ffb0e5ea7a491e c576a2b28aad0929 2589996408f238d3 96908936b176f2e5 2ecae1be7561a4e6 bfe808995ed7f49c a95dfa53ec9d6970]
CGC-S1: OUT phase=dec graph=5 il=35 ne=[2048 8 1] fnv1a64=66a77aa73deb41cb vals=[0.00322966 -0.0736967 -0.107302 -0.045868 -0.155858 -0.152908 -0.32824 -0.114452]
CGC-S1: OUTSET phase=dec graph=5 il=35 nrows=8 set=1f63ac6d7d6ee82a rows=[8f13a0d2d6678126 7d7b8f21de72f5a0 15b0c610c6eef7f6 dc1aa9617a94da54 c156173c59ef65c3 459e8a49dbf863b6 f707f5216b37637a 2694245b6d16524f]
CGC-S1: OUT phase=dec graph=5 il=36 ne=[2048 8 1] fnv1a64=065ad6f86c08f419 vals=[-0.0970217 -0.0132645 -0.0389328 -0.154596 -0.176132 -0.0639892 0.00093637 -0.140986]
CGC-S1: OUTSET phase=dec graph=5 il=36 nrows=8 set=b5211d38cc2c1e09 rows=[6b39fe7f1b90db17 9f8f407be925a00c 8414fa43359a5ee7 f01f342905d2d9bd 3ee7ea8e8d275bd0 1da1c9c0176e04dd be0956425b255087 e96f804ab0ef1c4d]
CGC-S1: OUT phase=dec graph=5 il=37 ne=[2048 8 1] fnv1a64=5e04b35e4be1c522 vals=[-0.271327 -0.363584 -0.293011 -0.216781 0.328591 -0.0204912 0.142487 0.10671]
CGC-S1: OUTSET phase=dec graph=5 il=37 nrows=8 set=c6f1a3b0223d0aab rows=[88ead9abb52b1ec5 6dc4b85f4f8a8737 06827877c9178adb fb74329c9e6b24c1 2b988e6b493e5a40 4e440756a51b7155 b8c70f07780d836a 2a8a1772c72886ba]
CGC-S1: OUT phase=dec graph=5 il=38 ne=[2048 8 1] fnv1a64=75bf4c041e3269cd vals=[0.060213 -0.201178 0.159567 0.19065 0.0195968 0.27993 0.229277 -0.0369935]
CGC-S1: OUTSET phase=dec graph=5 il=38 nrows=8 set=e5fb3927a66cd4e5 rows=[d976c6af5820f53e 824f2c3712ca8d9e 135e781014d0b818 b8f86e0405591bfb 5a1a97808e8af068 7b48d4b17ec37430 bd093a399db68a4b 38d64f0c78545762]
CGC-S1: OUT phase=dec graph=5 il=39 ne=[2048 8 1] fnv1a64=ab360fd222ac1d92 vals=[-0.229403 -0.0689027 -0.075999 0.17049 -0.228329 -0.120213 -0.171232 0.281209]
CGC-S1: OUTSET phase=dec graph=5 il=39 nrows=8 set=631ba9bafc95e797 rows=[d82181da443a36ad f5c96eaf7788fa5d 358ed1b7434b9336 89389ed886d72b0e 1647e2c215c4aa2d d761cd9585d6bfca 4f25420f1863b086 f415024611ac68c4]
CGC-S1: OUT phase=dec graph=6 il=0 ne=[2048 8 1] fnv1a64=e3e06a2499e5fae2 vals=[-0.0239931 0.015285 0.0161871 0.0117931 0.00975406 0.0393014 -0.041339 -0.0104465]
CGC-S1: OUTSET phase=dec graph=6 il=0 nrows=8 set=4da8bd5b7118bbf3 rows=[43022445748d33c1 a34717d654c1c91e 255db1ba4397e312 1980d8e977f787ca 03100a553759449b 2ea9387387d991a7 cc16ddf478ab7b7b 2caa3091c4998bbd]
CGC-S1: OUT phase=dec graph=6 il=1 ne=[2048 8 1] fnv1a64=d2b208a9788d970f vals=[0.0116213 0.0117513 -0.00799738 -0.00516025 0.0092259 0.0110557 0.0133834 0.0061487]
CGC-S1: OUTSET phase=dec graph=6 il=1 nrows=8 set=63f871ed8115aa42 rows=[1a355825f3ec3330 2014a87e5e5ddb85 c4a5a2656b89f07f 16ad5a9a019b61fa fe202bd5de908f81 7108ce5685e0faf0 870de4f89d30d191 3f1be31e092b1928]
CGC-S1: OUT phase=dec graph=6 il=2 ne=[2048 8 1] fnv1a64=b52d23f7addba4d7 vals=[-0.0162613 -0.00371239 0.0109286 0.00841854 0.00757691 -0.0150148 0.0200636 0.0155317]
CGC-S1: OUTSET phase=dec graph=6 il=2 nrows=8 set=5bd785cb53dd728f rows=[5a4d8bc4a2c20dd2 3f1fdae81b3a4d5d 8ced030fe63a8f44 3a41c1dcadb4020f 7c8c118304617978 87d8797f6f40d0bc f0cc53a8697716c5 013d42ef1ef49aa5]
CGC-S1: OUT phase=dec graph=6 il=3 ne=[2048 8 1] fnv1a64=4b4132b97213ca4c vals=[-0.00116668 0.014958 0.0111989 0.00883022 0.00174428 -0.0120119 -0.00978836 0.00666506]
CGC-S1: OUTSET phase=dec graph=6 il=3 nrows=8 set=7fa9571525c08223 rows=[0dea8b59b55c183d 27e55e513623609f 783931df2f006dc8 407c536ab5fdbb7a 9bd2272098adfc09 0ed51e4b086c71da 970b760f2251658e 8254946f1a62144a]
CGC-S1: OUT phase=dec graph=6 il=4 ne=[2048 8 1] fnv1a64=cbbb7c381038673d vals=[-0.00423236 0.00851153 0.0158266 0.00329871 0.0300302 -0.0134523 -0.0192505 0.0131601]
CGC-S1: OUTSET phase=dec graph=6 il=4 nrows=8 set=08eaa3ec2de14764 rows=[85c1baedb1a2b4b9 478a397d579f3ddd d6a04a0088c14b3b add5d8004fc9de66 c096f36a0c8d6f69 4d7c0cb5450b1f92 82052558278f2d13 ef3584224eb5f197]
CGC-S1: OUT phase=dec graph=6 il=5 ne=[2048 8 1] fnv1a64=27b6eeede4bf9174 vals=[0.0184213 0.0195995 -0.0238617 0.0200751 -0.0183344 0.0132746 0.015644 -0.0235273]
CGC-S1: OUTSET phase=dec graph=6 il=5 nrows=8 set=accf902c113e2ac8 rows=[d60c9923a5ddf8fa 0492b2c5c59e227d 3e89528685d51990 858684547c140c19 b83177cbbf24ce4f ac7774958790e27b 95bd77591c6b17d2 47c1d22a431c8f13]
CGC-S1: OUT phase=dec graph=6 il=6 ne=[2048 8 1] fnv1a64=ad3d01caa9176d39 vals=[-0.0325668 -0.0210406 -0.000447278 0.0192695 -0.0489679 0.0213318 0.0497979 0.00124933]
CGC-S1: OUTSET phase=dec graph=6 il=6 nrows=8 set=f7a2dd4e98d38242 rows=[017771e69d471d0e 870507c3d44bbb14 ed23621ab94db8e3 486f6338ebf4b33a 8d4804cc0f33038d 8a93472ae4d77f7a 7ce8a98f5a4d6f9c c64ebf734e8cc942]
CGC-S1: OUT phase=dec graph=6 il=7 ne=[2048 8 1] fnv1a64=bc874472373d6e90 vals=[0.0110951 0.0397571 0.0242427 0.0264191 0.0126267 -0.0102789 0.0216458 -0.0278849]
CGC-S1: OUTSET phase=dec graph=6 il=7 nrows=8 set=af3651a265cf4c3c rows=[cb39352ad54a5939 1a8260ca3aab6bef e06a1f59f89496e3 2733fb75ddccf64c f3ac4c3feee97ab0 c3f8ccdae38711fb dee60bf17282ee13 0fb79353d2b6bbee]
CGC-S1: OUT phase=dec graph=6 il=8 ne=[2048 8 1] fnv1a64=0d2cfddc93f65c70 vals=[0.00815876 0.015727 0.0224385 -0.0114789 0.00959998 -0.00126646 -0.00416924 0.00792327]
CGC-S1: OUTSET phase=dec graph=6 il=8 nrows=8 set=7f53afa5fc368871 rows=[685d0c4dcb1b1254 3fa87b37aaf08e2e 90f87bf58cf6ab44 0e65de031da4d229 092af05f08673dbf 7d82b54f6b835235 22f92b8eae91a9c9 87dc9438c2fa603f]
CGC-S1: OUT phase=dec graph=6 il=9 ne=[2048 8 1] fnv1a64=409bdaec6263a351 vals=[0.0277169 -0.00983384 -0.00372916 0.0127746 0.0144737 0.00333339 0.00576122 0.016121]
CGC-S1: OUTSET phase=dec graph=6 il=9 nrows=8 set=92a9916803454066 rows=[c416e97351b1ed50 41672b9b98293642 0b9052dfabdf3cb3 2226278a8e72744c cf7ab26e50bd805c cb427cc3f55d74d9 e91375f6c0e48aad f05627472572223f]
CGC-S1: OUT phase=dec graph=6 il=10 ne=[2048 8 1] fnv1a64=03a6b65eb03837c8 vals=[-0.104386 0.0671988 -0.0577674 -0.0212682 0.0433874 0.0259413 0.0271282 -0.0750504]
CGC-S1: OUTSET phase=dec graph=6 il=10 nrows=8 set=58b3c64a939f17d3 rows=[9f3e0b61d8dffdfb b9b1eafe816140da dd8526f9bc81efcc a729e4ac5dd492e4 51c8c43f817417fa 62a19121d6ffaa40 150e3d9f9f97bd77 6f2bcbba2782fecf]
CGC-S1: OUT phase=dec graph=6 il=11 ne=[2048 8 1] fnv1a64=23ea67d8709ae6c6 vals=[0.013456 0.033117 -0.0134056 -0.0144219 0.0350358 0.0314882 0.00963733 0.0164414]
CGC-S1: OUTSET phase=dec graph=6 il=11 nrows=8 set=825dd1c96a7baf48 rows=[e4b35013921a7bb5 47d6df04c8041b38 7b4045151af5efc2 e9b986a9691275ff c5c6a45b5c577d46 dcbc732a93c70b38 fe841c62a31b223a 80e326b9adc31869]
CGC-S1: OUT phase=dec graph=6 il=12 ne=[2048 8 1] fnv1a64=346635150ae55634 vals=[-0.0244667 0.018715 -0.0443001 0.00179506 -0.00535301 -0.0271796 0.0234117 -0.0231772]
CGC-S1: OUTSET phase=dec graph=6 il=12 nrows=8 set=f4bb8430379bb259 rows=[7892dd1052333d14 afb19e12b896023b 7b16b7a34756bbf4 d3c59fcc26451b0c 6586d3d5635bc2d9 67c99bfa9a99b469 9bbae09cef53bc38 5364fbdd9d125a68]
CGC-S1: OUT phase=dec graph=6 il=13 ne=[2048 8 1] fnv1a64=eccdfe5b59336d56 vals=[-0.0291563 0.159415 -0.0309257 -0.0122153 0.0476092 -0.0359333 0.0610607 -0.0130086]
CGC-S1: OUTSET phase=dec graph=6 il=13 nrows=8 set=b6e7a9ad310932f9 rows=[b67dd82b57b02635 f5bda09ccb8e4840 f9f5dbb6cd4c4c12 164ec4a42b2c095e d8ad1eb9fa7637e0 13633e5bdd72cc27 67e1f077d8faf266 86ba0552721682f1]
CGC-S1: OUT phase=dec graph=6 il=14 ne=[2048 8 1] fnv1a64=4f3fbe3de41680c8 vals=[0.007927 0.0250855 0.0552925 -0.00352749 -0.00661838 0.0101199 -0.00900524 -0.0432351]
CGC-S1: OUTSET phase=dec graph=6 il=14 nrows=8 set=a485b14028f668a8 rows=[b228e66cb9860e27 538457ee0cd011a6 187701b3fed656e1 da434cc033d5f663 fb3ab41258590c22 be7bc094e796634a 6a54c6e8f4489d39 b7e27f88500541e1]
CGC-S1: OUT phase=dec graph=6 il=15 ne=[2048 8 1] fnv1a64=f61048d34ac2b477 vals=[0.00184418 0.0108891 0.0918446 0.0539459 0.0960785 0.0313935 0.0258877 -0.0669447]
CGC-S1: OUTSET phase=dec graph=6 il=15 nrows=8 set=0a9246ae5f3f9265 rows=[75dc0dd8a1daebdd 5a5565ae24dd25e5 c258ca3f8b63d4b9 a9bea395fbda22e8 2b3458cd7690daf1 48c4ce46e30bcea7 f3e97cf3ad54631c 4828c0fa32efc7a3]
CGC-S1: OUT phase=dec graph=6 il=16 ne=[2048 8 1] fnv1a64=ef38c62cb97a72c9 vals=[0.0183156 -0.0237863 -0.039072 0.0181474 -0.00396744 0.0365255 0.0125615 0.000351499]
CGC-S1: OUTSET phase=dec graph=6 il=16 nrows=8 set=6037ef70a796287d rows=[66d7e2b4a7aaeaee c8ae3ebda4d40b37 42b5b6b9d61357c0 eca2850ab079a8a1 a30a09f091706738 d3d37245f73704b9 359853ae4634ec8b 204d12fa6fc069b0]
CGC-S1: OUT phase=dec graph=6 il=17 ne=[2048 8 1] fnv1a64=379393688d6019a6 vals=[-0.0687777 0.0331704 -0.0655688 -0.0291341 0.036453 0.0596456 -0.0717053 0.0376402]
CGC-S1: OUTSET phase=dec graph=6 il=17 nrows=8 set=d7297ea62321e630 rows=[9e10555bcd2b192c d10109a0f253bcab 8f06d72ee5598d92 2bbbbf1e2a48042e 8fa6756d5390e1a7 d595d82430ef9748 dfb90fe7bf8d4b38 7b599be462bcea79]
CGC-S1: OUT phase=dec graph=6 il=18 ne=[2048 8 1] fnv1a64=889d73058636a8c3 vals=[-0.0487023 -0.0367224 -0.0338448 -0.0529158 -0.00161714 -0.00553883 0.0186098 0.015231]
CGC-S1: OUTSET phase=dec graph=6 il=18 nrows=8 set=46174d2836655065 rows=[e593becbf7abe2a2 b7abe19afda65f70 3289d0a55e80989f 72572d6a73eb3456 4be7f016b348698d 0b1cbe93fdfcd236 aac8d65e549f0c6c 16c2345a8780090c]
CGC-S1: OUT phase=dec graph=6 il=19 ne=[2048 8 1] fnv1a64=024314c26bb9aaa8 vals=[0.0534102 0.023666 0.0289217 0.0475798 0.0361328 -0.0203502 -0.0619671 0.00958719]
CGC-S1: OUTSET phase=dec graph=6 il=19 nrows=8 set=022d84087ce6f87d rows=[0833f11361c49094 04af2ad62112d076 beb44eada6cf1f5b 4fd84be683fc9cf1 7e00647ae1d520b7 36d55dea2a67eb2a 582b2c8716811960 35e15862f3d78dfa]
CGC-S1: OUT phase=dec graph=6 il=20 ne=[2048 8 1] fnv1a64=cd1b4108ea4bdb77 vals=[-0.00181512 -0.0357215 0.0133511 0.00507827 -0.0122521 -0.000966965 -0.00153361 0.00151875]
CGC-S1: OUTSET phase=dec graph=6 il=20 nrows=8 set=8fa70e4556d6088f rows=[939b2cc82157b41b 2263cb5eb491bea1 dbf7e174549ddcf3 5ea389caa06455bd 83052c87b81e66b2 f91692ea1790a3e5 cd816083bb43722e cfa9c05fdd89fa3d]
CGC-S1: OUT phase=dec graph=6 il=21 ne=[2048 8 1] fnv1a64=5a4f18e5cc61282c vals=[-0.0143167 -0.00228971 -0.0483734 -0.0321347 -0.0339828 -0.0107188 0.0683464 -0.0201739]
CGC-S1: OUTSET phase=dec graph=6 il=21 nrows=8 set=f64b96edaf2b0b5e rows=[c4540761362b0e8e e3d896082b2a2266 84be28ea434071a9 6f78560e2ad3c71d 29dd070c019338ed e1feb441e43ade8d 3f495b8c48bfb767 5cd26150c68855f0]
CGC-S1: OUT phase=dec graph=6 il=22 ne=[2048 8 1] fnv1a64=6735849e5732201a vals=[-0.006599 -0.0397753 -0.0527023 0.062201 0.00359408 0.04204 -0.0288116 -0.0100857]
CGC-S1: OUTSET phase=dec graph=6 il=22 nrows=8 set=bc6c8b6c60ad9221 rows=[6f2d4e3fe6edb7df d3127eb4c8e09cab 3cec84746798fffa d2f3e835a6da7beb 88efd8fb095a78ef 4b8107081307be4d e0339346d8aa3e80 29bc8fed1ea25916]
CGC-S1: OUT phase=dec graph=6 il=23 ne=[2048 8 1] fnv1a64=ed8631a48e78d641 vals=[-0.0540394 -0.061007 -0.00978611 0.0256783 0.0170157 0.0326135 -0.0800289 -0.0704258]
CGC-S1: OUTSET phase=dec graph=6 il=23 nrows=8 set=9672f3848a48bc0e rows=[86ded9368768b8e2 bc12d1dc64775d60 824f54118405112a 13762a5e38a30530 4e840016db1b8f5d f5cb77ad292043d2 b78b8bff58f4363e 5d79eb9f6aebff93]
CGC-S1: OUT phase=dec graph=6 il=24 ne=[2048 8 1] fnv1a64=3d5a047c4949a9ef vals=[-0.00694039 0.0276197 -0.00568876 -0.0166743 0.00153071 0.00110005 0.0221419 -0.00815024]
CGC-S1: OUTSET phase=dec graph=6 il=24 nrows=8 set=bc3b2dd5337b0eac rows=[fc95d0937fbc1da9 b3f7948aa99ecde9 0d94cad932d7b622 2f2fddb54ed13aa8 40f8dd319b31f76c 87071d17f65076ce d563bd26780a46d0 f246e22b2dd66948]
CGC-S1: OUT phase=dec graph=6 il=25 ne=[2048 8 1] fnv1a64=2307271c62a42a57 vals=[0.0252983 0.026298 0.0199974 0.000102356 0.0128 0.0309246 0.0476154 -0.00607671]
CGC-S1: OUTSET phase=dec graph=6 il=25 nrows=8 set=d6c926df4584c9fc rows=[d62efde1ca394f4e b1731f62a1cc72e4 7cce6642f7ad213b 2f8e539ca97c69a3 6c83145b063f74d9 6d25f161048bce7e ea17ae93ea8346e9 a9ec851e2eebe238]
CGC-S1: OUT phase=dec graph=6 il=26 ne=[2048 8 1] fnv1a64=aebfabf107b3e8bc vals=[0.0405987 -0.044054 0.00997476 0.00636607 -0.041989 0.00720108 0.0814168 -0.0199628]
CGC-S1: OUTSET phase=dec graph=6 il=26 nrows=8 set=f1a53db963bad59f rows=[fec59ab437ceb9fe de73a755e0a4d46a ad4180dec1222f9e 7631abcc1b9384ee 8c58d721b5876f6f f3cc661f910a82c5 77da6b923a4dbf2b 6af50622c02af28a]
CGC-S1: OUT phase=dec graph=6 il=27 ne=[2048 8 1] fnv1a64=f61a83a8904a8145 vals=[-0.0250631 0.0168548 -0.000909783 0.0412166 0.0334626 0.00280057 0.00486874 -0.0386621]
CGC-S1: OUTSET phase=dec graph=6 il=27 nrows=8 set=3cc7478231709d99 rows=[fe682156e7b6c91e 7e3a2a0f469082d7 dac05f166b4a403f d8e9ef5c19eade6b eaf2cd62610eea12 a61fc504dd626f9e a6ccd4e8d8b83c1b 6ca53cb51af7f024]
CGC-S1: OUT phase=dec graph=6 il=28 ne=[2048 8 1] fnv1a64=583ab7dd517144e1 vals=[0.0203976 -0.04251 -0.0259073 0.0591666 0.0559785 -0.000361334 -0.0584785 -0.00743385]
CGC-S1: OUTSET phase=dec graph=6 il=28 nrows=8 set=020d3eafebfe2a35 rows=[d2936fa84d63b8fb 9c9e507fc507359e e1db67e613952c36 eb1d4df5e9dc573d d3d974793079bc6f 46df9807f62c34d6 413cdcfeee0ed506 6b4e5a1ced3de8c3]
CGC-S1: OUT phase=dec graph=6 il=29 ne=[2048 8 1] fnv1a64=1b40f15bde58921d vals=[-0.0373891 -0.0450151 -0.0626207 -0.0749167 -0.0333461 0.014675 -0.0669251 -0.0507568]
CGC-S1: OUTSET phase=dec graph=6 il=29 nrows=8 set=81ee645f4ff8d3ef rows=[8b507a59ebca5d22 79d0552f6f81d8fd 2f4a0e059c3b58d0 f705b0fd6045d385 47123cd21a4c42e5 090f8acfa948e7c2 a6737f8926a5c679 89cbcfefdf42a656]
CGC-S1: OUT phase=dec graph=6 il=30 ne=[2048 8 1] fnv1a64=a0a86bbcb5f5e40b vals=[0.0369795 -0.170166 0.0255377 -0.169025 -0.0296922 -0.05564 0.0720835 -0.0674583]
CGC-S1: OUTSET phase=dec graph=6 il=30 nrows=8 set=433dd1180faa869a rows=[b0fced0685935bb8 cf92c175f9203ee9 bd7ebec664027a4f 2951add230c13970 1347288c284ce151 24ecc56539dff6f4 6854f652b9c5c71a b7491f1e29fe938d]
CGC-S1: OUT phase=dec graph=6 il=31 ne=[2048 8 1] fnv1a64=100605e5753803ad vals=[-0.124217 -0.183304 -0.0158782 -0.0119825 0.00549006 -0.0309314 0.0376065 -0.120151]
CGC-S1: OUTSET phase=dec graph=6 il=31 nrows=8 set=18e21370816ac997 rows=[36e4651c23cccf2b c3cafd26d649ff8c a941f7ea75b61882 447fc4c8fb847cde 87816c64aef0cf04 b313e19b7664494d 23e17d338916ce5d 5b0395a04a4f6eb1]
CGC-S1: OUT phase=dec graph=6 il=32 ne=[2048 8 1] fnv1a64=58c3db5b5acbb0df vals=[0.000322208 0.0255586 0.0729803 0.00627523 0.0349452 0.0468244 -0.0279756 0.0320022]
CGC-S1: OUTSET phase=dec graph=6 il=32 nrows=8 set=310fe08877375597 rows=[46d5d0b64e897b78 a46a6a280b4f7d7b db61b9b461cf8421 84adc58dd156a2fb 8178ba2ff7b1f7b1 5071d3c3044369e9 50bff17e65982354 759c5554c3affdc5]
CGC-S1: OUT phase=dec graph=6 il=33 ne=[2048 8 1] fnv1a64=44950a6a545d5a47 vals=[0.0526132 0.145426 0.115955 0.0372133 -0.0130398 -0.0918013 -0.131352 -0.0963366]
CGC-S1: OUTSET phase=dec graph=6 il=33 nrows=8 set=6693374f88f3a0ac rows=[db3b9077cbb89854 b97e2d068520e64a ca2c740b4fa02fd0 ef63a99b2707d463 5c4af2b2a5efabd7 8472d272aade6dc4 30c8de3f2f37564f 69288fb1e3ad8595]
CGC-S1: OUT phase=dec graph=6 il=34 ne=[2048 8 1] fnv1a64=a646b84a5e6f0e2c vals=[0.166348 0.0560995 -0.018651 0.210813 0.054858 0.0439065 -0.25837 0.0351718]
CGC-S1: OUTSET phase=dec graph=6 il=34 nrows=8 set=8f1d01b778e42420 rows=[08e87f5e3e85e763 5e3719d546d4d14b 390ec942f58a180a 9ddf7353ac53b9fa f2c552d5f1479148 202cb9093095529d 726ac1f00684d6c9 6bf963c1e13d312f]
CGC-S1: OUT phase=dec graph=6 il=35 ne=[2048 8 1] fnv1a64=58c16e5d5e772318 vals=[-0.0440458 0.0134415 0.0517826 -0.208569 -0.172008 0.0147291 -0.21463 0.0849277]
CGC-S1: OUTSET phase=dec graph=6 il=35 nrows=8 set=337bc0290d4d67b4 rows=[177fb6354c4b4283 73b381038f073041 f470d06d87d3bc04 b32b75f3071268a6 c5bda077e3f74c46 b460d2b38ffc2922 aa08d184e0979867 f37107b3003919a0]
CGC-S1: OUT phase=dec graph=6 il=36 ne=[2048 8 1] fnv1a64=f7221d88ac45440a vals=[-0.0269054 0.0979045 0.0259641 -0.172263 -0.198373 -0.133861 0.147377 0.0390342]
CGC-S1: OUTSET phase=dec graph=6 il=36 nrows=8 set=bea7e7c11e4d034d rows=[83ad62331a6030e4 25020dd5e06f8a22 570cb1ad911f898c 8701aba8edbd02c7 ca2c28c8c199a3d9 945a61b60840b165 4d90678decce4044 5b33358aa4b8c4a8]
CGC-S1: OUT phase=dec graph=6 il=37 ne=[2048 8 1] fnv1a64=b1a21a60285dc1ce vals=[-0.311101 -0.103015 -0.344085 -0.0203009 0.286451 -0.151478 0.336633 -0.110176]
CGC-S1: OUTSET phase=dec graph=6 il=37 nrows=8 set=9ac1bc5a331a3601 rows=[1fe6844b9ebf0d22 4752f969d096024a 06fb48c4cd3c4286 d8cf42d4797f1716 d9e29644197f78e9 f5624de873df0966 799b68e8305fa9fd d056a45c6fc50e7f]
CGC-S1: OUT phase=dec graph=6 il=38 ne=[2048 8 1] fnv1a64=35f3f76cc679fd7e vals=[0.0432943 -0.195396 0.313437 0.0848654 -0.00233909 -0.083895 0.124536 -0.00327595]
CGC-S1: OUTSET phase=dec graph=6 il=38 nrows=8 set=aaf6872c497469ed rows=[0184b7c50c67774f 0c87f62af38486f7 47e7dc9456df212c bc045b5df2f416d2 6986a0b9a600925d 379f7b7958ba2ba3 30d866eb60a2cd3a e19fb9afba8b1a77]
CGC-S1: OUT phase=dec graph=6 il=39 ne=[2048 8 1] fnv1a64=27c9ca021739e612 vals=[-0.11038 0.0987829 -0.348618 0.00581964 0.0375171 0.00182855 0.251597 0.217431]
CGC-S1: OUTSET phase=dec graph=6 il=39 nrows=8 set=b86087f2959309b1 rows=[18d211132abfa3a4 af166ed9700e48df d5487cebbaae3f14 3c95243da22d5923 389c42015b1032f2 5b887294d0802690 3b01ed4a67907760 b890525e0c19893f]
0.36.742.040 I slot process_toke: id  0 | task 0 | CGC-SCAFFOLD-DBG: n_decoded=8 resp=0 think=0 gt_len=40 head=[<think>

</think>

巴黎是法国首都]
CGC-S1: OUT phase=dec graph=7 il=0 ne=[2048 8 1] fnv1a64=bca0c36c873da68a vals=[0.0403019 0.00765252 0.0120955 -0.00370792 0.0156888 -0.0245577 -0.0037374 -0.0115197]
CGC-S1: OUTSET phase=dec graph=7 il=0 nrows=8 set=3b6d226e97d6c5cf rows=[84f4f9d9eb734953 3218aef2fe75d08a 3e7c0852f621aa48 4bdb47dfa27b8955 055864263b3f5edb 2bec71f82620531e 91a2ef5fa3657f50 9d8ea034d83ff8d8]
CGC-S1: OUT phase=dec graph=7 il=1 ne=[2048 8 1] fnv1a64=bfa740ef9996ba61 vals=[0.0192498 -0.0224718 0.0189404 0.00747986 0.0195358 -0.0142606 0.0154699 0.0433355]
CGC-S1: OUTSET phase=dec graph=7 il=1 nrows=8 set=d6c8437ee75415b1 rows=[0778299cb9bc6f7d ec54ef6acc04c3d1 9f249080da227e85 b78441fd392a36b7 0948ec388f170473 5ef3c40ab8a7bfc7 7cc685134ccc4b52 b6de0a0abc6d0976]
CGC-S1: OUT phase=dec graph=7 il=2 ne=[2048 8 1] fnv1a64=f3292f4b8f80ca78 vals=[0.0199022 -0.0147784 -0.0429081 0.00704782 0.0203034 0.0278941 0.00472452 -0.00380504]
CGC-S1: OUTSET phase=dec graph=7 il=2 nrows=8 set=511026fdc232d642 rows=[05abe98237ab3741 40bb16e602667008 c1a7fa7bc14d99d3 52637f2de9ca3e64 d04693df63ae9c17 bd141c5afb88077b c5993a1544515233 da1d00bc50a1adfe]
CGC-S1: OUT phase=dec graph=7 il=3 ne=[2048 8 1] fnv1a64=fbcd08cbcfe7ba27 vals=[-0.00956144 -0.0113725 -0.000749699 0.0148152 -0.0140612 0.00594027 -0.0275643 0.00440614]
CGC-S1: OUTSET phase=dec graph=7 il=3 nrows=8 set=bb3cf16f8810868c rows=[b957343b934f2a90 4825e4986e6b5dcd f8b7d7a2d7d9379e eac953071021ed36 2f1c9b19b394cecd f9adc3ad6f44fddf 520481fef2c8282e aa264c81e1b2e689]
CGC-S1: OUT phase=dec graph=7 il=4 ne=[2048 8 1] fnv1a64=bb2454bee6677445 vals=[0.00295756 -0.00290022 0.0100805 -0.0135376 0.028512 -0.0244631 0.0359585 0.000643445]
CGC-S1: OUTSET phase=dec graph=7 il=4 nrows=8 set=d1bad96b0943406a rows=[1f2b4f55b756074f 9ab2e247b2d446b0 3db77a642bd31a9c 3b61fd2d4e3b79fb 118b8ace12f33acd e029a1ca208cfb7c 129ccce71531f2fe 25b4d941d53c4335]
CGC-S1: OUT phase=dec graph=7 il=5 ne=[2048 8 1] fnv1a64=dd35d7c32ce5c05a vals=[0.0163096 0.0128948 0.00288371 0.00018135 -0.0126095 -0.00410942 0.0175655 -0.00596467]
CGC-S1: OUTSET phase=dec graph=7 il=5 nrows=8 set=c39e6355ed7dff36 rows=[529314e3e5b52b49 802b51cc8f1b25ae d89bb1574910c478 bc19a16c4cbf4643 b3134acbd3682b7f f7183abec3306693 93fddc4f839d9f59 ab137caaea5d191c]
CGC-S1: OUT phase=dec graph=7 il=6 ne=[2048 8 1] fnv1a64=8f3dcd5a9b72de1b vals=[-0.0717406 0.0197396 0.0285937 0.0116864 -0.0097764 -0.0360062 0.0382911 0.00868717]
CGC-S1: OUTSET phase=dec graph=7 il=6 nrows=8 set=bdefb439943cb1cb rows=[b5bbb8314be91e24 fca1f6e6502cd6e3 42c218185f5ca718 642e600a00f0278e 6b12e9ac6f2a5886 9c41139dbca5031e 4bc155e93b8b42df cc6c336e4c6b1382]
CGC-S1: OUT phase=dec graph=7 il=7 ne=[2048 8 1] fnv1a64=4cef7cc054db33c9 vals=[-0.044349 -0.00658003 0.0217842 -0.00912436 0.0649825 0.000719773 0.00477653 0.00753824]
CGC-S1: OUTSET phase=dec graph=7 il=7 nrows=8 set=b661fe243a22d27b rows=[370d76141a0edaf7 b36bc710ee018f50 49dec8583d2f3aab 2cac60f5b8573e68 15289ef8f5254966 ec654c91ffa1cbba 5124efae2a4d3a44 c39309d83148d64a]
CGC-S1: OUT phase=dec graph=7 il=8 ne=[2048 8 1] fnv1a64=9deb3e2046de05c4 vals=[-0.0217405 0.0129104 0.0185683 0.00951524 -0.0119957 -0.0492606 0.00128186 -0.00397379]
CGC-S1: OUTSET phase=dec graph=7 il=8 nrows=8 set=7540e3e274277865 rows=[506e2a33579872e1 8f903ab2e0024db2 3b48ca1c25617904 284c95b6374b4581 db84efd803b93bd8 5c10e311c657b975 83b2668657682f81 cbefe8e7cc421c29]
CGC-S1: OUT phase=dec graph=7 il=9 ne=[2048 8 1] fnv1a64=5f46470ddd7356f4 vals=[0.0126137 0.00666269 0.0204087 0.0104482 0.00335537 -0.00247314 -0.0222606 -0.03666]
CGC-S1: OUTSET phase=dec graph=7 il=9 nrows=8 set=f22aeee74191d689 rows=[5e2df4fd051efe65 a7d43f2758db082e 3a10996dd9d2fff6 0e6bb9213d156417 903d992771df85c2 3c9e7910ca40f3b7 09a3122c46765e89 fb69431f9ad7aa75]
CGC-S1: OUT phase=dec graph=7 il=10 ne=[2048 8 1] fnv1a64=bfe10131373261d5 vals=[0.00110521 -0.0363272 0.0149983 0.023137 -0.0101908 -0.00709301 0.0521309 0.0447996]
CGC-S1: OUTSET phase=dec graph=7 il=10 nrows=8 set=6c78d979e5effa2d rows=[c68e6062df5014c8 e419ebaad62071ae dc5afead81b24007 cfe2a01bd592be37 250ab2cb2ec93dba a1d756b751995abd 916ff6497d88aefe 2d6cb8d6bf03856d]
CGC-S1: OUT phase=dec graph=7 il=11 ne=[2048 8 1] fnv1a64=7a4bab39a6052d69 vals=[0.0558758 -0.0188447 0.0376985 -0.0139317 0.0207621 -0.00769863 -0.089113 -0.0472038]
CGC-S1: OUTSET phase=dec graph=7 il=11 nrows=8 set=69b4515661ba9e10 rows=[7c2b84a0f961fcb3 6b1b6613985b1404 08997e5b35441d5a 4e52529b7f57e080 16ab4a282fc629a2 9d04a642336b965d de19e3b935db4857 d819a1e85ed52797]
CGC-S1: OUT phase=dec graph=7 il=12 ne=[2048 8 1] fnv1a64=6a800fa2c5671eaf vals=[-0.0174788 0.110651 -0.032113 0.0215176 -0.00862532 0.0467378 0.0452498 0.017445]
CGC-S1: OUTSET phase=dec graph=7 il=12 nrows=8 set=04dc353a4eafa889 rows=[45fcb26d0132723c 7af99bb1cf23bcd4 fc83f492830ec9a1 c270659ad871d459 d1048917f3185b52 ee4b74d40c9883bd 992dba6d61539806 4817a0f2b1c146dd]
CGC-S1: OUT phase=dec graph=7 il=13 ne=[2048 8 1] fnv1a64=a0df7e47d58fc7a0 vals=[0.00285631 -0.0179468 0.00857417 0.0710058 0.0614922 -0.0228511 0.00945504 -0.0109141]
CGC-S1: OUTSET phase=dec graph=7 il=13 nrows=8 set=5605ec1cbe48c196 rows=[1a9ca21a6ff5d8fb c42395cad50494e6 ed7501447d323350 b377e2449b195c1e f8843397395b896a 5209e870eb3bda06 9f917e0f2e594932 a6c57c252e484dd2]
CGC-S1: OUT phase=dec graph=7 il=14 ne=[2048 8 1] fnv1a64=098c3d972c684b96 vals=[0.0106217 0.0168701 0.0281236 0.028809 0.0055915 -0.0110259 0.0184915 0.0259705]
CGC-S1: OUTSET phase=dec graph=7 il=14 nrows=8 set=2f5890ff38b43829 rows=[c866493b74fe9ab0 f3b9fe80d3cacfcd 1eb6b367a5f79870 b6152c45f5b35f56 0ec03050b5995bb9 58fe6e709d6382b4 01e32e8513c5dd7a 86b8cad55cc35fd9]
CGC-S1: OUT phase=dec graph=7 il=15 ne=[2048 8 1] fnv1a64=d712a1e186f314ae vals=[0.00771765 0.0231573 -0.0162417 -0.000251625 0.0611671 -0.0240171 0.0361424 -0.00849407]
CGC-S1: OUTSET phase=dec graph=7 il=15 nrows=8 set=344dd2037f433738 rows=[74b4d179da01a333 c81ee00c85212fb8 f3637f6f0ff3e98a 6e434cec2db99b91 d6d91dd4e2549613 baef42a7914ea9e8 cb6b1e1eb09b9946 662acb6dbd52fbb8]
CGC-S1: OUT phase=dec graph=7 il=16 ne=[2048 8 1] fnv1a64=e01223a1429e8f43 vals=[0.00737363 -0.0319524 -0.0169045 0.0387092 -0.0219158 0.0906674 0.00987048 -0.00598944]
CGC-S1: OUTSET phase=dec graph=7 il=16 nrows=8 set=1b09bff6c839db8f rows=[693bf4a0c771b39b b0e283e2391619c9 c26f79ca926bcf64 8ca7ee7cc7f91f49 ca2cc566c0e5caa0 f3a10720c834808e e37f1274cf09bb2f b0e7d523a4e42752]
CGC-S1: OUT phase=dec graph=7 il=17 ne=[2048 8 1] fnv1a64=a5fe79971a6a903d vals=[0.0261555 -0.0156613 0.0187917 0.0156609 -0.000667854 -0.0149363 0.0326632 -0.027445]
CGC-S1: OUTSET phase=dec graph=7 il=17 nrows=8 set=9f5c4db08b1ce0b2 rows=[73c08e8149112ae1 d8ef6fce3621fdd5 c103882d1c351aa7 ba3e2d9618938453 9933696270f96a51 ef9bda772979c78d e86f88b897587df3 95d54cd98bdf6d39]
CGC-S1: OUT phase=dec graph=7 il=18 ne=[2048 8 1] fnv1a64=ddd16dc371982321 vals=[-0.00862998 -0.0661569 -0.0119684 -0.0783457 0.0372534 0.00540004 0.021972 0.0430698]
CGC-S1: OUTSET phase=dec graph=7 il=18 nrows=8 set=1dd57d48f6cd6d33 rows=[f0903a4dbbf7bf70 febe15f7fb216f8e 21a8eb789b6316b2 dca4c9a7544a2fab 92c4d1f13440174a e12be71abc878037 504c456f86c2fe12 8168257221b7259a]
CGC-S1: OUT phase=dec graph=7 il=19 ne=[2048 8 1] fnv1a64=4459a296a7a64050 vals=[-0.0474531 -0.0162447 0.0176131 -0.00819367 -0.0605965 -0.0109471 0.0659519 0.0418573]
CGC-S1: OUTSET phase=dec graph=7 il=19 nrows=8 set=a6206b786c60b346 rows=[535f1a8930cfde70 159e8ae7a47896da c066abcefa797a60 cbd8da86aab00f06 9bf19fd4922e23ec f1512d5d1b8b9c79 1cf623dc47150d53 cbfc107f9c1ed0a5]
CGC-S1: OUT phase=dec graph=7 il=20 ne=[2048 8 1] fnv1a64=fae36c3f7bef685f vals=[-0.0160991 0.00538488 -0.00291063 0.0320314 -0.0384565 -0.0307187 -0.0167972 -0.0253306]
CGC-S1: OUTSET phase=dec graph=7 il=20 nrows=8 set=e13874e637d74785 rows=[e3a7d66a962250d8 64b72b62bf760e65 0d89716ca784107d f2dd7b959366494d 7f9c65ec210a9702 7899eaaf07cd14c4 dd71a445f17a377c b869dd5bc2242c87]
CGC-S1: OUT phase=dec graph=7 il=21 ne=[2048 8 1] fnv1a64=3fc8cea5a10272cc vals=[-0.00936576 -0.121217 -0.115482 -0.0283404 -0.0232514 0.0245584 0.0853464 0.151299]
CGC-S1: OUTSET phase=dec graph=7 il=21 nrows=8 set=d15e7c341c6a5dce rows=[00a61ccc5fb72ba4 07a3438ca51fbfc8 e601a3b867ed467c 9779f20db7723940 e20f558f65f5b19f f1f33ca0aac25cdc 9aaf0f874d9e5123 d90bbfa2c4ee6aa3]
CGC-S1: OUT phase=dec graph=7 il=22 ne=[2048 8 1] fnv1a64=720c68079e366c40 vals=[-0.0203582 0.021861 -0.00312764 -0.0174024 -0.0587557 -0.0851871 0.0185717 -0.0739849]
CGC-S1: OUTSET phase=dec graph=7 il=22 nrows=8 set=dde0a871a31019a0 rows=[0baa214d67dd0636 8397a9d9644e6c48 fb9c66bc744f900d e3b1650c2ed33f61 dbaf454bbda2bc58 a717c2c503647ef5 0614a3b5d6f1d434 576aba4914510d28]
CGC-S1: OUT phase=dec graph=7 il=23 ne=[2048 8 1] fnv1a64=68d6d996215d6f1a vals=[-0.00131674 0.00537175 -0.0104833 -0.0372497 0.0373222 0.0923153 0.0506077 -0.063824]
CGC-S1: OUTSET phase=dec graph=7 il=23 nrows=8 set=28f62665b3447bc5 rows=[002c1d6b2814e77e 16ab332d628fdf2b 1fae0ddd8ac0076d bae8d9b6f05a4e03 125c0a6717e22f2c 6144982b214671ca 15ffaf3d0af59b9b 4b4bb53f52bd46df]
CGC-S1: OUT phase=dec graph=7 il=24 ne=[2048 8 1] fnv1a64=5978c4efa6dbc810 vals=[-0.0992039 -0.0868867 -0.0252688 0.0838811 -0.0810621 -0.0342098 -0.075326 -0.0320928]
CGC-S1: OUTSET phase=dec graph=7 il=24 nrows=8 set=4356118dea453904 rows=[a6327c5244416c32 d2db68782a3c42ba 04038ac735fd084f ec6990694b134077 7438ac8a984ae05e 44d1d70edaa88785 f0dc54c649285a94 7a0e2df9703745a8]
CGC-S1: OUT phase=dec graph=7 il=25 ne=[2048 8 1] fnv1a64=54549c822493d4c0 vals=[-0.161156 -0.196949 0.169772 -0.00887564 0.0511995 -0.0403914 -0.0249366 -0.0244344]
CGC-S1: OUTSET phase=dec graph=7 il=25 nrows=8 set=993cf80efab1b349 rows=[bcef18de956cd10a bddaa16ab7661c0e 01ae45a9b47822c8 a74fabcd37c398b7 be8e24332b0cf363 38e7d78795d8627e 23db22ac37597999 74e949d5caacd548]
CGC-S1: OUT phase=dec graph=7 il=26 ne=[2048 8 1] fnv1a64=a7f94c52353ea6ca vals=[-0.0853943 0.0389129 0.127465 -0.106563 -0.174094 0.0178161 0.124766 0.0307262]
CGC-S1: OUTSET phase=dec graph=7 il=26 nrows=8 set=31f6b7264608e906 rows=[3eb58e8f7e4b2340 3833bb4177329a29 1a487fa4cd5ef656 af4d135b98f31d91 ee486b202487a68c 9e4948f64800be65 5af615b75d7f9cbb e446810802e2f661]
CGC-S1: OUT phase=dec graph=7 il=27 ne=[2048 8 1] fnv1a64=cfb7ce7b08c70559 vals=[0.0435439 -0.0209197 0.0130873 0.0368426 0.0412167 0.0375303 -0.0340426 -0.0458539]
CGC-S1: OUTSET phase=dec graph=7 il=27 nrows=8 set=b915bea69450671d rows=[7dec39e9f186214f 65393dd61cf51752 147ded1611186aaa d4d55c813ee91d00 c2126f783a7c4fc6 1ff573b0e5edc1df c0bb6e715e0fbd63 ceeede1a20069df7]
CGC-S1: OUT phase=dec graph=7 il=28 ne=[2048 8 1] fnv1a64=05ad9d079f33b92f vals=[-0.0426559 0.0804143 -0.163381 0.0275405 0.0212046 -0.152783 -0.0871255 -0.000723336]
CGC-S1: OUTSET phase=dec graph=7 il=28 nrows=8 set=22d8f228259e0f48 rows=[7dd5bc1f58d6f810 249243a8953f8bf3 ed92051e55a5edad e28d17525900c5a7 051ff0effd75dbc0 355d63af8646a5f2 e602763685d8d34d 0064367103e2aa52]
CGC-S1: OUT phase=dec graph=7 il=29 ne=[2048 8 1] fnv1a64=bcda7e9ada1df35d vals=[-0.0826802 -0.00432148 -0.0672916 -0.0216759 -0.0439539 0.0125931 -0.0650377 -0.0126757]
CGC-S1: OUTSET phase=dec graph=7 il=29 nrows=8 set=a3eb01e8c897ad2a rows=[d95d8328e264e100 c4c2baf9eccef7f6 6a1976e9482efa71 cdc0e99cc9afcdf2 15d949f5ab9e9386 66e35ed42bb2a352 dec92edc2da89b8e 5209ed92c26bc1bd]
CGC-S1: OUT phase=dec graph=7 il=30 ne=[2048 8 1] fnv1a64=1e0c3ca267ab5352 vals=[0.0183685 -0.0502521 -0.0110316 -0.0835242 -0.0971987 -0.0207044 0.0535853 0.0519011]
CGC-S1: OUTSET phase=dec graph=7 il=30 nrows=8 set=4cba5c0e0cd61bc4 rows=[e1c5e761f4e6afc9 1b65d4d217da35e1 a9d430752f173c30 ced71c75838b7b4d 2466eb894876fc30 c77f8f42e6b091d5 be921e9c06a8a193 aa76d81ed10f2d1a]
CGC-S1: OUT phase=dec graph=7 il=31 ne=[2048 8 1] fnv1a64=922de2ad7b402d30 vals=[0.149458 -0.00377604 0.0125144 -0.0620973 0.000739422 0.0219679 -0.116943 0.0378503]
CGC-S1: OUTSET phase=dec graph=7 il=31 nrows=8 set=58e9defef64506fb rows=[767193736d7d545e d466a1819aa59b26 f2686f32c1f5135f 09518811ab7ce18e d5749ae763924e4f 938f83d9cf004ded cc4af0f204fc424d 1e0b2a46c850b379]
CGC-S1: OUT phase=dec graph=7 il=32 ne=[2048 8 1] fnv1a64=f8be8cf4cd9433ac vals=[-0.105996 0.0233163 0.0623489 0.0962984 0.0244571 -0.135554 0.0402089 0.00921911]
CGC-S1: OUTSET phase=dec graph=7 il=32 nrows=8 set=c89c227dc0429ed0 rows=[f7ed14542d18c852 8096d9d2dfb37bec d529808824169da2 032da4e9c39475cb cc0168a82a14a8ee ba0b8dc23619b487 1bfcf205183ffc98 53aafeb70beaa1fd]
CGC-S1: OUT phase=dec graph=7 il=33 ne=[2048 8 1] fnv1a64=81d07ccbe5dc27a6 vals=[-0.0500128 -0.0212168 0.171236 0.202665 -0.26531 -0.0549339 0.208901 0.257848]
CGC-S1: OUTSET phase=dec graph=7 il=33 nrows=8 set=b7146977767a00a8 rows=[18c65d578220ff52 111bbae0cc0b09fe 8b2cfcd9acdea59d 664742ae256f5646 5fe3d6c7ff963a7e 8626005558c0db33 097df8acef62f222 791f50601a81b78d]
CGC-S1: OUT phase=dec graph=7 il=34 ne=[2048 8 1] fnv1a64=bc688d3cbb593f7d vals=[0.292968 -0.0330907 -0.122987 0.109011 -0.340967 -0.128586 0.0789085 -0.0124663]
CGC-S1: OUTSET phase=dec graph=7 il=34 nrows=8 set=9bcf3774c4f7e45e rows=[294a7d3b79fded9f 410587e184f1620f 01eb600e38af633b 40bfef13ea836895 a877c18376f3a3aa e300f0e194c63082 f48bad6a7218faf9 40666520c0f5ffc5]
CGC-S1: OUT phase=dec graph=7 il=35 ne=[2048 8 1] fnv1a64=ef0be7b433b3139d vals=[-0.0213277 -0.0600782 0.0685736 0.00459176 -0.0607336 -0.0240135 0.177979 -0.00652143]
CGC-S1: OUTSET phase=dec graph=7 il=35 nrows=8 set=16a0127ec16c181a rows=[9d77afb586087a34 dd3908fdbb9e2c8c 5c438b4951c1c5f3 0b8f3be72622875d aff3d31e8a7cd9d7 71062dc478359de4 a7b27adfdaf311fd ccd86135b502f58a]
CGC-S1: OUT phase=dec graph=7 il=36 ne=[2048 8 1] fnv1a64=be4c9701d735986a vals=[0.0370749 0.0168345 0.0316562 0.0771552 -0.0962515 -0.114101 0.161236 -0.28054]
CGC-S1: OUTSET phase=dec graph=7 il=36 nrows=8 set=2a402c914e73698e rows=[190631b23d2e2640 d835edb31577c739 77bfc7646615c7e7 4adfcc315f3cb80f ff4ea6b79d1ebf2d 291c093caab68025 4c0d3df83cf9c9f3 bf2003d761870a83]
CGC-S1: OUT phase=dec graph=7 il=37 ne=[2048 8 1] fnv1a64=cff1e1c722a34cb1 vals=[-0.0814193 0.166749 0.101745 -0.112491 0.0415901 0.0966007 0.0073603 -0.123436]
CGC-S1: OUTSET phase=dec graph=7 il=37 nrows=8 set=c12de56ec4d840dc rows=[714d995ac0ac030c ac5f952f8bdfacc6 b37d49ed4e4e6f5f f2bb5303548ad12c c21d9f9ada070c70 401ab221cd9270f9 21731b3f5edb7abb 347274553b869d4d]
CGC-S1: OUT phase=dec graph=7 il=38 ne=[2048 8 1] fnv1a64=cdc2b2af2939ff9b vals=[-0.408337 -0.173293 0.0859352 0.0665429 -0.0217343 -0.171817 0.117615 0.0768319]
CGC-S1: OUTSET phase=dec graph=7 il=38 nrows=8 set=52ee63cf3713c7e8 rows=[c8da40ac13267040 60ae373799e91af3 82a011b9914f0300 97105489ca120bbb ffb4d23100f8e0db ce7cd23b9e3bee99 023aaa49bd834e08 8fbb4a7160ed7f62]
CGC-S1: OUT phase=dec graph=7 il=39 ne=[2048 8 1] fnv1a64=5968ed2ced47a2eb vals=[-0.119353 -0.0509516 0.00738718 0.0589469 -0.0508466 0.0422122 0.0500436 0.075975]
CGC-S1: OUTSET phase=dec graph=7 il=39 nrows=8 set=22b000b4dec91662 rows=[8e2561054842b038 502cbbf8dcabc090 52701f0ae6759505 1a7ca2e4898b52c9 a2fabd3a7f46080d 4b12da6b8e62a460 ecc3c31fadfdd203 732b02eff2a46186]
CGC-S1: OUT phase=dec graph=8 il=0 ne=[2048 8 1] fnv1a64=daf2973d10d4e64b vals=[0.000100986 -0.00198988 -0.00127487 0.0130004 -0.000922207 -0.00509252 0.0135652 0.00912183]
CGC-S1: OUTSET phase=dec graph=8 il=0 nrows=8 set=7152ae02347699fc rows=[e50e9cf8c03a9831 ea23e8af281f66bf 9011dde534e7bcd7 47334d139cb3f513 0346106248b37a62 ab9911ada216bc9c a8e2c7fb5f2174a3 bfa75ab793d497cf]
CGC-S1: OUT phase=dec graph=8 il=1 ne=[2048 8 1] fnv1a64=0634d961b6a4b506 vals=[0.00635639 -0.00120296 0.00164809 0.00431193 -0.00454068 -0.00410452 -0.00762796 -0.00249518]
CGC-S1: OUTSET phase=dec graph=8 il=1 nrows=8 set=4dec8febb65c006c rows=[cdcce6843e9958ce b393a74dfe6720a2 a545db799131c7ea de4983fa3cc594dd d2e25d580b59f57a 2ad92df3a118a5c1 22a7f8d4ca9c7fd1 8736621437c90184]
CGC-S1: OUT phase=dec graph=8 il=2 ne=[2048 8 1] fnv1a64=51478844a3c66cc6 vals=[0.00475699 -0.00331152 -0.00224047 0.00818258 0.00493226 -0.00521444 0.00263884 0.000588009]
CGC-S1: OUTSET phase=dec graph=8 il=2 nrows=8 set=f44e3ae52adb8f87 rows=[392acd63fb37cf4d ad62eb864c551afa 793f0c58f241d019 66f011d3b4e0d592 9eb6f3eb5d82a15c d66fe832b1c2d7ff 24a5e1178577fb60 1d6b584d26856b6e]
CGC-S1: OUT phase=dec graph=8 il=3 ne=[2048 8 1] fnv1a64=64f58500188c17e8 vals=[0.0114293 0.00670412 -0.00630837 0.00759626 0.00382946 0.00978629 -0.000813563 -0.0134341]
CGC-S1: OUTSET phase=dec graph=8 il=3 nrows=8 set=a2271bc013517a6c rows=[de9dc47a76ce3b40 e062e573b25f1caa 15476dfe5af51d95 809ad0c58ebc46d5 44b8362453bc426e 8104ffe2ae316c8f 48274aadbf9fa648 9922d3f4a1192360]
CGC-S1: OUT phase=dec graph=8 il=4 ne=[2048 8 1] fnv1a64=c462ee9c73e410d0 vals=[-0.00237836 -0.00628853 0.00211994 -0.010567 -0.0158588 0.000831007 -0.00572701 -0.0234957]
CGC-S1: OUTSET phase=dec graph=8 il=4 nrows=8 set=dae2674af67f5fb7 rows=[e6e3aa018dd57e1f cea274f44c6c764e 7375cd7410e4db08 8797d7f055437e3e 3a131b5cef560538 aad4104b2e6a38f7 b337a7f7f31a5454 8e32a0c0b46b671f]
CGC-S1: OUT phase=dec graph=8 il=5 ne=[2048 8 1] fnv1a64=bcc994623592dc25 vals=[-0.0027663 -0.0122655 0.0125292 0.00959441 0.00787341 0.00556642 0.0140916 -0.0133429]
CGC-S1: OUTSET phase=dec graph=8 il=5 nrows=8 set=651f18509f5179d2 rows=[12accd2737473c83 9e5ef783b01cd553 137dab9faa02188b 96a71ab020ece3b7 e8c678639ed171ef 5ddf71ca30247741 396a6b6c8fa62272 ec094359c01b00e6]
CGC-S1: OUT phase=dec graph=8 il=6 ne=[2048 8 1] fnv1a64=483f3977682176db vals=[-0.015575 0.0173413 -0.0370295 0.00363219 0.00857613 -0.00465072 -0.00011444 -0.00902492]
CGC-S1: OUTSET phase=dec graph=8 il=6 nrows=8 set=1c13c831b7e13d88 rows=[f86b9c5b2d2016bd bb7a4693e93c9f95 029e5fd414630d23 b718d5cbc54360b7 7887d03c75b1ee3c 92d26c4c3fc433da df072bcbd0f185f2 4c2c440f21dc7184]
CGC-S1: OUT phase=dec graph=8 il=7 ne=[2048 8 1] fnv1a64=190b2e1a5b04d04c vals=[-0.0244093 0.00224665 -0.0283462 0.0222515 -0.00611522 -0.00681425 0.0775063 -0.0149803]
CGC-S1: OUTSET phase=dec graph=8 il=7 nrows=8 set=1ac993b52997a130 rows=[4dd9db77265e0802 26093f239605038a 32f82c51cb850a70 9b534f98a94e1341 5b12dbfdd6b69da2 31abf9be7e92c95b f30f5b7a1acc5064 7f960f8e18b1b74f]
CGC-S1: OUT phase=dec graph=8 il=8 ne=[2048 8 1] fnv1a64=ad0b48d154e3a479 vals=[-0.0103114 0.0161511 0.027661 0.0141675 0.0124222 -0.0108545 -0.00631911 0.00393771]
CGC-S1: OUTSET phase=dec graph=8 il=8 nrows=8 set=bb749714fd29374a rows=[b6ed40982da99ac1 0449f045dbb38c9c 6ad6e53df499ffac 5d2ae7da45bb6668 99307150197383ef d57a1ecdffcd2302 068b64011188a5d0 aa117a9433634336]
CGC-S1: OUT phase=dec graph=8 il=9 ne=[2048 8 1] fnv1a64=d4a729eb7a77c57d vals=[0.0121421 0.00130354 -0.0181808 -0.0199126 0.0129406 -0.0202124 0.00947969 -0.00782163]
CGC-S1: OUTSET phase=dec graph=8 il=9 nrows=8 set=36803f94de41e35e rows=[36e838ae1f4915e8 90e89f3d285179cf 478e132569ec7478 be1312ebb041dabc 22bbb9a9dc0d0b55 fd8290e55a1e6766 ac3ee7848a7ab078 7879d8497f6225ea]
CGC-S1: OUT phase=dec graph=8 il=10 ne=[2048 8 1] fnv1a64=591f11bc81b602fc vals=[0.00905197 -0.0152007 -0.0163816 0.0291198 -0.00822782 -0.0151551 -0.00295164 -0.000582178]
CGC-S1: OUTSET phase=dec graph=8 il=10 nrows=8 set=190b2028a1b51da5 rows=[02535bfd2b37feee f894e6df24328311 5333ead50c306510 a799f9d70c5e61ce 4984a75edf79c0ca ce253822ee3a982c 76d71b5b055d8f20 64f8b8bc43bdd014]
CGC-S1: OUT phase=dec graph=8 il=11 ne=[2048 8 1] fnv1a64=5ab154c99b81dbba vals=[-0.0518103 0.000575731 0.035585 0.00983289 -0.0222151 -0.0193623 0.000963575 -0.015696]
CGC-S1: OUTSET phase=dec graph=8 il=11 nrows=8 set=384a97c0dbaaed60 rows=[15f51c591ca03a7e e581fc69b06e65e7 f4f9905faadad62f b8deb2ea7248dbf3 e6bd379a65bbef21 b1acffacf4f1808c 0a12862c8fa55eb9 13e7ae06164f5f6c]
CGC-S1: OUT phase=dec graph=8 il=12 ne=[2048 8 1] fnv1a64=9d5210fe58c39b1d vals=[0.0283566 0.00827459 0.0610547 0.0211206 -0.0116405 -0.0442177 -0.0091758 -0.0289664]
CGC-S1: OUTSET phase=dec graph=8 il=12 nrows=8 set=e609dc1f8fa29aae rows=[d9b21de046273448 5f7d0e3a228ee375 2803fe031de517b3 66ce0b0206c3c730 847e69b2709a7dbf 0a8feab579e0b5a0 e22501f2eed99d1b d275a589b9cb9c1c]
CGC-S1: OUT phase=dec graph=8 il=13 ne=[2048 8 1] fnv1a64=e8f1e129f2f24472 vals=[0.0138185 0.0263084 -0.0141178 0.0307251 0.042964 -0.0208165 -0.0249638 -0.0330405]
CGC-S1: OUTSET phase=dec graph=8 il=13 nrows=8 set=d0f16dd4bf4fbb6d rows=[075ef9588e680c2a 5f142aeadd703ce8 6180d30b78605813 d5bb301cf82d71b4 3166bca6d95614ae 2481bb7e2e785214 e5fdd48cf67feb3f d5490865f2bc3945]
CGC-S1: OUT phase=dec graph=8 il=14 ne=[2048 8 1] fnv1a64=20c36e21afdff690 vals=[-0.0360818 -0.0218077 0.0212184 -0.0261926 -0.00465676 0.0294802 -0.0127716 -0.0158384]
CGC-S1: OUTSET phase=dec graph=8 il=14 nrows=8 set=3bc45d5f884b26fd rows=[304b70e6cb2c5ee1 dd55094ced1311c8 6c07a641ba5504fb a97a6be64be64f64 d3a798023a6f0d46 7f4b66a391fdf7f7 775cb24d9dfb9821 bf7d299f13f7b009]
CGC-S1: OUT phase=dec graph=8 il=15 ne=[2048 8 1] fnv1a64=ef82b1a432b98daf vals=[-0.0352549 -0.0378541 0.00227271 0.0496358 0.00439072 0.0159835 0.0217182 -0.00198962]
CGC-S1: OUTSET phase=dec graph=8 il=15 nrows=8 set=cde130b257e57037 rows=[0006b8f32de362da cb9dde3572aa4fc6 e7322de611decdb3 c5a3beb9c0e19202 ed83b2dc84186f1b 6b994642e0daf9c6 a8326e041017573b afa91ec61accfd67]
CGC-S1: OUT phase=dec graph=8 il=16 ne=[2048 8 1] fnv1a64=fe9543c875b5dfc9 vals=[0.0216247 0.00139921 0.0122753 0.0336901 0.0204763 0.0046756 0.050156 0.0287681]
CGC-S1: OUTSET phase=dec graph=8 il=16 nrows=8 set=2b99b01104d5c497 rows=[beecc8839a71f380 6d408369df542560 b66285ec0d536c6b bd857c4b93f98bbf 5bac4fc5e3cbb3d7 26bf2a81b9c0ca72 7f7bfc25937ee9d1 236f0aa9541bcd56]
CGC-S1: OUT phase=dec graph=8 il=17 ne=[2048 8 1] fnv1a64=7a75b3f38c35df21 vals=[0.00299229 -0.0515608 0.00716974 0.0264242 0.023049 0.0393361 -0.0324735 -0.0013313]
CGC-S1: OUTSET phase=dec graph=8 il=17 nrows=8 set=4dc1b26f85bdeeaf rows=[a81f2a752830ebd1 3755ea72152b7597 3d83739df9e77d28 910283acfde93631 7b391e9aa392e780 c79b3ce352e1ba8f 8fb91e9c2428dc80 c16653c9cde053ae]
CGC-S1: OUT phase=dec graph=8 il=18 ne=[2048 8 1] fnv1a64=1e5daad7f7b295ea vals=[0.00295928 -0.023394 0.0121268 0.0307666 -0.0275557 -0.0161082 -0.0254495 -0.00450914]
CGC-S1: OUTSET phase=dec graph=8 il=18 nrows=8 set=510cb6c656f2f4f6 rows=[5d8dd23b7baaf54e 401463c9788433f0 4ea8419fc086c3ea 24bd8f8fc007fcd6 0369f279b1cd0fd6 220b8a9afe42a0f1 c319d27c1a901636 6f00fa8ff3063d9e]
CGC-S1: OUT phase=dec graph=8 il=19 ne=[2048 8 1] fnv1a64=af2c347055504c9b vals=[0.0916846 0.0505391 0.0254968 0.020067 -0.00860253 0.00421497 -0.0218609 0.0617849]
CGC-S1: OUTSET phase=dec graph=8 il=19 nrows=8 set=45b788d6d076c437 rows=[3723afefaa398d28 fd10fc3cb4b524cb 7e7b47fa0aeb5ad6 f0aaa8b455cca8b3 bee6be83381b5254 7acc69fbaf937819 e3aea5d82ee6a52e 0583d8d2cb73934d]
CGC-S1: OUT phase=dec graph=8 il=20 ne=[2048 8 1] fnv1a64=fcb5243b33cec141 vals=[0.00143773 -0.0847114 -0.0157863 0.0149168 -0.0261437 0.0651579 -0.010058 0.0547953]
CGC-S1: OUTSET phase=dec graph=8 il=20 nrows=8 set=4e60bdb6284a8a48 rows=[13bff61e983d1ae5 135cfb57dbf84e07 2c9632080973aff8 c9179c9d41d18391 7604a21f9891ba1a fd79c3c36fe65005 e04ef05b05c1a2ab b7e628fff8b39e2d]
CGC-S1: OUT phase=dec graph=8 il=21 ne=[2048 8 1] fnv1a64=b726af8679c08e37 vals=[-0.0724427 0.0167101 0.0165623 0.0296013 0.0401284 0.0164798 0.00200972 -0.0201614]
CGC-S1: OUTSET phase=dec graph=8 il=21 nrows=8 set=f2d1fb0c20338e38 rows=[e4b6d1975cb08c7b c11441bfea8facc7 57e3eb3c1549ca30 9f9614bccff5a5de d54321c84769b374 166a853e62d914d9 71c8106d2cd7b706 21114a0b2afbbe65]
CGC-S1: OUT phase=dec graph=8 il=22 ne=[2048 8 1] fnv1a64=31c725ba2a6cac9b vals=[-0.0148379 -0.00108505 0.000121638 -0.0446793 -0.0989804 -0.00121309 0.112252 -0.0233084]
CGC-S1: OUTSET phase=dec graph=8 il=22 nrows=8 set=86784468da37d0ff rows=[c9c3fe875d05de9c 4f719f58a2734c62 9904501f83caa2cc 2bd50adda1d43beb b29bb78a2ec96ad0 539016abf650c305 35739d515b5e60a6 6f96ee1ec8f9bef6]
CGC-S1: OUT phase=dec graph=8 il=23 ne=[2048 8 1] fnv1a64=3fd6488b3ba9f54b vals=[0.0109244 -0.00391173 0.00735648 -0.0314977 -0.0408015 0.0139104 -0.0447305 -0.0311067]
CGC-S1: OUTSET phase=dec graph=8 il=23 nrows=8 set=ec68501e8e1cbbb3 rows=[9e59f8881c8f7bf3 58c007d24465dea4 1283c13b58019464 97fea3ab7b2ae264 7882f1084cca5b21 ebaed477ea84ae4a f22beb43bd1ddbb5 01071d2658062c99]
CGC-S1: OUT phase=dec graph=8 il=24 ne=[2048 8 1] fnv1a64=d61b46e22560040d vals=[0.0487595 -0.00314001 0.0589818 0.0460758 0.013636 -0.0187441 -0.0110996 0.0158077]
CGC-S1: OUTSET phase=dec graph=8 il=24 nrows=8 set=511abad30e0ef5c5 rows=[12c10f2ee6e4db7a 393c5179f88e29a5 f74486654d56626f 9888a828d4d8de24 6879d62e16864e86 f387084239dc8ea4 a57aa0d632647407 8783a3d2262cdc83]
CGC-S1: OUT phase=dec graph=8 il=25 ne=[2048 8 1] fnv1a64=767f2eeee90f72c3 vals=[0.0341543 -0.0126988 0.0245948 0.0725028 -0.0167406 -0.0690022 0.0500418 0.041072]
CGC-S1: OUTSET phase=dec graph=8 il=25 nrows=8 set=d897108ef1a63893 rows=[1893c540371869eb 0ad181a434ef7d79 42f71d87261f05d3 ae7d6cb7b503fbbd 610ab1978200362e e74189ba26cb0b43 82fb5cdc35798f65 8c89a3caea9e182c]
CGC-S1: OUT phase=dec graph=8 il=26 ne=[2048 8 1] fnv1a64=1f94750ece1faf3d vals=[0.145911 -0.0697119 0.0149669 0.0255829 0.00847072 -0.0454831 0.0475639 0.0389552]
CGC-S1: OUTSET phase=dec graph=8 il=26 nrows=8 set=2bb6a527c3571c6c rows=[61dc83b8d7005d18 e3cf4092088619eb 2dab76327d238c50 0d237d2620d692cd 0081c3be85ea5dcb d77d14db00924bf0 b292e0b692330fad ac6ec7c654158d12]
CGC-S1: OUT phase=dec graph=8 il=27 ne=[2048 8 1] fnv1a64=b4948e747c524805 vals=[-0.025055 0.0470384 -0.084992 -0.0485076 -0.0109995 0.0210398 -0.0182801 0.0467257]
CGC-S1: OUTSET phase=dec graph=8 il=27 nrows=8 set=d020e1c67818cb29 rows=[2e419d9720d16300 e635434d670e25bd 4057a24408b433b0 deabd7c1d850a26a d716e42aa3f5e0f8 a3c9318fa8e57720 4543ded09cc3590c d55fa2363e3b67d1]
CGC-S1: OUT phase=dec graph=8 il=28 ne=[2048 8 1] fnv1a64=9a0318307a16237a vals=[-0.00839799 0.007624 0.0144713 -0.0567257 -0.0377125 0.0148163 0.0161362 -0.0523047]
CGC-S1: OUTSET phase=dec graph=8 il=28 nrows=8 set=bb9b15f1283b304d rows=[6a07d65da33c5960 e7b15f68c221c42f 9640bcf1460f5116 94c82234c19f1308 ccb2618d2f647232 01c7db9fe95c266b 5ac30e41f46ad7a5 2d96b983ec7d9680]
CGC-S1: OUT phase=dec graph=8 il=29 ne=[2048 8 1] fnv1a64=94f34963bb1240b8 vals=[-0.0256588 -0.0381162 -0.0347486 0.0201465 0.048855 0.035552 -0.030857 0.0109041]
CGC-S1: OUTSET phase=dec graph=8 il=29 nrows=8 set=c029379366a676a0 rows=[9f5098dfaf94e677 53699c4b22c3f0b9 d29aeeb4ba53c1a3 4d4ab61680787a09 1c992a29d321751f ba4998bfa66e67f9 ef4b4826d1b02cb8 291c9eb6f0631d89]
CGC-S1: OUT phase=dec graph=8 il=30 ne=[2048 8 1] fnv1a64=af848eedf27bfc1d vals=[0.0339882 -0.0393193 0.0938964 -0.153082 -0.164358 -0.0267326 0.0109106 0.0739762]
CGC-S1: OUTSET phase=dec graph=8 il=30 nrows=8 set=2cef0c90c286a2ab rows=[ef3e4cb7b1366717 88a46f573334314d b548a0b7eb77f2e7 dd9415fefc14c519 f67bbb7f5d05e138 c59f39185e38252b 5b9cd924facfca02 62f86cde1f308133]
CGC-S1: OUT phase=dec graph=8 il=31 ne=[2048 8 1] fnv1a64=444300c08ced302b vals=[0.118908 0.0460459 0.118409 -0.108499 0.0499561 -0.0372988 -0.242682 -0.0419018]
CGC-S1: OUTSET phase=dec graph=8 il=31 nrows=8 set=387f830cb7b80105 rows=[f25fc02364b01969 338b8ddd24135887 35a60d2ec4a010f2 e5f4f666fafe7126 4f6a52703fb69675 26d588fe25d882fe bfe1283367a13a55 6d77b3c88096c624]
CGC-S1: OUT phase=dec graph=8 il=32 ne=[2048 8 1] fnv1a64=2d92894c953c4a51 vals=[-0.0788519 -0.0357583 0.112503 0.0601705 0.126584 -0.0148468 -0.262515 0.0246775]
CGC-S1: OUTSET phase=dec graph=8 il=32 nrows=8 set=00422de47565f47d rows=[522a345b83e8a12e 132354f4ee37a0a9 0e751ecdb95f9258 46c0ef9860516e3c e9960a8ad3bffeef 88cd567f3846dcae 580770fd61a59aa0 0a41ebb01eaf72ac]
CGC-S1: OUT phase=dec graph=8 il=33 ne=[2048 8 1] fnv1a64=837df64bf1864d8b vals=[-0.0238288 -0.0126416 0.063132 -0.16153 0.131806 0.00583354 0.11768 0.0116941]
CGC-S1: OUTSET phase=dec graph=8 il=33 nrows=8 set=9948200d512d3ab7 rows=[7eeaa2d4b2fcfdfc d21e48c1c9edf44e a3aecb341d693c94 41387e3e2cd9a5dd bdc78ab154888734 8653ecab9ba7adff c1e5d5a201285d2b 45c1353e0dfe2b6b]
CGC-S1: OUT phase=dec graph=8 il=34 ne=[2048 8 1] fnv1a64=ae37161575f30a85 vals=[-0.0670279 -0.0752056 -0.0691915 -0.0559788 0.322254 0.21291 0.0367155 0.0479653]
CGC-S1: OUTSET phase=dec graph=8 il=34 nrows=8 set=dc665b8c19deb4fa rows=[71fc0a5c78ca881f 774cb83b4b95f7ee 9fd8c9259b703aa6 4fccc3d44729f0ef 6dd1d3877741ed65 afb188f3973387cc f82643742e0dae50 cb02fdc7cec4816f]
CGC-S1: OUT phase=dec graph=8 il=35 ne=[2048 8 1] fnv1a64=956ffe66ff8a0d87 vals=[0.0413554 0.00934312 -0.0286042 -0.0829994 -0.0129357 0.0702692 -0.0863563 -0.0490903]
CGC-S1: OUTSET phase=dec graph=8 il=35 nrows=8 set=d29667021ca95bdb rows=[de094f700eb6764c dd75faaf53fc003a 4e43fff1bd683b28 973215c066931946 0155ed072aac5632 9e755dcbc311e147 0c02baf86dea9678 7c5fb8dd0710ebfd]
CGC-S1: OUT phase=dec graph=8 il=36 ne=[2048 8 1] fnv1a64=4f7100644188f0f8 vals=[0.0265616 -0.102771 -0.0478901 -0.14795 -0.0651858 -0.038681 0.0432291 0.0295693]
CGC-S1: OUTSET phase=dec graph=8 il=36 nrows=8 set=2b34142f60440fdf rows=[61567f774e3285ff 027d9df7971a1179 b0ad22a4eb48e633 4c6ff6b0cda98c89 188dd62c61ff9af1 d1c2ea871def5b0c 773231b24c5a3453 d9e827ca113c8039]
CGC-S1: OUT phase=dec graph=8 il=37 ne=[2048 8 1] fnv1a64=59becde80d5fabd3 vals=[-0.0559765 -0.128213 -0.302461 -0.0117379 0.0121091 -0.107212 0.104144 -0.114816]
CGC-S1: OUTSET phase=dec graph=8 il=37 nrows=8 set=6c79d28211badb93 rows=[fecc1c1745aa5f3e 2483370da9743fe7 5305c1a5c464939d 8974bcee7400b66c e7b04d4919d0db54 fdc0605ebb22ed64 69bcf8748c1012e9 1d414c03af835e59]
CGC-S1: OUT phase=dec graph=8 il=38 ne=[2048 8 1] fnv1a64=b4b5d0bb0f89b7a4 vals=[0.0935311 -0.0571064 0.252976 -0.100193 -0.0230872 0.256713 -0.139727 0.20959]
CGC-S1: OUTSET phase=dec graph=8 il=38 nrows=8 set=418e01828fe29052 rows=[2d087917b965d952 7c587acbcd87a2aa 800b015b64fc41cf d4f127f1086e303f f6ccd00c07bc5408 9dbd0c7003d3c520 a7aad5d4ad8ad94c edea604aea53e0f7]
CGC-S1: OUT phase=dec graph=8 il=39 ne=[2048 8 1] fnv1a64=f8d7ec7b238945c3 vals=[0.17789 -0.147781 -0.0603833 -0.34465 -0.128422 -0.0509828 0.186743 -0.0865081]
CGC-S1: OUTSET phase=dec graph=8 il=39 nrows=8 set=06808963624b5a9b rows=[8e5fd5a7cbac5982 d4679ff20cacb7cd c27f23e3f65e2fe2 bc996c30c2d80409 fe311668bf51792a 473050bdf48f618b 80e29884f96f58ef 6ae8f6e23e212e0a]
CGC-SEG: wait 7572.4 cb 7180.7 submit 277.2 us (1600)
CGC-DECPROF: step=40 segs=41 layers=40 total=201.78 ms | wait=131.59 (65%) cb=60.89 (30%) submit=9.30 (5%) ntok=1
CGC-DECPROF top1: L2 wait=6.93 cb=2.20 submit=0.20 ms n=1
CGC-DECPROF top2: L27 wait=5.81 cb=2.89 submit=0.22 ms n=1
CGC-DECPROF top3: L28 wait=2.32 cb=5.97 submit=0.29 ms n=1
CGC-DECPROF top4: L22 wait=6.16 cb=2.00 submit=0.18 ms n=1
CGC-DECPROF top5: L14 wait=6.97 cb=0.95 submit=0.19 ms n=1
CGC-DECPROF top6: L29 wait=7.09 cb=0.02 submit=0.25 ms n=1
CGC-DECPROF top7: L18 wait=6.93 cb=0.02 submit=0.24 ms n=1
CGC-DECPROF top8: L24 wait=6.92 cb=0.02 submit=0.20 ms n=1
CGC-GPUTIME: step=40 segs=40 bufs=357 skipped=3 wait=131.59 gpu_busy_sum=183.30 (139%) gpu_union=125.88 (96%) gap=77.62 (59%) ms
CGC-S1: OUT phase=dec graph=9 il=0 ne=[2048 8 1] fnv1a64=e26277977d82c457 vals=[-0.0101782 0.00147642 0.00230932 0.0128813 0.00703067 0.00526586 -0.00734046 0.00202588]
CGC-S1: OUTSET phase=dec graph=9 il=0 nrows=8 set=f118efc5d3e87d1d rows=[6a72c01edbfaaa17 92a3c970d98dff86 ceb993bd31ac2425 313eba90b1c13736 d5f1b02404710838 303e110c61faa346 52724d5db613ea9f b1e60562a154f4eb]
CGC-S1: OUT phase=dec graph=9 il=1 ne=[2048 8 1] fnv1a64=a8835a0c128b725b vals=[0.0243318 -0.0118787 0.00988909 -0.00902757 0.00777703 -0.0317615 -0.0413522 0.0149531]
CGC-S1: OUTSET phase=dec graph=9 il=1 nrows=8 set=47160dedc5ac21b6 rows=[fc92d85fa4856c64 51ff9315ca8a7de2 e072841919ac5ec3 33922dccd4a24851 04132c3fa0184e4a ee1e54218561eb0b fffc0ccf30ee4a3d bf97ed70ce146538]
CGC-S1: OUT phase=dec graph=9 il=2 ne=[2048 8 1] fnv1a64=eac56c7992f0be7f vals=[-0.00494093 0.0237844 0.00688732 0.00348328 0.0167963 0.00578236 0.0142974 -0.0144108]
CGC-S1: OUTSET phase=dec graph=9 il=2 nrows=8 set=85884f87e1b6be87 rows=[e74d245ce36fa0ce 60e574bd527a9a84 d9f9a3ea991b2cdf 781e38886bfedeb5 8952233bbcc9c1b9 053f9fb23512b1ee 3f0cf438c923d3e6 28cf868717345389]
CGC-S1: OUT phase=dec graph=9 il=3 ne=[2048 8 1] fnv1a64=cd783aa3aa201585 vals=[0.00749217 0.00949167 0.00158585 0.00194682 0.00988974 0.0109631 0.00950665 0.0134924]
CGC-S1: OUTSET phase=dec graph=9 il=3 nrows=8 set=af450a04d273ba48 rows=[7f93c507b7122405 8fbca7b3b4115a6f 8289b338f7f5b001 7a0d34ef07f7620b 5da096a9e3c2945a 7227bd2023077625 f277e3fc1eb2ee89 815b0fb2820ce4c8]
CGC-S1: OUT phase=dec graph=9 il=4 ne=[2048 8 1] fnv1a64=1bdd64c74a171ead vals=[-0.0069428 0.0276115 0.0325157 -0.0243058 -0.0262749 0.00914614 -0.0298688 0.0065726]
CGC-S1: OUTSET phase=dec graph=9 il=4 nrows=8 set=703299099c1c5fc8 rows=[49476c24de988e80 6dba0205ef06b86b d8dd7810b50f0db6 aefafee4a5e33a3f 05e23e41a38c4f79 8debc64afad9516b ce117c3e3d5d51aa 9a2f8bb716ca61b4]
CGC-S1: OUT phase=dec graph=9 il=5 ne=[2048 8 1] fnv1a64=4e65b65d1b1d9cb3 vals=[0.0169591 0.0301121 0.0354828 0.0133087 -0.0175414 -0.000114311 0.055828 0.0234585]
CGC-S1: OUTSET phase=dec graph=9 il=5 nrows=8 set=070489e11b7a945b rows=[e61fbd2a4326067d d141b0ba8569295d 91168b1d58019d4a 6b82625190a44c7a 860d92daa876e8fa 2b8d860f097fd199 e3a475df9950edc9 87adefc38d66324e]
CGC-S1: OUT phase=dec graph=9 il=6 ne=[2048 8 1] fnv1a64=77503a6560c9f454 vals=[-0.00708305 0.0216067 -0.0169006 0.0430017 0.0215222 -0.00139376 0.0100451 0.00840309]
CGC-S1: OUTSET phase=dec graph=9 il=6 nrows=8 set=c879b416a2cfb9bb rows=[9c70b9549037d271 b3976e1c2ab76bd2 090cb7b09459e93b bb57be22d01da88d 2fc45272908960f3 6d1b1602cc2893a0 6012f61e92808732 01bb6c0a4355001f]
CGC-S1: OUT phase=dec graph=9 il=7 ne=[2048 8 1] fnv1a64=205dc58970c4cca8 vals=[0.00524993 -0.000948833 -0.0141856 -0.00202758 0.00420705 0.00620046 -0.00924068 -0.00785176]
CGC-S1: OUTSET phase=dec graph=9 il=7 nrows=8 set=148ad2514eba6640 rows=[7d53641a5e2a15f6 87d67203942b8f0a 324b51a73a52f179 c70ae24feb40c887 8b7e2bb12925b934 88e40c02e14f57b5 27acb60df46f7212 0ea96b7b0c4e3be6]
CGC-S1: OUT phase=dec graph=9 il=8 ne=[2048 8 1] fnv1a64=50a65e19f3adbf73 vals=[0.0146292 0.015316 -0.0252255 0.0534974 0.0173214 0.0293749 -0.00826261 -0.00100565]
CGC-S1: OUTSET phase=dec graph=9 il=8 nrows=8 set=cb0b16e0d043e000 rows=[1461523854e40a34 67443cc4e8de1b44 4e222ed5ede27dce eea50301e516dcd8 64557fe4c9624a94 60a00c1403996af3 b9745305e03d3015 9eda378deb6b6e60]
CGC-S1: OUT phase=dec graph=9 il=9 ne=[2048 8 1] fnv1a64=65480c9a3081e27c vals=[0.0183698 0.035336 -0.0218481 0.0227779 0.0347796 0.0254131 -0.0550541 -0.0255271]
CGC-S1: OUTSET phase=dec graph=9 il=9 nrows=8 set=e40c4377212f7742 rows=[0b216649d45791e2 55edfa9c6b3b1d93 dd667ac23f5a3101 9ee4b64d389dee40 58138668aef50bbb 3b68707b5f5f23cf 6f4921f3a08b1b13 01005c17bca92658]
CGC-S1: OUT phase=dec graph=9 il=10 ne=[2048 8 1] fnv1a64=6e85aae9bcea6784 vals=[0.0198201 -0.0103238 -0.00730087 0.0169518 0.0198358 0.00164552 -0.0327445 -0.00421542]
CGC-S1: OUTSET phase=dec graph=9 il=10 nrows=8 set=afb8982fdaee756e rows=[57efcfbe92e4be27 a62081313d67ca0d d4f51b40aa52f20c 2e039950e71a6ccd 2664e49da1d33086 dbb4eed78cb7971f 827f163d106f9ed2 032b50b87c21d143]
CGC-S1: OUT phase=dec graph=9 il=11 ne=[2048 8 1] fnv1a64=be64e2a86fd01f35 vals=[0.0347644 -0.0260556 -0.00775421 -0.0142954 0.00846914 0.00726855 -0.0332416 -0.00702586]
CGC-S1: OUTSET phase=dec graph=9 il=11 nrows=8 set=3995bd5d344880cd rows=[60a53db93bdff52f 5d098a9673f0f7b9 52b28351e1784ed7 692b6c4136555490 6e8ccc4e2fbd499c 7ff9172858001707 d95bc979fb7ae824 56b2590db79c924c]
CGC-S1: OUT phase=dec graph=9 il=12 ne=[2048 8 1] fnv1a64=000a417a089e247e vals=[-0.0280355 0.0321116 0.0105168 -0.0303582 0.028567 0.0284804 0.0325189 0.0288512]
CGC-S1: OUTSET phase=dec graph=9 il=12 nrows=8 set=0d2c4670b8ace27b rows=[6971a4a4db9ffc09 311e2cd59c4dc87a 934ac30f15dd9365 d6ff823b9ce14210 048fc238f8d0f729 f4dcb20a2196c59e fe838762cf561fdc e697c2b4fb46c1e0]
CGC-S1: OUT phase=dec graph=9 il=13 ne=[2048 8 1] fnv1a64=16e49202031ed196 vals=[0.0131917 0.0138141 0.0255587 -0.00893242 -0.0259641 -0.0223026 -0.00648026 -0.00904977]
CGC-S1: OUTSET phase=dec graph=9 il=13 nrows=8 set=5381f64312149538 rows=[1edef6ab9630babe eb6b1a295228e48c 2caefe6fae658373 a1ce6ca56762ffc7 8ab135be1f70f690 c91be99c1d227697 f3a2106b2b5f4c74 a1dd16c4dfa5ecec]
CGC-S1: OUT phase=dec graph=9 il=14 ne=[2048 8 1] fnv1a64=28224dce3fa25191 vals=[-0.0480838 -0.0179363 0.0197815 0.0416003 -0.00276787 -0.0306868 -0.0136761 0.00530748]
CGC-S1: OUTSET phase=dec graph=9 il=14 nrows=8 set=241261b47aab2bda rows=[4ae0ba72491627eb 1d5fdbabc729e2cd 50caf54e701541e2 ec0c805b232ae5cb f3effb821eb4bf83 4d53f46333ba0773 54933ba7cecd790e af814e97930de80f]
CGC-S1: OUT phase=dec graph=9 il=15 ne=[2048 8 1] fnv1a64=2c339bbef6ce9fe2 vals=[0.00200377 -0.0516689 -0.0433411 0.0142734 -0.0183181 0.0618022 0.0053487 -0.0290174]
CGC-S1: OUTSET phase=dec graph=9 il=15 nrows=8 set=ad7e3aa396aa7592 rows=[346dd9a5522baed2 c68e54caaa6f160a e1b7a7f408cd7302 df6bb4b33f973629 2c93adfa089e7758 2830eacbd0192b2d a66956fbb48c9dfa 28a435c1d81c6e0d]
CGC-S1: OUT phase=dec graph=9 il=16 ne=[2048 8 1] fnv1a64=596faa8f31e91e00 vals=[0.0893032 0.00672138 -0.0285931 0.00219247 -0.0151686 0.0274829 -0.0180522 -0.0468402]
CGC-S1: OUTSET phase=dec graph=9 il=16 nrows=8 set=ac4f494d58af02dc rows=[98977e3f34f5ee30 220dfb410b09daa9 c80c223afd074a4c 67cdf5d21f43a459 efefad191a642eed 2762d9c04132fcea c3f4bf87d8beef7d 45813714dc0d2685]
CGC-S1: OUT phase=dec graph=9 il=17 ne=[2048 8 1] fnv1a64=f8cb49341d4f18a1 vals=[-0.0170149 0.0267793 -0.0338536 0.0499088 -0.0342039 -0.0268264 -0.0437852 -0.000554116]
CGC-S1: OUTSET phase=dec graph=9 il=17 nrows=8 set=21ca8611d2a4517e rows=[9c672c160bb8ddfa 3453d6613413871b 15426b75163620b5 1136170c54e7b10e f06fe4496147b069 ec6db5d0f2f50420 21a6fe115c5209e7 a080cde5fcb99026]
CGC-S1: OUT phase=dec graph=9 il=18 ne=[2048 8 1] fnv1a64=e4385ccb0fd690e0 vals=[-0.0687147 -0.0911279 -0.0897559 -0.0175157 -0.0464326 0.000153149 0.00888315 0.035007]
CGC-S1: OUTSET phase=dec graph=9 il=18 nrows=8 set=52f018064459e1ed rows=[548820164c5ff45c 5b132a75050d769a 8a9c07a4bd448c61 6c58ea39f3a049ed 820b3ec12c5d3f20 959dafc13a4149d6 9d2ead83d84ba8dc 0ca7b7de373ec3ab]
CGC-S1: OUT phase=dec graph=9 il=19 ne=[2048 8 1] fnv1a64=3b4cb8afe6effc4c vals=[0.0317161 -0.047471 -0.0197247 0.00846601 -0.0423118 0.0180791 -0.0573898 -0.0183135]
CGC-S1: OUTSET phase=dec graph=9 il=19 nrows=8 set=ea2233d46ac12a01 rows=[ff241b99b21cffaa 4d8239685c86f56e fc8a35cd9e8d8e28 04d37330d0e6f163 7d7b73fb5560ad37 aefeddfd204cc72d 089843fee1a7a287 1a0b1d0901f8cef1]
CGC-S1: OUT phase=dec graph=9 il=20 ne=[2048 8 1] fnv1a64=332ebe6c81c21e22 vals=[-0.0416217 -0.00871652 -0.0252347 -0.00456101 0.00915558 -0.0121888 0.00371219 0.0407172]
CGC-S1: OUTSET phase=dec graph=9 il=20 nrows=8 set=c4df92756e39806f rows=[fd5d53ea4db0b911 1926ade87c28e634 c42454e0c3be912d a19dda365de2d51f 45d16ad47f7b8b96 d837ab3850f8fa36 3293e30f6c6c08eb f845df699d7c3ef5]
CGC-S1: OUT phase=dec graph=9 il=21 ne=[2048 8 1] fnv1a64=1d7a3a41f640e750 vals=[0.00069472 0.0421607 -0.0482759 0.00625898 -0.0622589 0.0711867 -0.0872433 -0.111208]
CGC-S1: OUTSET phase=dec graph=9 il=21 nrows=8 set=032263a2e791f4b6 rows=[e35f5c442c8e47f0 55b439a7bcf580ec 97e7b5f1c88ea3af c7418e25ba9678ff 3d77effa054f8cf0 ab8d38b494cf3709 8ac7e94f4b962c49 92a61db3a7a9ce5f]
CGC-S1: OUT phase=dec graph=9 il=22 ne=[2048 8 1] fnv1a64=230e6379b62253bd vals=[0.0129347 0.020468 -0.00157998 -0.0193902 -0.0802051 0.0497195 0.0503591 0.0391118]
CGC-S1: OUTSET phase=dec graph=9 il=22 nrows=8 set=afdc55cd9c47aa30 rows=[5a9fd08ae043dd71 6293b33f44587b19 af015aff2901f0c3 49e9be439e4582b6 7572f16dea67ea0c 5525781d2cffb4d1 20c439fbf3bfb342 7b182e2584558fa8]
CGC-S1: OUT phase=dec graph=9 il=23 ne=[2048 8 1] fnv1a64=d1ead002ef08523c vals=[-0.0622523 0.0414391 -0.00527776 -0.0081252 -0.00858635 -0.0155497 0.018797 0.0157951]
CGC-S1: OUTSET phase=dec graph=9 il=23 nrows=8 set=a0168a218178e1d7 rows=[3f2986d368edd319 f8a92e528ee09c48 b26bae073b625cec 198c7e0d9f84fa3b 1b5035aa1e595efc 1451c601ec9e43f9 1a5b2fba317812dd 58882dda092d5fa1]
CGC-S1: OUT phase=dec graph=9 il=24 ne=[2048 8 1] fnv1a64=07bd9366f2f2ccb7 vals=[0.00505442 0.0098847 -0.0357522 -0.00649422 -0.0147124 0.0352065 -0.00596215 0.00178313]
CGC-S1: OUTSET phase=dec graph=9 il=24 nrows=8 set=1938e947be2bd446 rows=[b9b08752c61dc4f2 a1ba38c99c7ac15c 529e18ca88f38ad9 703b19e97b89dc66 72b53480661018f5 62bae71311855fb7 713370256835d911 eab493f5548a66f2]
CGC-S1: OUT phase=dec graph=9 il=25 ne=[2048 8 1] fnv1a64=4b4cfeed5a320388 vals=[-0.00744045 0.0144449 -0.0943177 -0.0256118 -0.0338453 -0.0236457 -0.0557313 -0.0142025]
CGC-S1: OUTSET phase=dec graph=9 il=25 nrows=8 set=f91fa8b1a7f2bd03 rows=[44843fae06fae0b0 0ea7c98ad6436cfe 13db17f7d6a1a418 068a73521a3d9dc7 d52788bd8dcb7d15 04ce11a4a8d89b04 b2f08f6b6828a075 aaaebb44e236ba9e]
CGC-S1: OUT phase=dec graph=9 il=26 ne=[2048 8 1] fnv1a64=a6da3add9c6294d4 vals=[-0.0553382 0.000542814 -0.0786836 -0.0762221 -0.142765 0.0696102 0.0078098 0.0188833]
CGC-S1: OUTSET phase=dec graph=9 il=26 nrows=8 set=4c8979c3c4c7ea4a rows=[fd40785f52df210b ceee98ec807bb28a 41e5f7418c279f57 111a54e9f4f4bad0 988d8fbf7dbf9350 d2ec2c70e2f114c0 f4e5d2bc22aac41a 06a234b6c8ca11f7]
CGC-S1: OUT phase=dec graph=9 il=27 ne=[2048 8 1] fnv1a64=2c2148ae92982fbd vals=[-0.101371 -0.0404161 -0.00111621 -0.0094453 0.0281304 0.110054 -0.0271089 0.00203438]
CGC-S1: OUTSET phase=dec graph=9 il=27 nrows=8 set=bde6f0da3f2e6451 rows=[9e6e681b36ae3aa4 77340add479ba5a8 39d651f70417356d c1879498172635cc d341c5f39ab1a282 6abf614bd69c9137 ac4862cac54d2482 5e73c25b76ad6974]
CGC-S1: OUT phase=dec graph=9 il=28 ne=[2048 8 1] fnv1a64=a59ccfa6470ab50e vals=[-0.0169476 0.0735227 0.0384302 -0.106409 0.084499 0.0142267 0.025389 -0.0197408]
CGC-S1: OUTSET phase=dec graph=9 il=28 nrows=8 set=0ac885e0f5c785c8 rows=[c5f84c28fbc9b614 4b5d4aa372ec5d62 f5bfe70039eb58bb 03269c5a4314a302 dceaa0f6130e3793 140f9853e4c26af7 69e41191dacc0b45 acbc588594d60cf7]
CGC-S1: OUT phase=dec graph=9 il=29 ne=[2048 8 1] fnv1a64=08bdb78ba882009f vals=[0.0510649 0.00918322 0.0979488 0.113325 -0.0634731 0.0603776 -0.0297852 -0.131514]
CGC-S1: OUTSET phase=dec graph=9 il=29 nrows=8 set=6d7e64fa8e750871 rows=[ad95e5fbf34ec0da 759d187ad7bdb877 7a50340ebbc24da8 a32427793d900f7f b6b866e75d2dcf41 51bd3f1f479d1883 e4fe40898b50496c 85f1a3f3912e5034]
CGC-S1: OUT phase=dec graph=9 il=30 ne=[2048 8 1] fnv1a64=7c5e3f9489593389 vals=[-0.0117959 0.0219143 -0.0226677 0.113781 -0.0597957 -0.023181 -0.0110326 0.0155946]
CGC-S1: OUTSET phase=dec graph=9 il=30 nrows=8 set=f048fd320474d6ec rows=[dfdebf9b63881d2f 6e8ed3a7384ac279 da683b49fce4ab27 8553b579df03d47d 77db954674dc20f2 20d85985c2cdfc04 199be86c6626e138 b0b8c59ac556ea0c]
CGC-S1: OUT phase=dec graph=9 il=31 ne=[2048 8 1] fnv1a64=c089d79bb901cfd2 vals=[0.174691 0.0419284 -0.0618794 0.0392557 -0.0598903 0.0575035 -0.0738592 0.0752955]
CGC-S1: OUTSET phase=dec graph=9 il=31 nrows=8 set=bbd26c44b7f75d58 rows=[13bbb1a65f686e40 b3d2e89ab8b4f87c f250bc5f96e9519f 7ef2b459d4f13e58 51be3e4f3823c814 4c05807d21fd7eed 8de378d328bfa946 6ce30b773e763f5d]
CGC-S1: OUT phase=dec graph=9 il=32 ne=[2048 8 1] fnv1a64=e68251cc4eddc943 vals=[-0.040837 0.0456982 -0.096599 0.0172726 0.0347599 0.115989 -0.264934 -0.145828]
CGC-S1: OUTSET phase=dec graph=9 il=32 nrows=8 set=85f61b92472e6140 rows=[2bf06bccc6e6c278 0433156f3cc33bcb 7bc1c3379e1ffb49 b4fcfbaf3d324eef b1ca6b454f9fcbdc dfdfa8942efc579a 88f562a865ed29bd 88929ee105c92bd2]
CGC-S1: OUT phase=dec graph=9 il=33 ne=[2048 8 1] fnv1a64=9c85a9179378d206 vals=[-0.031076 0.0768285 -0.0602801 -0.159637 0.0603759 -0.0923298 -0.0237223 -0.0919739]
CGC-S1: OUTSET phase=dec graph=9 il=33 nrows=8 set=aee87dab36d4cf90 rows=[d30dce7d1d69bc76 c4462c89848a5704 c68c7acce10182f7 42954c5e063253c2 81ebd5e03f51f901 13898c0f379b2f4b f52a9d4bcab2d6f5 06f852cb3054a91d]
CGC-S1: OUT phase=dec graph=9 il=34 ne=[2048 8 1] fnv1a64=d5bc3447a874d307 vals=[0.218592 -0.139724 -0.0990536 0.0606916 -0.181464 0.0834341 0.175334 0.0238424]
CGC-S1: OUTSET phase=dec graph=9 il=34 nrows=8 set=90c7eba29b95357f rows=[e0d59da033e28a57 d846936ca5ce7966 a659c39d0bb24fea 246bc80c0139b4dd 46a6ba91f47a0e1b adb93ef1bec9c192 7a26cf569d8331d0 2496f689ec1043b7]
CGC-S1: OUT phase=dec graph=9 il=35 ne=[2048 8 1] fnv1a64=1d0904b18f25659b vals=[0.0322995 -0.0785533 -0.144888 -0.0336525 0.0542099 -0.132369 -0.0594262 -0.0565974]
CGC-S1: OUTSET phase=dec graph=9 il=35 nrows=8 set=7c4fbb3be022094c rows=[047201a7e4f5b376 a6bbea4366cde4eb 991545736ef2d5ae cd20418b33f42e41 9c6042c611e01757 9d86d9a62a29efc1 ee74f09c5f30dd7e cbeec0d07eab1326]
CGC-S1: OUT phase=dec graph=9 il=36 ne=[2048 8 1] fnv1a64=6cef7dfeab016b2c vals=[0.342522 0.0788491 0.207461 0.445336 -0.458571 -0.287937 0.029345 -0.00519148]
CGC-S1: OUTSET phase=dec graph=9 il=36 nrows=8 set=d07246ccf1b66b77 rows=[d480d9be980ad02a c5258ecb5c51bb56 d128035dcdb4665c 8074a6bba89c8260 80eb86ede2edf63e dddedde0ce98f3c0 aa6bdc8fa98cfc9e 4b2e511c4eedc877]
CGC-S1: OUT phase=dec graph=9 il=37 ne=[2048 8 1] fnv1a64=d73c1161ea5d70ce vals=[0.0639977 0.411865 -0.0125476 0.00679954 -0.166796 0.0959613 -0.110041 0.389947]
CGC-S1: OUTSET phase=dec graph=9 il=37 nrows=8 set=4f02940b34506cb8 rows=[763a0f21ab2b4edf 50e75ad3c250a17a 7fd2bdc3bba258ca 9358c4f24d69eedc c8bd296bae830d32 ffa57a3382712a38 72a10b30660e460c 315d0f89daddb064]
CGC-S1: OUT phase=dec graph=9 il=38 ne=[2048 8 1] fnv1a64=61bba8de1d8f4399 vals=[-0.0347577 0.203445 0.14437 -0.0699539 -0.030048 -0.0809861 -0.124815 -0.0282517]
CGC-S1: OUTSET phase=dec graph=9 il=38 nrows=8 set=4afe070c15662b83 rows=[91fd15ccdd5a99a4 c04caf50e826d7be 2b754707ed1a213c bd36f8d61210c6cc 69d620a2b75f4bf3 d2d960ab515124ed 4f30feb437eb1959 f102e9f46dd6d57f]
CGC-S1: OUT phase=dec graph=9 il=39 ne=[2048 8 1] fnv1a64=b71002020f7de815 vals=[-0.393528 0.145416 -0.145226 -0.052226 -0.138654 -0.240422 -0.287826 -0.0250813]
CGC-S1: OUTSET phase=dec graph=9 il=39 nrows=8 set=7ff84a1fe1ba4484 rows=[4d18dedf77d81fa3 5f94da75bfc30f50 23d47fc2f572ae9f 23e8c1c12e88b59a 73bfac773047894b 784e0d0b19e4e344 0538fd4200fb43a2 d37854051548396d]
CGC-S1: OUT phase=dec graph=10 il=0 ne=[2048 8 1] fnv1a64=c8b3a0f34f7dc326 vals=[0.00679616 -0.00720132 0.0149537 0.000357649 0.011159 -0.00315237 -0.00963267 0.00373998]
CGC-S1: OUTSET phase=dec graph=10 il=0 nrows=8 set=6996d3f3ba1e1069 rows=[04f9cab8577eb4cb ee97bf0fa4ee33f9 4e8bd0b2f8a7dd8c 4f09af043e45c3e7 5c3ea3f49bf37f52 076c0266435f86b4 414fd395e81d45f0 4c8469a4215f510a]
CGC-S1: OUT phase=dec graph=10 il=1 ne=[2048 8 1] fnv1a64=1c127a62ea9e8372 vals=[0.00171751 -0.00301118 0.00461352 -0.0205399 -0.00794551 -0.00981098 -0.0118232 -0.00447617]
CGC-S1: OUTSET phase=dec graph=10 il=1 nrows=8 set=d56e0b00be5207a2 rows=[18b4917266cf2cb9 88615a65969f529d b243faa7af2db454 5aef2ff16f825607 d12f167fe8fd4337 baafcb1f3327d51d 2f6c65ab285a8418 f0e69d094d28763c]
CGC-S1: OUT phase=dec graph=10 il=2 ne=[2048 8 1] fnv1a64=a45bad20882787f7 vals=[0.010437 -0.0195265 -9.5156e-05 -0.0072357 0.000167043 -0.00274701 0.00775357 -0.00332785]
CGC-S1: OUTSET phase=dec graph=10 il=2 nrows=8 set=881932d5075135ed rows=[0a994245d3e2e119 78a0778a862b1c86 d8afdb6e13ebf5b2 89587344f1ca9a32 a8b87956e6fbc8a5 676a4a6bedad7e1d d9b61db9cfe4cc9c ccff603a6f9d7753]
CGC-S1: OUT phase=dec graph=10 il=3 ne=[2048 8 1] fnv1a64=60c13e19fe238703 vals=[0.0169566 -0.0222456 0.0183059 -0.0176154 -0.00579343 0.00198983 -0.0345542 0.0101399]
CGC-S1: OUTSET phase=dec graph=10 il=3 nrows=8 set=05dcb98087d27890 rows=[5fb337ac46e0541d 9c6b0eae72e05c4e 1dfe6ffb7f7f73d0 035e32561d75738b b38c45c88b6bd00e 11c34952ed150125 54a9186d5ec46352 62b84ef2e599e841]
CGC-S1: OUT phase=dec graph=10 il=4 ne=[2048 8 1] fnv1a64=16a129af8256f75b vals=[0.0302881 0.00228052 0.0157251 -0.00993375 0.0304969 -0.016951 0.0193337 0.00875101]
CGC-S1: OUTSET phase=dec graph=10 il=4 nrows=8 set=a96ac4394deec79f rows=[480aca5c8ccac11b 8947bcdf8e143041 cd1728f388726df3 2b720668c5bf7744 4c4797fb63b34c66 5109d0164fdabdd1 b9cec1790cbc4650 7cef5008d8f53236]
CGC-S1: OUT phase=dec graph=10 il=5 ne=[2048 8 1] fnv1a64=232301d61ad43e6b vals=[-0.0259255 0.0179726 -0.00939767 0.0368623 -0.0115059 0.00720077 0.0552375 -0.0077441]
CGC-S1: OUTSET phase=dec graph=10 il=5 nrows=8 set=8fa678bd77f26b63 rows=[f884e8e044d278d2 87f31d34750889c5 b6d6716bd81844c9 6b5258002a6d5f25 79e4635abace410d e23f66b098a9bdbb 1d78f92d1b8f500c 23f2702056c89205]
CGC-S1: OUT phase=dec graph=10 il=6 ne=[2048 8 1] fnv1a64=bdb01f756c0d125e vals=[0.0229409 -0.0262977 -0.0184674 -0.0162895 0.0337815 0.031213 -0.00492928 0.00935427]
CGC-S1: OUTSET phase=dec graph=10 il=6 nrows=8 set=4eb473c38525952d rows=[d5d52518b52d1675 dd8872dd1a5e9cfb ddb9b37099d9e3ef be6eb093b02ebdcb 3d5568097af92f54 30386bf4c0a0c702 9d5e6951326437a5 84a89068b36f291c]
CGC-S1: OUT phase=dec graph=10 il=7 ne=[2048 8 1] fnv1a64=3d6f5438f0cf31fe vals=[0.00768948 -0.0528841 0.0638576 -0.0335786 0.00753382 0.0106247 0.0154062 -0.024899]
CGC-S1: OUTSET phase=dec graph=10 il=7 nrows=8 set=1f3ea39c0428f2b1 rows=[28e29ad155df716f ca42b04d38908bbe b456dcd76b5a1b44 9f1be088a7846887 d52daead5af1a8a4 706cc194e4218450 8397578628f32ac4 45bb74c1c8130dfb]
CGC-S1: OUT phase=dec graph=10 il=8 ne=[2048 8 1] fnv1a64=d1c323db1e5c0082 vals=[0.0238134 -0.00404651 0.0176976 0.00825331 -0.0228557 -0.00535914 -0.0351546 -0.0270289]
CGC-S1: OUTSET phase=dec graph=10 il=8 nrows=8 set=dbca5b329fa7c7a5 rows=[b777c590c0f0ac76 c36f3c8d5ddf1845 783f14ca509e93b7 ba24514d8afa7203 32545211f2d6dc59 81d590c8dca07b04 411682058ccec80c 124d71d29380500f]
CGC-S1: OUT phase=dec graph=10 il=9 ne=[2048 8 1] fnv1a64=8f4f6b4e2c8b644d vals=[-0.00660154 0.0294548 -0.044805 -0.021034 -0.00310465 -0.0338469 0.0273462 0.00427205]
CGC-S1: OUTSET phase=dec graph=10 il=9 nrows=8 set=ff9fc79d46127aaa rows=[78b5440b10ba7257 5fe6ae36fbe642e7 101f7bc9d11b2417 60e8cc8f09d63fe9 f14c022d6f82bef6 dd1687f0ac322bf3 7821e2bb993a7546 ff6dc946196cc783]
CGC-S1: OUT phase=dec graph=10 il=10 ne=[2048 8 1] fnv1a64=3abff6c73305951a vals=[0.0542216 0.00952621 -0.0043072 -0.0266806 0.0572467 -0.00384087 -0.0799143 0.0541535]
CGC-S1: OUTSET phase=dec graph=10 il=10 nrows=8 set=c3f6d9abe23cda66 rows=[17e4cb59ee88e622 95487fdef0600c96 9b46617989887de0 9504ad006be50dd0 bccefaa32b325d91 dd999e028929c99f b7de99a21f78fd73 aca3f071ab9775bc]
CGC-S1: OUT phase=dec graph=10 il=11 ne=[2048 8 1] fnv1a64=dc07be2e21838a83 vals=[0.0180744 0.0224167 0.0257516 0.0681489 -0.0321599 0.0448507 -3.63924e-05 0.0283759]
CGC-S1: OUTSET phase=dec graph=10 il=11 nrows=8 set=b8daf9ef49ca874f rows=[acaa6532d3d2029d b847776a5ea5f271 6c9fb00a799baed3 1cb3c482c810ebeb e1ea78053eb11977 a196c9bd00c6492b 667280fe342384fd a5609a5bb1dfdf8d]
CGC-S1: OUT phase=dec graph=10 il=12 ne=[2048 8 1] fnv1a64=45b80950266954f4 vals=[0.00111397 -0.0336825 -0.133743 0.0144793 0.042307 -0.0131292 -0.0256704 0.0464863]
CGC-S1: OUTSET phase=dec graph=10 il=12 nrows=8 set=95cae0057b31b79a rows=[903b9b4437a9beeb 93798fadfdb120e9 926481aec3980fe3 83912d7009c9d4a1 98397ec829a0ec46 5c81d77ceafafb48 cf517333e721406b 2c3e3b3d4dd58fe6]
CGC-S1: OUT phase=dec graph=10 il=13 ne=[2048 8 1] fnv1a64=1a80c4dc6feee423 vals=[-0.0439211 -0.0463164 -0.032329 0.0181184 0.053112 0.00404588 -0.016602 -0.000515269]
CGC-S1: OUTSET phase=dec graph=10 il=13 nrows=8 set=9bee5f1d08af53bc rows=[6fc673911f3936ff 7025d94ebc58e120 60ed280870f25411 3bd385b5d32ef348 dff2cabfaf4fd7d0 c2944b0679d7c0bd 45379253f7ba3358 90333814b9fb30db]
CGC-S1: OUT phase=dec graph=10 il=14 ne=[2048 8 1] fnv1a64=ef1f5922a78a4237 vals=[-0.00272152 0.0195216 0.0193079 0.0160901 0.00441046 -0.0135457 0.021286 0.0071688]
CGC-S1: OUTSET phase=dec graph=10 il=14 nrows=8 set=d35c2d9a99f52dec rows=[cb2a77ae566b57a4 7869aa4cc5177cf4 4cfc5a694f7e804a 483b1cdbd836f727 51ae86f6b52e0b92 0636c36e510365b0 e6f07def7f1e8e9a d8e4c0ddfeb9f53d]
CGC-S1: OUT phase=dec graph=10 il=15 ne=[2048 8 1] fnv1a64=345e4d73d8ef765c vals=[-0.0161001 -0.0241838 -0.00483045 0.0226545 0.068762 -0.0330873 0.0271444 -0.0122239]
CGC-S1: OUTSET phase=dec graph=10 il=15 nrows=8 set=6766b6c541f3384b rows=[837087f0de38836f 21d02dcb3ebfaa27 f610b4329561f300 f546ca0295167bc3 9d4f1999c6eda6cb cd2ba87e9c1f441e 7662271a0d6c9aac 847e3acb5a65aaed]
CGC-S1: OUT phase=dec graph=10 il=16 ne=[2048 8 1] fnv1a64=bda66466051ffb68 vals=[-0.0466528 0.00978911 -0.0054111 -0.0110129 -0.0107499 0.0214652 -0.0262408 -0.0122052]
CGC-S1: OUTSET phase=dec graph=10 il=16 nrows=8 set=12cf84b2ea6bc92b rows=[51e89c32b5cd855e f8ffc57a0b350f6c 1ea7d378496bba62 18e3881827735ee0 d9ca69ffd18c823b e279683f7b2dd5dc 5bb1791a419482d6 cbf8e6fcde2f54b6]
CGC-S1: OUT phase=dec graph=10 il=17 ne=[2048 8 1] fnv1a64=22ac2a9103923edd vals=[0.0123158 0.0267598 -0.0125849 0.0350188 -0.0513778 -0.0239295 0.00408405 0.0427147]
CGC-S1: OUTSET phase=dec graph=10 il=17 nrows=8 set=9ae25910d221a612 rows=[c0905ccd764f7c11 3e841afd43956969 1a24449624872852 c54aded5b797f8a7 357be096d0b6bbd5 112ca6066de19463 b1b2e1b347c5fb77 5fe0817e6f4c9592]
CGC-S1: OUT phase=dec graph=10 il=18 ne=[2048 8 1] fnv1a64=737566037c2dd6a8 vals=[0.00942699 -0.0544699 -0.00471131 -0.0665975 0.00417033 0.00348526 -0.0229347 -0.0224373]
CGC-S1: OUTSET phase=dec graph=10 il=18 nrows=8 set=ab0c5c9c145efeb2 rows=[f3c72e450f4058fe 3d41710735fafc26 7d09faeb89ec13ed 9aa6286c6200ce33 03a73520f3273bf5 9b0e8ea7bb156a98 0d7882844b7dd85f b3914121d935bd3b]
CGC-S1: OUT phase=dec graph=10 il=19 ne=[2048 8 1] fnv1a64=e418a8f1ba0a2d80 vals=[-0.0594192 0.0456787 0.0276227 -0.0312249 -0.00377502 0.0156305 -0.0338305 0.0469869]
CGC-S1: OUTSET phase=dec graph=10 il=19 nrows=8 set=e25e9913084b529e rows=[674b5e15671e2fcf d75e4898fb40a5a7 fa61d630801f383b d9b6968424c0bd30 ce0bb523d9100dc8 d094ff14d41486b9 b78ead42217faf30 63775055b923583d]
CGC-S1: OUT phase=dec graph=10 il=20 ne=[2048 8 1] fnv1a64=5059df54e52da641 vals=[0.0203306 0.0128687 -0.0305598 0.0527125 0.05734 0.0265961 -0.00911907 -0.00371067]
CGC-S1: OUTSET phase=dec graph=10 il=20 nrows=8 set=349d2719ac36aba5 rows=[aae7ac6eb4395024 6ba76a9564774366 1b9c404c7072e3ec 64085e50b96f8e74 b6a1ba9743c00115 ff8e2067a13179a8 83828e79ae69874a acb109aa8cf27673]
CGC-S1: OUT phase=dec graph=10 il=21 ne=[2048 8 1] fnv1a64=3f170441b7b766a1 vals=[0.0130149 -0.0554776 -0.01107 0.0412955 0.0557133 -0.0127677 -0.00722242 -0.0219791]
CGC-S1: OUTSET phase=dec graph=10 il=21 nrows=8 set=ae497281e89c3e58 rows=[026b4eeb7d6205eb 89ed7875a060c7e4 1335695c3d99a0c0 5efcd6a394161d5f e0b587dfb54c7312 04e0a691c0644295 10c51ab579f5f128 58d126b1844a1ba1]
CGC-S1: OUT phase=dec graph=10 il=22 ne=[2048 8 1] fnv1a64=1f1afca2f06635ed vals=[0.0399804 0.0207291 -0.0136606 -0.0304979 0.0246537 -0.0106352 0.0584578 -0.0513626]
CGC-S1: OUTSET phase=dec graph=10 il=22 nrows=8 set=3f86fea438058c2e rows=[3101dee6cae15d95 9aba93a8526eb7d5 8a68a2f041a9d64b 9abd8a01217373cd 3f514a9721a9efbf 3697f94fd55c5703 0ad70d55af0d73ad 4a6f0340f5e103b9]
CGC-S1: OUT phase=dec graph=10 il=23 ne=[2048 8 1] fnv1a64=576aff199223834c vals=[0.0283106 -0.0348972 -0.02342 0.0289187 -0.0239599 -0.00470113 0.000535714 -0.0317965]
CGC-S1: OUTSET phase=dec graph=10 il=23 nrows=8 set=41fc6d9ce6a12d10 rows=[46437c1a8463dc7a 6a055247922645b3 2f6ffdf8fcc839ab dc268a99a7f234d7 4336d81baa604a5f 623e6aaf6a26ab3d fa34512a8bf0ebf0 27cbf20d6fea0c30]
CGC-S1: OUT phase=dec graph=10 il=24 ne=[2048 8 1] fnv1a64=f05c89888a2b4642 vals=[-0.0575191 0.0212081 -0.0439805 -0.0341642 -0.0307575 -0.0214408 0.0230856 0.0266821]
CGC-S1: OUTSET phase=dec graph=10 il=24 nrows=8 set=9275dbde1c5cf7bd rows=[44eb3cc619f995b3 658ffa4586d8fa7f 73cc41b7d27d08ab 4a63d704ef7c51bc 7c9da1ca9b684982 14fd010c69e68dfe 423eb4da734d8f0b d80dfc567e0e0a05]
CGC-S1: OUT phase=dec graph=10 il=25 ne=[2048 8 1] fnv1a64=bb438ad01aab134f vals=[-0.0208 0.0111146 -0.0291134 0.000969513 0.00383042 -0.00186057 0.0405716 -0.02451]
CGC-S1: OUTSET phase=dec graph=10 il=25 nrows=8 set=69ab477c410c6f8f rows=[0e24d2bbc6c9bd59 8200c53d3965e545 f019af083bc2f849 54788cfc62ef033a 465fc54a1f2687cc 7b3c3d165f465673 957659b31429ad87 cb05426788e2162b]
CGC-S1: OUT phase=dec graph=10 il=26 ne=[2048 8 1] fnv1a64=d8a959632df24e83 vals=[-0.0124312 -0.0501368 -0.0611305 -0.0597686 -0.0187584 0.000887675 0.0204074 -0.0565657]
CGC-S1: OUTSET phase=dec graph=10 il=26 nrows=8 set=fe0207276d8478b6 rows=[e0711594e5270b82 e6755eb1b4b8c82e 05ab1045dcaf1763 a8ba6f4aa8ed067c fb711cdf090bafb7 0a0412d396a966d1 09e86f6a58314826 d4261e34e1f6b587]
CGC-S1: OUT phase=dec graph=10 il=27 ne=[2048 8 1] fnv1a64=ded2ea8ac65f11ee vals=[-0.113867 0.133364 -0.0107942 -0.0372953 0.0887256 -0.0143272 -0.0778284 0.015923]
CGC-S1: OUTSET phase=dec graph=10 il=27 nrows=8 set=bc390a27ad202887 rows=[ebba36f10e7f93f2 b26c8db12a147b8b 17075ece5e93a7ef a17253b5f0738f12 1396e25a0bf2720e fd850795c1392dd8 eccb6896dd015be3 498d4f40d039bafc]
CGC-S1: OUT phase=dec graph=10 il=28 ne=[2048 8 1] fnv1a64=7a302f3700ce7b6f vals=[0.0103137 0.20466 -0.0105865 -0.036025 -0.0517934 -0.148242 -0.129236 -0.0827888]
CGC-S1: OUTSET phase=dec graph=10 il=28 nrows=8 set=8f22870947b02208 rows=[7daa00dcabd2588d af5e89694143a51d 98a2f9b6b0b04506 06c37bcb32a48fbe 1cbbfc3d85a6e93d ccf6908f3287f295 531989dda9bb6232 1dc275db870f964a]
CGC-S1: OUT phase=dec graph=10 il=29 ne=[2048 8 1] fnv1a64=9eb1d7ec415cf038 vals=[0.0332918 0.0355828 0.00238075 0.088361 0.0208654 0.0775431 -0.036402 0.0229536]
CGC-S1: OUTSET phase=dec graph=10 il=29 nrows=8 set=fdbac45a0be81db6 rows=[42c4cdecf8f5e601 3cc9cf0c23820287 346b44df4ef4e492 c071ac6c81d36aff c2be6e9831385e33 be423dbc1f726242 46623b5299b24e90 cc0b13662059448d]
CGC-S1: OUT phase=dec graph=10 il=30 ne=[2048 8 1] fnv1a64=47bd8a4da8d5ba1d vals=[-0.0663115 -0.0548704 -0.00656034 0.0885172 -0.0536118 0.0662999 -0.0183576 -0.0348034]
CGC-S1: OUTSET phase=dec graph=10 il=30 nrows=8 set=b4bdccef931e7d73 rows=[33c1b2a578cb37ca 28a4841be7f77692 18403031f28f6631 fe8403e88bac9a00 a7a5b815aaff867b 4bc3b882387ff1f2 7ed5dd9cbb6bb789 476079ddb336550b]
CGC-S1: OUT phase=dec graph=10 il=31 ne=[2048 8 1] fnv1a64=74c314753a94150a vals=[-0.110627 0.158238 -0.0028508 0.00587319 -0.0528525 0.0528259 0.00670002 -0.0336327]
CGC-S1: OUTSET phase=dec graph=10 il=31 nrows=8 set=5f15ad2592508b65 rows=[5f1829bc31c7f655 07c4f0bb53d42569 34e6330a623e72a2 64cb9e818e0d929e 932d3aec57c6f085 905d4f2808a03de0 fcfa4d6f2a0d429e 37ffa8b27f21387a]
CGC-S1: OUT phase=dec graph=10 il=32 ne=[2048 8 1] fnv1a64=83edab59ba8b69d1 vals=[-0.0740954 0.125611 -0.133686 0.0929387 0.0916802 -0.0238424 0.0741684 -0.14853]
CGC-S1: OUTSET phase=dec graph=10 il=32 nrows=8 set=94ef0b7b8eff39c9 rows=[0520107afb61c2a4 e34c315420ba5770 b4843e51a2d225d8 82741744d8c3284a 2097e162164c6dc6 4b3bbba08fa7dcd8 a61f17ba22b29ded 7c9bee37c82aef63]
CGC-S1: OUT phase=dec graph=10 il=33 ne=[2048 8 1] fnv1a64=fc8b9be41ebb3198 vals=[-0.0547238 0.0983549 -0.0332084 0.0353296 -0.0583701 0.0285115 -0.0936791 -0.105336]
CGC-S1: OUTSET phase=dec graph=10 il=33 nrows=8 set=a05f13db116943a7 rows=[68f9abf7f280978e 1520dc0adf097bdc c8118f6639cea39c a694054d1896750f c340c2ccf06343cf 74150a45c1cbd52c 9511eea0a778f63c 64837d445306f029]
CGC-S1: OUT phase=dec graph=10 il=34 ne=[2048 8 1] fnv1a64=0f388b56c1f61896 vals=[-0.0691225 0.0823063 0.0496998 -0.103615 0.119491 0.0995739 0.234168 -0.0101066]
CGC-S1: OUTSET phase=dec graph=10 il=34 nrows=8 set=dfcf916a6091219f rows=[e57cd0f05daab3e3 64927bb9d45e799c 5e85d4c54a89e97c 3f4e79b535b6d4c6 bec568cb83e49c4a 589d5d62a5c08e38 039409ec828d1a97 0e02da98479bd875]
CGC-S1: OUT phase=dec graph=10 il=35 ne=[2048 8 1] fnv1a64=875fc27450152490 vals=[-0.20899 0.181049 -0.0159577 -0.0291442 0.00168451 -0.0473001 -0.153805 0.00987828]
CGC-S1: OUTSET phase=dec graph=10 il=35 nrows=8 set=330e274c3998e2bf rows=[773e2d6a78ee76df dfe9338006df992c d56d6f6c4e484bea c64f79665663fab2 c7ac9c18a91eb4ad abfb911c29828d4e ad6c26032b6fccbb 7feecdfec5ab4898]
CGC-S1: OUT phase=dec graph=10 il=36 ne=[2048 8 1] fnv1a64=86049d8aa8faf953 vals=[-0.0287098 -0.296353 -0.191999 0.0727328 -0.0721694 0.181554 -0.116824 -0.257609]
CGC-S1: OUTSET phase=dec graph=10 il=36 nrows=8 set=3be8bd87dbb503fb rows=[2a38e3f9a4ab52a9 a54ae532f00ca942 3fdb675203b6d98a e341ffc9bb467e58 41799fbaa5bb2742 352b7bfdfa726dcc 76de9b923990f337 ae0bd2a3254d08d0]
CGC-S1: OUT phase=dec graph=10 il=37 ne=[2048 8 1] fnv1a64=de0d69a7175582f1 vals=[0.0623862 -0.128318 0.100573 0.0256244 -0.00878403 -0.111936 -0.132515 -0.22725]
CGC-S1: OUTSET phase=dec graph=10 il=37 nrows=8 set=47b272da3e06f6ba rows=[bcd4ab4e3d161bbc 5d3f1caf14c8efe8 5f711e395eded832 8935ea5740397f5a 56cc0d0b525e0ce1 42030447e0eaeef0 2c1969a2a19583f4 9b584342ceb8777b]
CGC-S1: OUT phase=dec graph=10 il=38 ne=[2048 8 1] fnv1a64=23c899d2e69d4905 vals=[-0.115368 -0.0492901 0.151156 -0.0837706 -0.0263981 0.140949 0.2305 0.129043]
CGC-S1: OUTSET phase=dec graph=10 il=38 nrows=8 set=3032b0ef9e2f6b45 rows=[b97950b9bcd371cc d0ee52b8f2f9731e 843e7fb1c4c2a25c 8bfe865adb5b5846 67af0efd1da5cc30 a0e1119b56f113ec a4f930acb415a710 5bbbb3826d534a7a]
CGC-S1: OUT phase=dec graph=10 il=39 ne=[2048 8 1] fnv1a64=afc23c62622f5742 vals=[0.0599887 -0.00064645 -0.234305 -0.126879 -0.0294528 0.167902 -0.165871 -0.0151448]
CGC-S1: OUTSET phase=dec graph=10 il=39 nrows=8 set=f711d83451d06735 rows=[55b984fb208eecd6 6cff38c1ad83dcda f3a1743403fe989f 9f921e5761a3ba0a d656d91af0667667 0f1b9cdba3a341fb 48af9b991b4977bc f68cb8c8ce5d0de4]
0.37.686.837 I slot process_toke: id  0 | task 0 | CGC-SCAFFOLD-DBG: n_decoded=12 resp=0 think=0 gt_len=61 head=[<think>

</think>

巴黎是法国首都，这一地位源于]
CGC-S1: OUT phase=dec graph=11 il=0 ne=[2048 8 1] fnv1a64=19e8d0eaeb607220 vals=[-0.00346128 0.0256066 0.0381419 -0.00336385 0.0108935 0.0112983 0.0248715 0.0396543]
CGC-S1: OUTSET phase=dec graph=11 il=0 nrows=8 set=6d084c24d9f3c611 rows=[841e0d46a1fcf16a 9e1b92842922da2b 72638866b1a07daa 28716e9169b2644f cc5fd901bbfad65f 63265506d506742c 17488e7f8e9b7667 9ca5dfd0592b22b3]
CGC-S1: OUT phase=dec graph=11 il=1 ne=[2048 8 1] fnv1a64=3954a98de32f81c6 vals=[-0.0186049 -0.00945212 -0.00122032 -0.00221514 0.0149272 -0.00718966 -0.0184864 0.00280833]
CGC-S1: OUTSET phase=dec graph=11 il=1 nrows=8 set=7565f000383aab6c rows=[7330b296b63ecb68 b2e1ba501e10e7a6 7a536c55dc2f466c 861bda1dab579ec2 3db7fa9aeb1ccb1e e0a30124ccac6e08 c46e563b61677fdb a292970dd678e390]
CGC-S1: OUT phase=dec graph=11 il=2 ne=[2048 8 1] fnv1a64=de0baee6a8f420fe vals=[-0.00443721 0.0109471 0.0101723 0.0102155 -0.0337099 -0.00960086 0.0148275 -0.000904608]
CGC-S1: OUTSET phase=dec graph=11 il=2 nrows=8 set=b9f25032dfaaf0cb rows=[6bf2236f27bdcce1 1c604fba57da739a 5da93294a77757be f090971949c4c752 ede7982bc6669136 d2dd7c8039ac72c8 0f0b81f03e4492ba 67be831d0d8eef9e]
CGC-S1: OUT phase=dec graph=11 il=3 ne=[2048 8 1] fnv1a64=4546a5c8651f652c vals=[0.00603395 -0.0102921 0.0109251 0.00391106 0.00122737 -0.00787254 0.0150524 0.00389041]
CGC-S1: OUTSET phase=dec graph=11 il=3 nrows=8 set=2657bc08da8bf2b6 rows=[56de0de7a3ae75f9 25d4b0f6ec7b5e7b a92336b35b690f5a 869d0eeccc8ec531 afafe16e98129ceb 7add26f6af453673 2d2852cc35f56c98 6730d6e00374351e]
CGC-S1: OUT phase=dec graph=11 il=4 ne=[2048 8 1] fnv1a64=5e81aef4f6f04b48 vals=[-0.0252874 -0.00182439 0.00411143 -0.000312411 -0.00721896 -5.51827e-05 -0.00019832 -0.00102618]
CGC-S1: OUTSET phase=dec graph=11 il=4 nrows=8 set=3411f5e78508fe30 rows=[206a98bd378b1a7c dd5745420d8577fc da8686deeedb3ecd 063362fb7c100eaf 13ded74c8f49e553 bc772c3f7bfa1f97 f73d8d72cbd3aff7 4a65af2b50731da2]
CGC-S1: OUT phase=dec graph=11 il=5 ne=[2048 8 1] fnv1a64=f63e4321460c43ae vals=[-0.0316759 0.00413335 -0.0316326 -0.00854395 -0.0451818 0.0207062 -0.0192456 -0.0192827]
CGC-S1: OUTSET phase=dec graph=11 il=5 nrows=8 set=fca7c3776cc2d4d0 rows=[f06665b61e208853 91d9a2ca937bafa5 84aac86ae650530e ac739a157a0871de 537cb34b505cb5ee d67d72dce510fd94 9728e63aafab4e2c c0839988f9885dc1]
CGC-S1: OUT phase=dec graph=11 il=6 ne=[2048 8 1] fnv1a64=f9e3c0d5006851d4 vals=[-0.0281891 -0.0111933 -0.0173278 0.0028016 0.002274 -0.0031409 0.000789202 0.0209993]
CGC-S1: OUTSET phase=dec graph=11 il=6 nrows=8 set=1153e04c4c07470a rows=[00077d8fb146e0a6 22e8d50bd1974574 6a79d6f1e37c8812 476715aac1456923 945ec1d08d52a401 b0f010e65ca2e36a d59512ff0967e954 2064a78f0dacb243]
CGC-S1: OUT phase=dec graph=11 il=7 ne=[2048 8 1] fnv1a64=eb369dcd1d1809eb vals=[0.0170857 -0.00782031 -0.0532862 -0.0152262 -0.0454033 0.0122645 -0.0413174 -0.0521489]
CGC-S1: OUTSET phase=dec graph=11 il=7 nrows=8 set=dd256077db901c09 rows=[78888aada34dfc72 0a700e0b16b976ad 0ddca24f0b124a87 7828e13545e0f1c3 aeb929d72698de42 a54bb4bb46023d0c 10ed73e9f7e8f3a0 6ae334bfd39bf099]
CGC-S1: OUT phase=dec graph=11 il=8 ne=[2048 8 1] fnv1a64=240a90a6bb821166 vals=[0.00270461 0.0207266 -0.0126567 -0.0672826 -0.0287284 -0.0462716 -0.0134233 -0.059998]
CGC-S1: OUTSET phase=dec graph=11 il=8 nrows=8 set=724b22ae6e8b349e rows=[1df15fe3e9c33ac1 fc211931e5861990 253adf72964f1563 05e8acfe1594b04b 31f8933b4d8b9a6c 71a14d64bf35279c 56b4374d16987f27 ab8e0b1fe6a3959f]
CGC-S1: OUT phase=dec graph=11 il=9 ne=[2048 8 1] fnv1a64=47dbcd392f98fb4a vals=[-0.0643385 0.00426502 0.0129233 -0.0320668 -0.00440308 -0.0395474 0.0147022 0.00809917]
CGC-S1: OUTSET phase=dec graph=11 il=9 nrows=8 set=d0bd60fd95285771 rows=[34ece1daf44f792f 20412d3f26b93f29 d635894b60479461 ebf36f50872cf7fb 3b9ebfabeef4af2b 55d5033eb9ed2dc9 82a6078a4d5be6a8 6e6b62d43e10388b]
CGC-S1: OUT phase=dec graph=11 il=10 ne=[2048 8 1] fnv1a64=9edb4fea2e74a891 vals=[-0.000952836 0.0242761 -0.000817629 0.022091 0.0256738 -0.0024805 -0.0235589 -0.0144682]
CGC-S1: OUTSET phase=dec graph=11 il=10 nrows=8 set=1363f27972603d80 rows=[4806a65dc05fe28f 0ba2efa911903c78 49f729db3f7400c0 7e00699098f18264 677055c75609edc6 86dcfd0cdcf73e62 9e5ee558d9c5a24d ef8304c4367701f0]
CGC-S1: OUT phase=dec graph=11 il=11 ne=[2048 8 1] fnv1a64=173325c3fe08c2fc vals=[-0.0452118 -0.0354962 0.030582 -0.0155416 -0.00469512 0.038962 -0.0211172 -0.0168417]
CGC-S1: OUTSET phase=dec graph=11 il=11 nrows=8 set=aec24551162d82c2 rows=[2c0788b4976d5bc7 93bd3887fc9cc03d 21cbc0003131032f 8ca4fd64c9627b3e ed4cd5fcf238f3af 59b384167d46c50a ea270f001ebbe953 41ea5c1c8afb5a16]
CGC-S1: OUT phase=dec graph=11 il=12 ne=[2048 8 1] fnv1a64=fad1dabdd175ae10 vals=[0.0133929 -0.0134045 0.0214845 0.0424673 -0.0340408 0.00133942 0.00862217 -0.021515]
CGC-S1: OUTSET phase=dec graph=11 il=12 nrows=8 set=5b1fbd55124eff78 rows=[468e708cbff08ece 341d8eb6d303b7e6 861ee39630f110b6 ca7d570a1c5b8b37 c631fb09694ae2ce d6924b6ec25e49dc 9f0191fc9261111a b74ce449df3be002]
CGC-S1: OUT phase=dec graph=11 il=13 ne=[2048 8 1] fnv1a64=6a16f8dbb2785a97 vals=[0.0221504 0.00653244 -0.0274839 -0.000305248 0.00992461 -0.0334033 -0.0131038 0.0111796]
CGC-S1: OUTSET phase=dec graph=11 il=13 nrows=8 set=8bbc2069f3328b37 rows=[94fc0f11f3b70210 de73737f1e1178a7 f21ce43b13f1819f 6d46c516014482b4 93f968983bb1d66b ba3eb94ccc5669eb 1ea0299478d0689a 2a6fabc832929276]
CGC-S1: OUT phase=dec graph=11 il=14 ne=[2048 8 1] fnv1a64=d66fc454b0014c6d vals=[-0.0335581 -0.0365913 -0.0894416 0.00859846 0.0332421 -0.0277834 0.00175407 0.0768525]
CGC-S1: OUTSET phase=dec graph=11 il=14 nrows=8 set=c5a173d8e146f001 rows=[55d09fe7df61ca6b 5cc507db9dab9c6d 31457537a7f06b82 ecf366fa05bb8e38 075f793c61ff9ec8 0e19ae259adfb70d 32c9ab0ce2e60636 738129ce13851345]
CGC-S1: OUT phase=dec graph=11 il=15 ne=[2048 8 1] fnv1a64=de855e4678bee134 vals=[0.0004995 0.0276924 -0.0154329 -0.0156424 0.0574996 0.0200776 0.000153012 -0.016449]
CGC-S1: OUTSET phase=dec graph=11 il=15 nrows=8 set=1b845b4af74e162b rows=[98eaea39fa694133 5404b7a43ff7fff4 875d1427f7368c01 9cb0e1dd0d5f19b4 edd530125ff21302 de771187fc15aef7 784fe84badbcec18 d0e2d273f0415480]
CGC-S1: OUT phase=dec graph=11 il=16 ne=[2048 8 1] fnv1a64=d58eb27f57dbaa87 vals=[-0.0178928 -0.0210656 0.0392683 0.0177723 -0.0125816 -0.0110436 0.0153569 -0.0294091]
CGC-S1: OUTSET phase=dec graph=11 il=16 nrows=8 set=3130a5d449435bd3 rows=[6f1af293a0fee17e 23184b15d4d611a3 8260f921d8cf35af a5ce340f094f5d70 2455d6d45ea9f219 9d15887c75602d01 b8bd203fb855c210 4231509dcc6c0f2e]
CGC-S1: OUT phase=dec graph=11 il=17 ne=[2048 8 1] fnv1a64=6792cfb033f2678d vals=[-0.0235442 -0.0131713 0.00516752 -0.0564484 0.00824843 -0.0229136 0.00527968 0.0409734]
CGC-S1: OUTSET phase=dec graph=11 il=17 nrows=8 set=3c93f742e0cc9702 rows=[4890e89b60d21637 48e39f462035de46 97663e2685628161 30e08c92713a3582 6d4873b62f07a995 f89c0ae6245b8a57 a2df4775c3ae0969 4f8a5675abdd15df]
CGC-S1: OUT phase=dec graph=11 il=18 ne=[2048 8 1] fnv1a64=531bb631391642d8 vals=[0.0396247 -0.023139 -0.0459475 -0.0460388 0.0053745 -0.0146535 0.0128808 0.0443779]
CGC-S1: OUTSET phase=dec graph=11 il=18 nrows=8 set=212f384b2b704e17 rows=[f8822eb003932e4a 311caf08aa2039e1 2d5124d74229de2d a30fd1bb091532dc 8d8e5a6de0fe9c26 678ff2900a8003e8 f6bfc76fc5f65ab4 8b439e6c2357f97f]
CGC-S1: OUT phase=dec graph=11 il=19 ne=[2048 8 1] fnv1a64=b2849c09d296a307 vals=[0.0281654 0.00896498 -0.106122 0.00715161 0.0374451 -0.00203935 -0.0528188 0.0450982]
CGC-S1: OUTSET phase=dec graph=11 il=19 nrows=8 set=1b378a135d1fd227 rows=[4c77bcbc55f5726e fbe628907fb5226c 413019ffbf9b7d68 afb30223673917ed 2abda5fac20283f8 209251ed3eaf04ad eef38d9f19e52461 d0b66f575bae3ca3]
CGC-S1: OUT phase=dec graph=11 il=20 ne=[2048 8 1] fnv1a64=1244d0ddd0067c06 vals=[-0.00696373 0.0179553 0.00819062 0.0340313 -0.020613 -0.00215944 0.00579353 -0.0124327]
CGC-S1: OUTSET phase=dec graph=11 il=20 nrows=8 set=b9437435ebc748f9 rows=[b8d7e384116b3001 39fa7b5ac78454dc dbcc09715cec0edb 55f1e33812e05c1d fb70b2f3b96fbd27 3c302d6620ba762c 81040a518ea7e0f3 f8320da8dbd49be6]
CGC-S1: OUT phase=dec graph=11 il=21 ne=[2048 8 1] fnv1a64=af20fc6fc6c66887 vals=[-0.024256 -0.0621381 -0.0113176 -0.0505333 -0.0747104 -0.0269254 -0.0432687 0.0566173]
CGC-S1: OUTSET phase=dec graph=11 il=21 nrows=8 set=4e50d6414bee0d1d rows=[7a1f015888410126 79a7997987a9296b 98ee98016efcc171 2f9ed57146c7b5b6 5b83dc780a9f5067 5caf7969c688471f 45b64e258a938c21 8abb31fb9eb98aab]
CGC-S1: OUT phase=dec graph=11 il=22 ne=[2048 8 1] fnv1a64=7eed10034331e420 vals=[0.000334326 -0.00497475 0.0279019 0.00371974 0.023408 0.0235908 -0.0402048 0.00396972]
CGC-S1: OUTSET phase=dec graph=11 il=22 nrows=8 set=95eda5ecee7300c6 rows=[3edc03569171403f 508f961064929b49 4ac2320178f4f49f b67b315343de58cd be6f36ec5d9f932c c432e53fbefa6733 91e066ac7bccf293 6a857c28f4db5b8f]
CGC-S1: OUT phase=dec graph=11 il=23 ne=[2048 8 1] fnv1a64=85ea309cec363c52 vals=[-0.00966106 -0.0353798 -0.0615052 -0.0198633 0.0449749 0.0185882 -0.0301084 0.013099]
CGC-S1: OUTSET phase=dec graph=11 il=23 nrows=8 set=2806546b408efcc4 rows=[3637f566711bff99 898954aaa770b1fe fd117f2bd7eb0b00 1dbb83e43c58d484 a2d40009bcd88395 106415893ae7cf0f 4ff56632319bcf59 27ae1ebc463d90d1]
CGC-S1: OUT phase=dec graph=11 il=24 ne=[2048 8 1] fnv1a64=a0a98f6ca4097ab4 vals=[0.031795 0.05672 -0.0292345 0.0484163 0.0541872 0.00872378 0.0237988 0.0107278]
CGC-S1: OUTSET phase=dec graph=11 il=24 nrows=8 set=94b74550d4a060e3 rows=[55b50e00395a08e3 d209b1d8174b2a0c 85779af35330ca27 785bc3dfbe5c1772 9c90e0a41c765b1c ab474840af995421 c6db3517bbc8a265 0057629444180095]
CGC-S1: OUT phase=dec graph=11 il=25 ne=[2048 8 1] fnv1a64=0cb7663a37e0744b vals=[-0.00372371 0.0564442 -0.00134602 0.00956885 0.00892624 -0.00566695 -0.0101495 0.0094883]
CGC-S1: OUTSET phase=dec graph=11 il=25 nrows=8 set=34a11ae8ef81fd3a rows=[61cdfafdc2c158c1 4416dc5bc4d8ea58 ad583dbdc052acc4 66fcf8da2481f0cf 4a138ddb616f840c b3fb30125fbaadab b1b2a17cff6d130a 733841f70eb4ed33]
CGC-S1: OUT phase=dec graph=11 il=26 ne=[2048 8 1] fnv1a64=483023e57a3a9596 vals=[-0.0266365 0.0254083 -0.0587695 0.00167611 -0.0542592 0.00402626 0.023033 0.00669002]
CGC-S1: OUTSET phase=dec graph=11 il=26 nrows=8 set=e89da24d4d5fa24d rows=[a62e61a1e5e8d040 9407147bd0f02684 7f2e7be0ef5d0628 02ee9c1a53c073fa a26da65926d9f02a 01b050974fad60ad dc04a0ad09710705 548b9f0322f418d5]
CGC-S1: OUT phase=dec graph=11 il=27 ne=[2048 8 1] fnv1a64=474e402862c8a72b vals=[-0.018163 0.0157277 0.0533609 -0.022585 0.0403795 0.0175268 0.0482642 -0.0243968]
CGC-S1: OUTSET phase=dec graph=11 il=27 nrows=8 set=731e3d576db19fc3 rows=[f9a0bd01be1ac9c9 8f4780abe8c68cb4 a5464fa2ca80e675 ec629d757f905ae8 2be952a4ee4bdb14 52926361338298e8 7118d0ff89dbae29 fa7a83fd222b36fd]
CGC-S1: OUT phase=dec graph=11 il=28 ne=[2048 8 1] fnv1a64=2714e0a3f06111e4 vals=[0.0197416 -0.149889 0.0669313 0.116232 0.032244 0.0696474 0.042396 -0.143772]
CGC-S1: OUTSET phase=dec graph=11 il=28 nrows=8 set=e723154f6d7aa65f rows=[26c00bb22e6f1357 4d99e53b8a423fa3 11fa15475fa63239 0db71dea6b62f208 9f8bddd866de4dfd 5931f5537ffabc63 d534a2f94c0ade99 a2ee5f45de647089]
CGC-S1: OUT phase=dec graph=11 il=29 ne=[2048 8 1] fnv1a64=325da21cc16a48fd vals=[-0.026441 0.00226949 -0.0159481 -0.0325442 0.0235591 0.023415 -0.0400342 0.0233268]
CGC-S1: OUTSET phase=dec graph=11 il=29 nrows=8 set=62cf92f137ca8cbd rows=[fb00e09bc50a94be 71024ef11c5bc5ca 58ec4ef824c24391 59508c4c1394e613 34d058b9c1ed3cf6 00a3c07d4855f335 571cfc0bcca1d752 711fe7e142387fb1]
CGC-S1: OUT phase=dec graph=11 il=30 ne=[2048 8 1] fnv1a64=4471d4c0be96dce9 vals=[0.0306523 0.00897361 -0.0394354 -0.109017 0.0112635 -0.0510425 -0.0409476 0.160754]
CGC-S1: OUTSET phase=dec graph=11 il=30 nrows=8 set=5c0d17b790177269 rows=[c855bdb19537ef07 90dcaa588576ccc1 bebd2c5046efecc7 8d75d05253b12ec6 2034f7f3003055c6 af9047ab6a944c52 c8c3e6b10ec68040 c85eeb1e09280d79]
CGC-S1: OUT phase=dec graph=11 il=31 ne=[2048 8 1] fnv1a64=e7b25b6861ee742c vals=[-0.0526875 -0.0517253 -0.162476 -0.106631 -0.0748661 -0.116963 -0.272597 0.100019]
CGC-S1: OUTSET phase=dec graph=11 il=31 nrows=8 set=3feafe48687d991a rows=[8aa3582947f0b1ff 84217fd894fe81ca 9b5cc118e2790c3d 5a73b99a39d78fcb eb7a54dae359bad6 c56aa3336b399a78 1d4c462ac3afd235 60d30cc3136a1de7]
CGC-S1: OUT phase=dec graph=11 il=32 ne=[2048 8 1] fnv1a64=c2786b86edc1f530 vals=[-0.0293874 0.151939 0.114901 0.0896606 -0.112954 0.0133592 -0.0783021 -0.175692]
CGC-S1: OUTSET phase=dec graph=11 il=32 nrows=8 set=b2621cea54b329be rows=[60d336796df61899 e15fcb498866ab64 036abe8a9adb5981 6fdd7e7b07936c49 e66c21dcad2f5fe1 c420cf33c2177c27 49e49d7af745b87a 4ad4422940ff2bd2]
CGC-S1: OUT phase=dec graph=11 il=33 ne=[2048 8 1] fnv1a64=70bd7360067ea484 vals=[-0.268884 -0.0922592 0.0245926 0.0818286 -0.24839 -0.0328451 0.308835 0.368427]
CGC-S1: OUTSET phase=dec graph=11 il=33 nrows=8 set=5b032c020bcc58f5 rows=[a578bb5a6f08d0a3 aa8ca3d2ef7b90ea 976b205e635c84e6 82000c3eaa3731ed 7d7c2157f66916c3 d221ceebe389f68a 1304ec3ef1121e30 21fe0d1ffb68fa74]
CGC-S1: OUT phase=dec graph=11 il=34 ne=[2048 8 1] fnv1a64=8016ce24fc608430 vals=[0.0205723 -0.0033425 0.02037 0.0566631 -0.0503466 -0.194944 -0.0680362 0.069774]
CGC-S1: OUTSET phase=dec graph=11 il=34 nrows=8 set=86123b04165c2376 rows=[baf57fd110074d64 dc4a48873d58f5ec e963a6077f4e14ca 1e564d1cb175a1dd f383bd63c6863ddb 2158ee8a62176ef5 b31a5a83a70531a6 9a1d1f73c9dcbab8]
CGC-S1: OUT phase=dec graph=11 il=35 ne=[2048 8 1] fnv1a64=9ede7b588a028f19 vals=[-0.147296 -0.0545989 0.0270628 -0.131314 -0.160999 -0.0231524 0.103624 0.0373752]
CGC-S1: OUTSET phase=dec graph=11 il=35 nrows=8 set=ced8fbd512ad55a6 rows=[b05673c2e2905454 07516a4485e74e85 19aa2871f50a2828 813446ed9e85362e 29bf053f987d945b 084e8e772a97ce91 5714a94793a85636 8747d04ebe01a8cd]
CGC-S1: OUT phase=dec graph=11 il=36 ne=[2048 8 1] fnv1a64=011ad90b7485bfab vals=[0.0147556 -0.144598 0.000529271 -0.219952 -0.0398136 -0.00388176 0.0869408 -0.0828643]
CGC-S1: OUTSET phase=dec graph=11 il=36 nrows=8 set=54385e177e1c695d rows=[284ec654a7fc60f6 8ea8dd9e7a9373a6 96d585cb9fd823b3 495a4f64c4d56174 83a3a47f12404760 f5f481214e1d23ce 5ff1436bdd384d56 7b5524a37cc37eb3]
CGC-S1: OUT phase=dec graph=11 il=37 ne=[2048 8 1] fnv1a64=33147f66b969d263 vals=[0.269908 -0.204797 -0.177164 -0.101584 -0.207655 -0.135035 0.0546954 -0.261539]
CGC-S1: OUTSET phase=dec graph=11 il=37 nrows=8 set=60554da3a509061b rows=[ca0e74e167749ed3 b512820d74efe3aa 2bc2a0f7c16e294f bd8488c2e8f0cd4f 86eac1abd8a3fe8b b83dee080246852c 818bb8c32cea9c5a 9b6b77843b61179c]
CGC-S1: OUT phase=dec graph=11 il=38 ne=[2048 8 1] fnv1a64=59250707a55cc00d vals=[0.195068 -0.305577 0.230251 0.0234656 0.0339263 0.298537 0.225819 0.109164]
CGC-S1: OUTSET phase=dec graph=11 il=38 nrows=8 set=8fabfb9159c0f469 rows=[f9c08f43911ab92a 6e0b8bcc2839119b c7d3cface5d42d82 5d0c4c5f7da429fb 1acfac601bdbf5eb 33852f5e3e03c04d bd6bb06557d01d99 746ac2f547ba47d1]
CGC-S1: OUT phase=dec graph=11 il=39 ne=[2048 8 1] fnv1a64=48f826a0b8dfb932 vals=[0.0901108 -0.0107599 0.180449 -0.184418 0.0590256 -0.119592 -0.0210711 -0.0808695]
CGC-S1: OUTSET phase=dec graph=11 il=39 nrows=8 set=8b27597713ec1d98 rows=[8411d82845d14769 7648fdad19b76014 66aa8cdabbccd18b f09dba93df3b6c53 e4f1f0893a209ef6 02f316700404b17f 6864ec859af54738 14ee40842963d171]
CGC-SEG: wait 7114.1 cb 6628.2 submit 276.1 us (1760)
CGC-GPUTIME: step=44 segs=40 bufs=350 skipped=10 wait=122.67 gpu_busy_sum=157.14 (128%) gpu_union=117.42 (96%) gap=57.88 (47%) ms
0.38.394.533 I slot process_toke: id  0 | task 0 | CGC-SCAFFOLD-DBG: n_decoded=16 resp=0 think=0 gt_len=79 head=[<think>

</think>

巴黎是法国首都，这一地位源于其历史、政治]
CGC-SEG: wait 6701.5 cb 6143.5 submit 270.1 us (1920)
CGC-DECPROF: step=48 segs=41 layers=40 total=107.42 ms | wait=68.95 (64%) cb=29.32 (27%) submit=9.15 (9%) ntok=1
CGC-DECPROF top1: L28 wait=2.79 cb=1.42 submit=0.26 ms n=1
CGC-DECPROF top2: L10 wait=3.00 cb=1.08 submit=0.28 ms n=1
CGC-DECPROF top3: L13 wait=1.47 cb=2.56 submit=0.18 ms n=1
CGC-DECPROF top4: L36 wait=1.80 cb=1.94 submit=0.23 ms n=1
CGC-DECPROF top5: L27 wait=1.28 cb=2.31 submit=0.20 ms n=1
CGC-DECPROF top6: L0 wait=1.36 cb=2.02 submit=0.20 ms n=1
CGC-DECPROF top7: L1 wait=1.78 cb=1.37 submit=0.25 ms n=1
CGC-DECPROF top8: L15 wait=1.21 cb=1.92 submit=0.21 ms n=1
CGC-GPUTIME: step=48 segs=40 bufs=353 skipped=7 wait=68.95 gpu_busy_sum=83.17 (121%) gpu_union=63.84 (93%) gap=42.26 (61%) ms
0.38.898.641 I slot process_toke: id  0 | task 0 | CGC-SCAFFOLD-DBG: n_decoded=20 resp=0 think=0 gt_len=103 head=[<think>

</think>

巴黎是法国首都，这一地位源于其历史、政治�]
CGC-SEG: wait 6417.7 cb 5723.0 submit 267.5 us (2080)
CGC-GPUTIME: step=52 segs=40 bufs=353 skipped=7 wait=120.02 gpu_busy_sum=156.99 (131%) gpu_union=116.87 (97%) gap=39.89 (33%) ms
0.39.645.745 I slot process_toke: id  0 | task 0 | CGC-SCAFFOLD-DBG: n_decoded=24 resp=0 think=0 gt_len=118 head=[<think>

</think>

巴黎是法国首都，这一地位源于其历史、政治�]
0.39.645.753 I slot print_timing: id  0 | task 0 | prompt eval time =   21641.12 ms /   208 tokens (  104.04 ms per token,     9.61 tokens per second)
0.39.645.755 I slot print_timing: id  0 | task 0 |        eval time =    4193.96 ms /    24 tokens (  174.75 ms per token,     5.72 tokens per second)
0.39.645.755 I slot print_timing: id  0 | task 0 |       total time =   25835.08 ms /   232 tokens
0.39.645.756 I slot print_timing: id  0 | task 0 |    graphs reused =         44
0.39.647.297 I slot      release: id  0 | task 0 | stop processing: n_tokens = 231, truncated = 0
[CGC] Received SIGINT — initiating graceful shutdown (expert cache + Metal buffers will be freed). Do NOT use kill -9; it leaks GPU memory.
0.39.845.687 I srv    operator(): operator(): cleaning up before exit...
llama_expert_cache: final stats: runtime requests=80920 hits=67283 misses=13637 (hit rate 83.1%)  prewarm req=0 hit=0 miss=0  resident=6197.04 MiB file_reads=38163 pread_usec=83536473 fill_batch_usec=0 fill_wait_us=0 prefetch=0/0
llama_expert_cache: blocker-B stats: batch_evict_batches=1662 adopted_queued=0 batch_invariant_checks=0 batch_invariant_violations=0
llama_expert_cache: pool integrity: owner-set slots=5720 zero-regions=0 zero-prefix-only=4 (probe<=4KiB, full stride on zero, 68.3 MiB scanned)
llama_expert_cache:   zero-PREFIX only (not a defect; the file row starts with zeros): first layer=0 slot=120 kind=0 owner_expert=205
llama_expert_cache:   layer=0 zero-prefix=2 of 143 resident slots
llama_expert_cache:   layer=1 zero-prefix=2 of 143 resident slots
llama_expert_cache: miss attribution: compulsory=8648 capacity=4989 (63.4% / 36.6% of 13637)  evictions=13637  layers_distinct_over_slots=40  worst=layer 2 distinct=247 slots=143
llama_expert_cache: read shape: jobs=38163 bytes=15469600768 (0.39 MiB/job as one contiguous run)  us/job=2189  effective_rate=185 MiB/s  total_bytes=14.41 GiB
llama_expert_cache: decode/pool (ensure_slot+batch) hits=67283/80920 (83.1%)  gather (ensure) hits=0/0
llama_expert_cache: verify-strict: refused=0  zero_mapped_selected=0
